file,session_time,%tcp_protocol,%udp_protocol,ul_data_volume,max_ul_volume,min_ul_volume,avg_ul_volume,std_ul_volume,%ul_volume,dl_data_volume,max_dl_volume,min_dl_volume,avg_dl_volume,std_dl_volume,%dl_volume,nb_uplink_packet,nb_downlink_packet,%ul_packet,%dl_packet,kB/s,nb_packet/s,avg_handshake_time,avg_app_response_time,avg_data_transfer_time,output
100,40.93779421,99.97719628,0.022803717,643812,471,54,54.1382442,6.176249175,1.64267889,38548997,45314,60,1662.311212,1453.827563,98.35732111,11892,23190,33.89772533,66.10227467,957.3747135,856.9587267,0,0,0,1
108,5.891489267,99.95988769,0.040112314,188756,471,54,54.24022989,8.253896583,1.791215532,10349116,8814,60,1594.133703,597.6827035,98.20878447,3480,6492,34.8977136,65.1022864,1788.660137,1692.611078,0,0,0,1
1658829216,3.412766933,99.8572652,0.142734799,77133,471,54,55.21331424,18.69688144,2.276790656,3310662,7354,60,1571.268154,562.6536888,97.72320934,1397,2107,39.86872146,60.13127854,992.6827897,1026.732873,0,0,0,1
1658829442,6.681456804,99.92451406,0.075485941,203519,471,54,54.4896921,12.1300681,1.804737317,11073413,33634,60,1613.494536,897.3499382,98.19526268,3735,6863,35.24249858,64.75750142,1687.795391,1586.181025,0,0,0,1
1658830044,5.280130148,99.79466119,0.205338809,88118,471,54,55.00499376,16.54392371,2.262852224,3805994,30714,60,1659.108108,1342.876882,97.73714778,1602,2294,41.11909651,58.88090349,737.5030332,737.8606002,0,0,0,1
1658831902,6.628746986,99.9230103,0.076989703,197522,471,54,54.44377067,11.00291373,1.796980063,10794364,8814,60,1596.091084,618.7709789,98.20301994,3628,6763,34.91483014,65.08516986,1658.214746,1567.566242,0,0,0,1
1658831939,32.69368982,99.97330575,0.026694251,551347,471,54,54.16514392,6.796261623,1.48188108,36654540,64294,60,1852.174836,2222.261099,98.51811892,10179,19790,33.96509727,66.03490273,1138.014314,916.6600699,0,0,0,1
1658832029,6.888570309,99.95413686,0.045863144,208183,471,54,54.4269281,10.96530553,1.803877701,11332677,11734,60,1601.112885,634.1669423,98.1961223,3825,7078,35.0820875,64.9179125,1675.363607,1582.766744,0,0,0,1
1658832070,4.871716976,99.92344205,0.076557954,128875,471,54,54.77050574,15.36918234,1.886143523,6703850,8814,60,1604.17564,673.9818836,98.11385648,2353,4179,36.02265769,63.97734231,1402.529136,1340.800386,0,0,0,1
1658832093,14.121387,99.96513857,0.034861426,426579,471,54,54.21006481,7.624477637,1.557612936,26960135,61374,60,1787.925923,1913.075879,98.44238706,7869,15079,34.29056998,65.70943002,1939.378475,1625.052836,0,0,0,1
1658929810,9.881006241,99.95532523,0.044674768,219497,471,54,54.41175012,10.82607219,1.772786555,12161971,62834,60,1698.836569,1625.556468,98.22721345,4034,7159,36.04038238,63.95961762,1253.057401,1132.779368,0,0,0,1
1658930308,6.477642775,99.94031989,0.059680115,161305,471,54,54.53177823,12.12451621,1.83522928,8628060,8814,60,1591.599336,540.5605017,98.16477072,2958,5421,35.30254207,64.69745793,1356.877078,1293.526101,0,0,0,1
1658930344,18.33210683,99.87646695,0.123533045,136801,471,54,54.65481422,13.30253877,2.097658154,6384805,7354,60,1607.04883,593.9634426,97.90234185,2503,3973,38.65040148,61.34959852,355.7477633,353.2599968,0,0,0,1
1658930384,8.34351182,99.93425378,0.06574622,238613,471,54,54.36614263,9.99152568,1.839445082,12733397,59914,60,1636.893817,1225.858982,98.16055492,4389,7779,36.07001972,63.92998028,1554.742209,1458.378709,0,0,0,1
1658930416,12.21044326,99.92670771,0.07329229,134510,471,54,54.67886179,13.92082855,1.84578153,7152918,29254,60,1639.449461,1036.752479,98.15421847,2460,4363,36.05452147,63.94547853,596.8192838,558.7839733,0,0,0,1
1658930651,6.743877888,99.9159399,0.084060103,189963,471,54,54.47748781,11.51551104,1.739295322,10731874,59914,60,1779.746932,1837.799425,98.26070468,3487,6030,36.63969738,63.36030262,1619.518796,1411.205861,0,0,0,1
1658933263,7.30016613,99.78058146,0.219418541,75595,471,54,55.21913806,18.3937652,2.025175996,3657167,8814,60,1606.133948,570.8595853,97.974824,1369,2277,37.54799781,62.45200219,511.3256238,499.4406888,0,0,0,1
1658933281,14.02115822,99.58974359,0.41025641,46641,471,54,56.05889423,24.09088573,2.416563259,1883414,17574,60,1684.627907,1057.834033,97.58343674,832,1118,42.66666667,57.33333333,137.6530362,139.0755293,0,0,0,1
1658934149,5.949880123,99.94297445,0.057025547,169913,471,54,54.58175394,13.35042151,1.845306909,9037932,8814,60,1597.937058,634.1754124,98.15469309,3113,5656,35.50005702,64.49994298,1547.568154,1473.811206,0,0,0,1
1658934491,4.340642929,99.90776609,0.092233905,112757,471,54,54.84289883,15.73234547,2.03733724,5421771,8814,60,1610.745989,657.6476065,97.96266276,2056,3366,37.91958687,62.08041313,1275.04798,1249.12371,0,0,0,1
1658998716,6.976267815,99.92165312,0.078346881,192967,471,54,54.46429579,11.315246,1.779480264,10651042,8814,60,1597.336833,633.2788647,98.22051974,3543,6668,34.69787484,65.30212516,1554.414092,1463.676606,0,0,0,1
1658998734,5.994484186,99.90932173,0.090678273,112919,471,54,54.89499271,16.6976914,1.998243116,5537995,8814,60,1601.502313,614.6043264,98.00175688,2057,3458,37.29827743,62.70172257,942.6856131,920.0124362,0,0,0,1
1658998750,6.148429155,99.94094721,0.059052793,171450,471,54,54.51510334,12.01578072,1.739477329,9684959,51154,60,1819.455007,2082.547735,98.26052267,3145,5323,37.1398205,62.8601795,1603.077591,1377.262352,0,0,0,1
1658998770,15.20722508,99.90778098,0.09221902,175418,471,54,54.57934039,13.31963895,1.893200965,9090265,39474,60,1664.578832,1195.242687,98.10679903,3214,5461,37.04899135,62.95100865,609.2947891,570.4525284,0,0,0,1
1658998786,5.199514866,99.9301871,0.069812901,142789,471,54,54.64561806,13.6256537,1.92429914,7277523,8814,60,1599.455604,656.8372665,98.07570086,2613,4550,36.47912886,63.52087114,1427.11622,1377.628526,0,0,0,1
1658998799,13.31532598,99.94980235,0.050197653,306170,471,54,54.28546099,8.826864231,1.724520557,17447750,42394,60,1694.44984,1579.518996,98.27547944,5640,10297,35.38934555,64.61065445,1333.344751,1196.891464,0,0,0,1
1658999460,11.29678488,99.93623127,0.063768732,185178,471,54,54.51221666,12.36139578,1.847772182,9836512,39474,60,1636.146374,1350.959726,98.15222782,3397,6012,36.10373047,63.89626953,887.1276304,832.8918451,0,0,0,1
1658999474,14.4038949,99.93453355,0.065466448,186085,471,54,54.45858941,11.30177897,1.75572823,10412651,56994,60,1811.525922,2226.94331,98.24427177,3417,5748,37.28314239,62.71685761,735.8243081,636.2862311,0,0,0,1
1658999486,22.13005996,99.95647253,0.043527466,219427,471,54,54.39439762,10.46891557,1.65036325,13076252,42394,60,1754.259726,1879.009076,98.34963675,4034,7454,35.11490251,64.88509749,600.7972426,519.112918,0,0,0,1
1658999502,5.473946333,99.89200864,0.107991361,152811,471,54,54.57535714,12.52784109,1.77139416,8473784,56994,60,1838.928819,2063.048187,98.22860584,2800,4608,37.79697624,62.20302376,1575.93708,1353.319808,0,0,0,1
1658999514,6.47443819,99.86513823,0.134861767,117552,471,54,54.8027972,15.10139213,1.954936934,5895532,7354,60,1556.781621,347.2786865,98.04506307,2145,3787,36.15981119,63.84018881,928.7422048,916.2184927,0,0,0,1
1659003223,5.518355846,99.87248964,0.12751036,130401,471,54,54.6754717,13.5720303,1.929909024,6626446,38014,60,1703.894574,1448.493037,98.07009098,2385,3889,38.01402614,61.98597386,1224.431187,1136.932843,0,0,0,1
1659009902,5.701627016,99.94094721,0.059052793,166973,471,54,54.56633987,12.90072656,1.893509497,8651203,8814,60,1599.704697,642.1309288,98.1064905,3060,5408,36.13604157,63.86395843,1546.606955,1485.1901,0,0,0,1
1659009914,8.15071702,99.9277848,0.072215201,216667,471,54,54.45262629,11.57196883,1.743187099,12212693,38014,60,1720.339907,1493.637398,98.2568129,3979,7099,35.91803575,64.08196425,1524.940686,1359.144229,0,0,0,1
1659009929,22.15724611,99.94650118,0.053498823,182000,471,54,54.49101796,11.77324863,1.777327088,10058096,32174,60,1674.395871,1074.559466,98.22267291,3340,6007,35.73339039,64.26660961,462.1556284,421.8484532,0,0,0,1
1659009941,6.106758833,99.91060454,0.089395463,170831,471,54,54.52633259,12.05462076,1.813189986,9250741,8814,60,1590.567572,629.3929862,98.18681001,3133,5816,35.00949827,64.99050173,1542.810558,1465.425481,0,0,0,1
1659090084,7.134694815,99.9425023,0.0574977,166131,471,54,54.52280932,12.05445846,1.807282391,9026179,10274,60,1597.553805,610.9009607,98.19271761,3047,5650,35.03506956,64.96493044,1288.395683,1218.972952,0,0,0,1
1659090097,7.732089996,99.95437124,0.045628764,210787,471,54,54.41068663,10.68265807,1.842687545,11228320,8814,60,1584.801694,583.4149591,98.15731245,3874,7085,35.34994069,64.65005931,1479.432728,1417.339944,0,0,0,1
1659090114,7.328757286,99.92696065,0.07303935,211180,471,54,54.41381087,10.61968387,1.835929713,11291439,8814,60,1596.64013,622.5227017,98.16407029,3881,7072,35.43321464,64.56678536,1569.518344,1494.523501,0,0,0,1
1659090127,5.819254875,99.94206257,0.057937428,169477,471,54,54.52927928,12.2341749,1.887325098,8810269,8814,60,1595.19627,632.5882624,98.1126749,3108,5523,36.00973236,63.99026764,1543.109246,1483.17958,0,0,0,1
1659090136,14.76512814,99.9266055,0.073394495,212357,471,54,54.47845049,12.11706954,1.713057106,12184019,38014,60,1740.076978,1694.672295,98.28694289,3898,7002,35.76146789,64.23853211,839.5711765,738.2258996,0,0,0,1
1659090147,6.46607089,99.94938759,0.05061241,191870,471,54,54.49304175,12.04704414,1.834555893,10266792,8814,60,1614.529329,667.879726,98.16544411,3521,6359,35.63765182,64.36234818,1617.467884,1527.975824,0,0,0,1
1659090158,7.161677122,99.95682956,0.043170437,222057,471,54,54.38574578,10.33127723,1.820347192,11976550,8814,60,1596.873333,634.9451826,98.17965281,4083,7500,35.24993525,64.75006475,1703.317085,1617.358588,0,0,0,1
1659090172,9.022337198,99.92607456,0.073925441,182868,471,54,54.52236136,12.227572,1.842593237,9741623,8814,60,1592.809516,604.0063059,98.15740676,3354,6116,35.41710665,64.58289335,1099.991142,1049.617166,0,0,0,1
1659090185,6.876414299,99.97046372,0.02953628,195997,471,54,54.42849209,11.01987897,1.835948038,10479523,10274,60,1598.219155,647.3111054,98.16405196,3601,6557,35.44989171,64.55010829,1552.483538,1477.223384,0,0,0,1
1659101185,14.62939692,99.93526461,0.064735394,232618,471,54,54.37540907,10.11552504,1.77187132,12895762,56994,60,1596.010149,1021.169277,98.22812868,4278,8080,34.61725198,65.38274802,897.3972116,844.7374879,0,0,0,1
1659101203,18.72200203,99.92688722,0.073112776,218417,471,54,54.40024907,10.44598177,1.930763643,11094050,16114,60,1601.566335,638.3491513,98.06923636,4015,6927,36.69347468,63.30652532,604.2338305,584.4460428,0,0,0,1
1659101226,5.009204865,99.86247206,0.137527935,115763,471,54,54.76017029,14.38802755,1.930781541,5879892,8814,60,1587.872536,596.1128305,98.06921846,2114,3703,36.34175692,63.65824308,1196.927489,1161.262148,0,0,0,1
1659101238,8.803313971,99.93361547,0.066384532,231809,471,54,54.37696458,10.13794136,1.836095621,12393296,10274,60,1591.332306,597.0382936,98.16390438,4263,7788,35.3746577,64.6253423,1434.130947,1368.916301,0,0,0,1
1659101257,4.107792854,99.89316239,0.106837607,96063,471,54,54.9245283,16.08017736,2.010812332,4681260,8814,60,1596.609823,653.4014378,97.98918767,1749,2932,37.36381115,62.63618885,1162.990241,1139.541395,0,0,0,1
1659101285,3.41428709,99.76119403,0.23880597,78162,471,54,55.19915254,18.34898903,2.491917257,3058459,7354,60,1581.416236,613.4318101,97.50808274,1416,1934,42.26865672,57.73134328,918.6752365,981.1711527,0,0,0,1
1659101311,6.047757864,99.92286331,0.077136686,136109,471,54,54.662249,13.69264511,1.829262966,7304538,45314,60,1829.335838,2013.441201,98.17073703,2490,3993,38.40814438,61.59185562,1230.314964,1071.96752,0,0,0,1
1659101324,10.57754612,99.96738421,0.032615786,287455,471,54,54.29826218,9.090410591,1.76987429,15954094,8814,60,1589.528146,560.0395851,98.23012571,5294,10037,34.53134173,65.46865827,1535.474184,1449.390986,0,0,0,1
1659101338,7.674921989,99.93954051,0.060459492,168775,471,54,54.53150242,12.25980181,1.882675017,8795863,62834,60,1699.355294,1698.730118,98.11732498,3095,5176,37.41990086,62.58009914,1168.042882,1077.665677,0,0,0,1
1659101403,4.610330105,99.85337243,0.146627566,109985,471,54,54.80069756,14.76567182,1.979532086,5446126,8814,60,1579.044941,553.8167164,98.02046791,2007,3449,36.78519062,63.21480938,1205.143856,1183.429359,0,0,0,1
1659101425,8.64082408,99.93542138,0.064578624,238235,471,54,54.36672752,9.99949404,1.626170148,14411831,49694,60,1800.128778,1906.653968,98.37382985,4382,8006,35.37294156,64.62705844,1695.44778,1433.659554,0,0,0,1
1659101440,5.940402985,99.90784472,0.092155282,172117,471,54,54.55372425,12.6204739,1.918535503,8799153,8814,60,1592.318675,592.0351634,98.0814645,3155,5526,36.3437392,63.6562608,1510.212358,1461.34867,0,0,0,1
1659101464,3.802647114,99.78145489,0.218545114,74186,471,54,55.19791667,18.00284072,2.455348573,2947218,10274,60,1584.525806,646.2987208,97.54465143,1344,1860,41.94756554,58.05243446,794.5528232,842.5709523,0,0,0,1
1659101475,4.798724174,99.92466476,0.075335242,132794,471,54,54.64773663,13.3804953,1.648852952,7920926,62834,60,1882.349335,2329.618285,98.35114705,2430,4208,36.60741187,63.39258813,1678.304422,1383.284339,0,0,0,1
1659101487,4.067207098,99.89284183,0.107158165,98131,471,54,54.88310962,15.62835316,2.096400543,4582797,10274,60,1591.801667,621.334558,97.90359946,1788,2879,38.31154918,61.68845082,1150.894923,1147.47046,0,0,0,1
1659101498,7.358669996,99.95654063,0.043459365,225367,471,54,54.38392857,10.32919614,1.878337423,11772850,10274,60,1599.137463,638.4173258,98.12166258,4144,7362,36.01599166,63.98400834,1630.487168,1563.597771,0,0,0,1
1659101518,6.430645227,99.92176039,0.078239609,196385,471,54,54.44552259,11.02018827,1.827378623,10550430,8814,60,1594.202176,629.1538529,98.17262138,3607,6618,35.27628362,64.72371638,1671.187668,1590.042622,0,0,0,1
1659101530,8.39391923,99.94119031,0.058809692,163633,471,54,54.52615795,12.06966164,1.869376365,8589714,7354,60,1561.198473,358.9422637,98.13062363,3001,5502,35.29342585,64.70657415,1042.820018,1012.995213,0,0,0,1
1659101542,3.511726141,99.79491386,0.205086136,54553,471,54,55.60958206,21.07613676,2.3526951,2264192,10274,60,1552.943759,447.2998265,97.6473049,981,1458,40.22140221,59.77859779,660.2863968,694.5302401,0,0,0,1
1659101589,10.07508779,99.92982456,0.070175439,169021,471,54,54.50532086,11.86283383,1.829157564,9071353,64294,60,1664.773903,1565.957933,98.17084244,3101,5449,36.26900585,63.73099415,917.1507183,848.6278414,0,0,0,1
1659101601,3.489929914,99.38556068,0.614439324,25691,471,54,57.60313901,31.18825606,0.397185028,6442579,42394,60,7526.377336,7074.161041,99.60281497,446,856,34.25499232,65.74500768,1853.409713,373.0733946,0,0,0,1
1659101617,4.603713036,99.73725696,0.262743037,33560,471,54,56.68918919,27.24672044,0.298503241,11209199,62834,60,8543.596799,7578.544656,99.70149676,592,1312,31.09243697,68.90756303,2442.10682,413.5792099,0,0,0,1
1659101627,4.478371859,99.47848761,0.521512386,29971,471,54,57.08761905,28.9519861,0.340362178,8775649,62834,60,8697.372646,7522.393761,99.65963782,525,1009,34.22425033,65.77574967,1966.254764,342.5351999,0,0,0,1
1659101643,22.32603526,99.97620181,0.023798191,221269,471,54,54.37920865,10.36753168,0.2969364,74296035,55534,60,8701.8078,5584.661959,99.7030636,4069,8538,32.27571984,67.72428016,3337.686388,564.6770621,0,0,0,1
1659101659,5.437266111,99.62139139,0.378608613,34093,471,54,56.91652755,28.86451532,0.294908471,11526443,62834,60,7613.238441,6663.876787,99.70509153,599,1514,28.34831992,71.65168008,2126.167041,388.614417,0,0,0,1
1659101673,4.909096003,99.69897652,0.30102348,31004,471,54,56.88807339,28.15908629,0.398249572,7754064,42394,60,6941.865712,5472.214599,99.60175043,545,1117,32.79181709,67.20818291,1585.84554,338.5552043,0,0,0,1
1659101683,5.626781225,99.57424162,0.425758382,36008,471,54,56.52747253,26.17505081,0.328173167,10936248,49694,60,8805.352657,7795.059261,99.67182683,637,1242,33.90101118,66.09898882,1950.005796,333.9386987,0,0,0,1
1659101697,4.304290056,99.69325153,0.306748466,31242,471,54,57.21978022,30.84074591,0.317909146,9796094,46774,60,9028.658065,7657.517437,99.68209085,546,1085,33.47639485,66.52360515,2283.149107,378.9242776,0,0,0,1
1659101710,4.404236078,99.63898917,0.36101083,29011,471,54,57.10826772,29.22243624,0.371863003,7772518,49694,60,8852.526196,7625.423934,99.628137,508,878,36.65223665,63.34776335,1771.369396,314.697027,0,0,0,1
1659101721,7.111093044,99.77022059,0.229779412,41053,471,54,56.16005472,24.3954373,0.277185131,14769626,62834,60,10214.12586,8350.160411,99.72281487,731,1446,33.57831879,66.42168121,2082.757026,306.1414028,0,0,0,1
1659101732,5.260780096,99.70484061,0.295159386,33567,471,54,56.79695431,28.07325872,0.308998885,10829579,55534,60,9809.401268,8142.636806,99.69100112,591,1104,34.86725664,65.13274336,2064.930638,322.1955621,0,0,0,1
1659101745,5.175740004,99.58071279,0.419287212,39460,471,54,56.53295129,27.05612802,0.320445694,12274639,54074,60,10144.32975,7846.446956,99.67955431,698,1210,36.58280922,63.41719078,2379.195823,368.6429378,0,0,0,1
1659101755,9.029299021,99.87678659,0.123213406,71513,471,54,55.22239382,18.38750732,0.282993934,25198640,62834,60,9116.729378,7678.171763,99.71700607,1295,2764,31.90440995,68.09559005,2798.683812,449.5365577,0,0,0,1
facebook,0.156337976,91.4893617,8.510638298,2180,464,54,90.83333333,92.04519999,2.98597414,70828,17574,60,3079.478261,4707.949311,97.01402586,24,23,51.06382979,48.93617021,466.9882626,300.6307301,0,0,0,1
facebook1,0.210077047,100,0,1965,464,54,93.57142857,99.12344396,2.733038471,69933,16758,60,3496.65,4582.714379,97.26696153,21,20,51.2195122,48.7804878,342.2458613,195.1664902,0,0,0,1
facebook10,0.161159992,91.4893617,8.510638298,2194,464,54,91.41666667,92.85421798,3.03214572,70164,16114,60,3050.608696,4458.524121,96.96785428,24,23,51.06382979,48.93617021,448.9823994,291.6356557,0,0,0,1
facebook11,0.19296217,92.15686275,7.843137255,2338,464,54,89.92307692,92.0156174,3.188152835,70996,8814,60,2839.84,3364.73395,96.81184717,26,25,50.98039216,49.01960784,380.0434051,264.3005108,0,0,0,1
facebook12,0.158432245,91.11111111,8.888888889,2146,464,54,93.30434783,94.96718801,2.970242215,70104,17574,60,3186.545455,4787.722798,97.02975779,23,22,51.11111111,48.88888889,456.0309038,284.0330889,0,0,0,1
facebook2,0.152297735,100,0,1962,464,54,98.1,105.1389557,2.734837819,69779,17574,60,3672.578947,5031.665003,97.26516218,20,19,51.28205128,48.71794872,471.057563,256.0773471,0,0,0,1
facebook3,0.179252148,100,0,1980,464,54,94.28571429,100.1289882,2.757314543,69829,16758,60,3491.45,4694.7217,97.24268546,21,20,51.2195122,48.7804878,400.6032895,228.7280824,0,0,0,1
facebook4,0.140398979,100,0,2099,464,54,91.26086957,96.94619754,2.884747533,70663,14654,60,3211.954545,4136.206445,97.11525247,23,22,51.11111111,48.88888889,518.2516313,320.5151509,0,0,0,1
facebook5,0.166507959,90.69767442,9.302325581,2098,464,54,95.36363636,97.20255996,2.875863582,70854,13974,60,3374,4407.734146,97.12413642,22,21,51.1627907,48.8372093,438.1292058,258.2459131,0,0,0,1
facebook6,0.230499983,91.83673469,8.163265306,2259,464,54,90.36,91.88937189,3.087330873,70911,13974,60,2954.625,3779.585356,96.91266913,25,24,51.02040816,48.97959184,317.4403707,212.5813607,0,0,0,1
facebook7,0.18176198,97.82608696,2.173913043,2170,464,54,90.41666667,93.05674597,2.978191949,70693,12582,60,3073.608696,4303.069451,97.02180805,24,23,51.06382979,48.93617021,400.8704129,258.5799296,0,0,0,1
facebook8,0.171360016,90.69767442,9.302325581,2107,464,54,95.77272727,97.82634362,2.888240052,70844,16758,60,3373.52381,4732.407956,97.11175995,22,21,51.1627907,48.8372093,425.7177477,250.9336836,0,0,0,1
facebook9,0.189216852,91.11111111,8.888888889,2149,464,54,93.43478261,95.16102434,2.946580376,70783,16758,60,3217.409091,4599.501025,97.05341962,23,22,51.11111111,48.88888889,385.4413555,237.8223688,0,0,0,1
instagram,0.261693001,91.83673469,8.163265306,2067,465,54,82.68,86.33303732,1.785930291,113671,16758,60,4736.291667,5396.87277,98.21406971,25,24,51.02040816,48.97959184,442.2663184,187.2423024,0,0,0,1
instagram1,0.255886078,100,0,1902,465,54,82.69565217,90.88025827,1.534799274,122023,16758,60,5546.5,6467.696504,98.46520073,23,22,51.11111111,48.88888889,484.2975477,175.8595089,0,0,0,1
instagram2,0.23004508,91.83673469,8.163265306,2269,465,54,90.76,92.54651083,1.869397574,119107,15366,60,4962.791667,5846.197367,98.13060243,25,24,51.02040816,48.97959184,527.6183255,213.0017298,0,0,0,1
instagram3,0.262907982,97.82608696,2.173913043,2188,465,54,91.16666667,93.93923414,1.81320958,118482,20934,60,5151.391304,6768.70119,98.18679042,24,23,51.06382979,48.93617021,458.9818808,178.7697721,0,0,0,1
instagram4,0.403446913,100,0,2091,465,54,90.91304348,96.52550913,1.731576637,118666,16758,60,5393.909091,6011.14499,98.26842336,23,22,51.11111111,48.88888889,299.3132335,111.5388384,0,0,0,1
instagram5,0.54395318,92.45283019,7.547169811,2676,465,54,102.9230769,97.9464846,2.113343442,123948,16758,60,4590.666667,6077.856929,97.88665656,26,27,49.05660377,50.94339623,232.7847406,97.43485638,0,0,0,1
instagram6,0.22144413,92.45283019,7.547169811,2212,465,54,81.92592593,85.74421978,1.863238936,116506,16758,60,4481,5263.146253,98.13676106,27,26,50.94339623,49.05660377,536.1081372,239.3380218,0,0,0,1
instagram7,0.284744263,91.83673469,8.163265306,2271,465,54,90.84,92.6740165,1.869859122,119182,19542,60,4965.916667,6469.641492,98.13014088,25,24,51.02040816,48.97959184,426.533616,172.0842399,0,0,0,1
instagram8,0.325413942,91.11111111,8.888888889,1976,465,54,85.91304348,90.84097646,1.710156216,113569,16758,60,5162.227273,5695.619277,98.28984378,23,22,51.11111111,48.88888889,355.0708343,138.2854087,0,0,0,1
linkedln1,1.008537054,94.87179487,5.128205128,4023,765,54,121.9090909,180.8753652,7.688926264,48299,2112,60,1073.311111,627.102566,92.31107374,33,45,42.30769231,57.69230769,51.87910527,77.3397464,0,0,0,1
linkedln2,0.835779905,95.18072289,4.819277108,4027,729,54,115.0571429,167.9949129,6.6802694,56255,3971,60,1171.979167,765.45838,93.3197306,35,48,42.1686747,57.8313253,72.12664437,99.3084417,0,0,0,1
linkedln3,1.710368872,100,0,6561,464,54,61.31775701,46.14979673,3.752552319,168280,7099,60,1450.689655,861.2970039,96.24744768,107,116,47.98206278,52.01793722,102.2241476,130.3812316,0,0,0,1
linkedln4,0.478972912,100,0,3831,777,54,127.7,192.307611,7.297420854,48667,1514,60,1131.790698,560.5134363,92.70257915,30,43,41.09589041,58.90410959,109.6053633,152.4094541,0,0,0,1
linkedln5,0.776233912,100,0,3934,738,54,115.7058824,172.7966977,7.521844707,48367,1514,60,1099.25,574.6164798,92.47815529,34,44,43.58974359,56.41025641,67.377886,100.4851744,0,0,0,1
linkedln6,0.506850958,94.02985075,5.970149254,3693,763,54,136.7777778,196.8744882,7.139404953,48034,5417,60,1200.85,970.6893546,92.86059505,27,40,40.29850746,59.70149254,102.0556422,132.1887607,0,0,0,1
linkedln7,0.695289135,94.73684211,5.263157895,3880,734,54,121.25,175.9967008,7.472891508,48041,2974,60,1091.840909,654.6365206,92.52710849,32,44,42.10526316,57.89473684,74.67540824,109.3070439,0,0,0,1
linkedln8,0.776288033,100,0,3798,766,54,126.6,189.5520309,7.356045786,47833,2974,60,1166.658537,763.7007794,92.64395421,30,41,42.25352113,57.74647887,66.51010686,91.46089728,0,0,0,1
linkedln9,1.12348628,100,0,3675,761,54,131.25,194.0957429,7.138278655,47808,2974,60,1166.04878,747.2403881,92.86172134,28,41,40.57971014,59.42028986,45.8243246,61.41597027,0,0,0,1
messenger1,0.203811169,89.33333333,10.66666667,3543,465,54,93.23684211,97.50216469,4.494025724,75295,16758,60,2035,3567.301867,95.50597428,38,37,50.66666667,49.33333333,386.8188408,367.9876843,0,0,0,1
messenger2,0.180574894,93.65079365,6.349206349,3211,465,54,97.3030303,104.3085821,4.118884528,74747,16758,60,2411.193548,4118.478833,95.88111547,33,31,51.5625,48.4375,431.7211451,354.4235779,0,0,0,1
messenger3,0.250666857,88.57142857,11.42857143,3434,465,54,95.38888889,99.74747481,4.369735067,75152,12714,60,2210.352941,3685.214988,95.63026493,36,34,51.42857143,48.57142857,313.507741,279.2551074,0,0,0,1
messenger4,0.207434893,88.73239437,11.26760563,3434,465,54,95.38888889,99.74747481,4.366123762,75217,16758,60,2149.057143,3727.924891,95.63387624,36,35,50.70422535,49.29577465,379.159933,342.2760708,0,0,0,1
messenger5,0.228917122,89.87341772,10.12658228,3658,465,54,91.45,95.62478758,4.618861826,75539,8406,60,1936.897436,2785.730073,95.38113817,40,39,50.63291139,49.36708861,345.9636367,345.1030633,0,0,0,1
messenger6,0.284271717,88.73239437,11.26760563,3443,465,54,95.63888889,100.0948558,4.403432708,74746,16541,60,2135.6,3863.477024,95.59656729,36,35,50.70422535,49.29577465,275.0502259,249.7610411,0,0,0,1
messenger7,0.230416059,89.18918919,10.81081081,3550,465,54,93.42105263,97.76796346,4.493614005,75451,11734,60,2095.861111,3188.172142,95.506386,38,36,51.35135135,48.64864865,342.8623863,321.15817,0,0,0,1
messenger8,0.237160921,88.57142857,11.42857143,3446,465,54,95.72222222,100.2153713,4.426290573,74407,11190,60,2188.441176,3195.379185,95.57370943,36,34,51.42857143,48.57142857,328.2707777,295.1582397,0,0,0,1
real_dicord1,166.9571867,10.47721268,89.29161162,807716,1514,46,215.1614278,164.2044067,27.20897134,2160849,1514,54,258.5366116,243.43623,72.79102866,3755,8358,30.99975233,69.00024767,17.78039663,72.55153396,0,0,0,2
real_discord10,118.0843623,3.902929993,95.89577276,670201,718,46,214.6704036,80.45119051,34.7320809,1259430,392,54,216.3969072,61.2027178,65.2679191,3123,5820,34.92116739,65.07883261,16.34112225,75.73399075,0,0,0,2
real_discord11,93.52359962,3.56423369,96.3427863,764295,718,46,217.1292614,70.78003297,55.42659101,614637,403,54,209.5591544,66.42683352,44.57340899,3521,2933,54.55531453,45.44468547,14.74421435,69.00931985,0,0,0,2
real_discord12,101.7374413,2.810694349,97.00323181,259601,1266,46,200.154973,108.4255443,9.386081753,2506207,1514,54,281.1224902,117.1419033,90.61391825,1297,8915,12.70074422,87.29925578,27.18574366,100.3760255,0,0,0,2
real_discord13,83.88538885,2.770977075,97.08435344,380905,768,46,225.1211584,100.2752397,13.89313913,2360772,707,54,323.6594461,115.1231857,86.10686087,1693,7294,18.83832202,81.16167798,32.68360602,107.1342712,0,0,0,2
real_discord14,86.18653631,2.7080364,97.13847166,1144063,718,46,282.4149593,117.7912125,40.87026727,1655192,708,54,326.4678501,114.632598,59.12973273,4052,5070,44.42008332,55.57991668,32.47902886,105.8401972,0,0,0,2
real_discord15,73.42552447,2.980863592,96.83513248,1564811,1392,46,305.5674673,116.5364154,63.27830085,908092,1269,54,299.6014517,122.0724621,36.72169915,5122,3031,62.82350055,37.17649945,33.67906484,111.0376815,0,0,0,2
real_discord16,121.3488917,3.611287542,96.17094638,518236,1514,46,211.7842256,104.9749456,17.07497244,2516826,1514,54,293.5416375,124.6122996,82.92502756,2448,8574,22.2101252,77.7898748,25.01104012,90.82901246,0,0,0,2
real_discord17,91.05453396,3.080542175,96.68421642,1360544,1514,46,309.4255174,130.3715685,48.77181801,1429067,1514,60,315.4673289,127.6417985,51.22818199,4397,4530,49.25506889,50.74493111,30.63670614,98.04014816,0,0,0,2
real_discord18,79.39253163,3.152343282,96.71580966,1285729,1392,54,295.5019536,131.4534276,54.057546,1092716,1242,54,273.7264529,118.4010288,45.942454,4352,3992,52.15723873,47.84276127,29.95804455,105.0980467,0,0,0,2
real_discord19,71.06627607,2.465446395,97.39758436,722647,711,46,289.0588,126.9265499,29.56283719,1721797,711,54,311.2994034,116.5938486,70.43716281,2501,5531,31.13794821,68.86205179,34.39668061,113.0212591,0,0,0,2
real_discord2,141.9239948,4.146265236,95.61412647,515352,1376,46,207.051828,101.0474569,24.85031283,1558473,1514,54,219.1945148,78.00105678,75.14968717,2490,7110,25.9375,74.0625,14.61222257,67.64183896,0,0,0,2
real_discord20,68.06340933,2.189599403,97.68599154,1740794,1494,46,299.0541144,105.8708851,74.06704265,609501,1514,54,274.9215156,124.4615449,25.93295735,5822,2217,72.42194303,27.57805697,34.53096198,118.1104514,0,0,0,2
real_discord21,57.22281909,4.124283336,95.70926577,875874,1370,46,248.0526763,128.7067447,68.40136448,404618,1514,54,215.6812367,95.15830286,31.59863552,3532,1876,65.31065089,34.68934911,22.37729669,94.50775208,0,0,0,2
real_discord22,86.05498934,3.248851846,96.51301242,420433,694,46,214.5066327,84.56122198,32.95564819,855321,354,54,218.2498086,58.28318512,67.04435181,1961,3919,33.35034014,66.64965986,14.82486965,68.3284031,0,0,0,2
real_discord23,73.48803592,3.315916399,96.54340836,340280,718,46,208.6327406,85.10347009,32.66103759,701573,341,54,209.7378176,63.09683705,67.33896241,1632,3345,32.79083785,67.20916215,14.17717846,67.72530981,0,0,0,2
real_discord24,57.99449944,3.169796083,96.62830608,742595,718,46,211.8069025,63.59775131,72.07344048,287736,340,54,198.8500346,72.67900807,27.92655952,3507,1447,70.79127977,29.20872023,17.76601246,85.42189427,0,0,0,2
real_discord25,82.64557934,4.9562139,94.68977082,245636,1392,46,191.7533177,97.19805026,18.22535134,1102135,1242,54,269.668461,132.2083411,81.77464866,1281,4087,23.86363636,76.13636364,16.3078414,64.9520524,0,0,0,2
real_discord26,57.89821291,2.478777589,97.24957555,997370,1392,55,277.5097385,117.4672745,59.57051081,676898,1242,54,294.8162021,137.6841424,40.42948919,3594,2296,61.01867572,38.98132428,28.91743831,101.7302556,0,0,0,2
real_discord27,47.22391772,3.067484663,96.7791411,843708,1494,46,318.0203543,130.13896,53.16156122,743356,1514,54,289.9204368,121.0521919,46.83843878,2653,2564,50.85298064,49.14701936,33.60720746,110.4736805,0,0,0,2
real_discord3,120.7024708,3.309456886,96.54547103,664664,1392,46,213.9935608,91.70073126,21.34409234,2449378,1242,54,309.1477976,141.7340699,78.65590766,3106,7923,28.16211805,71.83788195,25.79932275,91.37344024,0,0,0,2
real_discord4,73.10438561,1.806133056,98.01195426,204357,1494,54,206.8390688,119.6948476,8.65508375,2156764,1514,54,321.4732449,119.4610952,91.34491625,988,6709,12.83616994,87.16383006,32.29793918,105.2878009,0,0,0,2
real_discord5,155.6648827,3.541229576,96.28075529,1992153,1494,46,277.768126,125.6287311,46.63697611,2279464,1514,54,266.3858829,105.3504347,53.36302389,7173,8557,45.60076287,54.39923713,27.44110892,101.0504086,0,0,0,2
real_discord6,93.31913829,2.988019732,96.99788584,845306,718,54,218.425323,65.88595753,55.05853632,689980,391,54,213.9472868,61.50960465,44.94146368,3871,3225,54.5518602,45.4481398,16.45199504,76.04013636,0,0,0,2
real_discord7,116.3203089,3.85199241,95.95825427,614799,1494,46,209.9006487,96.35083266,22.74778775,2087877,1514,54,274.3236106,112.7333964,77.25221225,2929,7611,27.78937381,72.21062619,23.23477323,90.61186389,0,0,0,2
real_discord8,101.0285056,5.052575299,94.83158082,1761484,1514,46,308.9238864,126.0295075,51.00908558,1691791,1514,54,306.4838768,191.0611912,48.99091442,5703,5520,50.81529003,49.18470997,34.18119451,111.0874593,0,0,0,2
real_discord9,90.79646039,2.726950773,97.13138945,459107,684,46,215.0384075,69.92653412,22.77012641,1557162,665,54,245.7254221,90.54098442,77.22987359,2135,6337,25.200661,74.799339,22.20647139,93.30760212,0,0,0,2
real_fb1,47.59742045,1.53063984,98.44772567,384176,1466,74,174.5461154,281.0211894,1.834275157,20560119,1466,74,1262.208791,184.9987221,98.16572484,2201,16289,11.90373175,88.09626825,440.0300436,388.46643,0,0,0,1
real_fb10,33.94549346,1.649151172,98.33468068,415986,1466,74,199.8971648,250.843341,3.127297861,12885785,1294,74,1252.262877,213.3492631,96.87270214,2081,10290,16.8215989,83.1784011,391.8567575,364.4371826,0,0,0,1
real_fb11,61.18668818,2.289527049,97.67122392,647012,1466,74,233.6626941,342.919123,4.179769657,14832597,1294,74,1184.806854,327.7935553,95.82023034,2769,12519,18.1122449,81.8877551,252.9898162,249.8582691,0,0,0,1
real_fb12,68.07448483,1.07507222,98.89567411,1325309,2579,74,246.2941832,243.2004731,4.780279772,26399198,1466,74,1201.820905,308.8686968,95.21972023,5382,21966,19.67968407,80.32031593,407.2672319,401.7364225,0,0,0,1
real_fb13,75.51260948,3.041213421,96.91282366,501093,1466,74,220.3575198,304.5312325,3.726784711,12944626,1466,74,1200.688804,309.7255831,96.27321529,2274,10781,17.41861356,82.58138644,178.0592552,172.8850332,0,0,0,1
real_fb16,136.8179655,2.738321863,97.17381754,793286,1466,74,198.6194291,234.3776502,3.863392172,19740120,1466,74,1196.806111,314.2462749,96.13660783,3994,16494,19.49433815,80.50566185,150.0782878,149.7464162,0,0,0,1
real_fb17,194.0501077,2.022881777,97.90416183,970495,1466,74,196.8549696,268.4923256,3.025695379,31104611,1466,74,1233.037778,253.5019298,96.97430462,4930,25226,16.34832206,83.65167794,165.2929049,155.4031603,0,0,0,1
real_fb18,73.27136064,1.593887712,98.38321982,1592283,1466,74,228.8749461,264.8153531,4.609097842,32954239,1294,74,1177.357592,338.01478,95.39090216,6957,27990,19.90728818,80.09271182,471.487382,476.9530646,0,0,0,1
real_fb2,55.38374901,1.567042473,98.39041339,615862,1466,74,219.6369472,255.573253,4.303539343,13694731,1514,74,1211.923097,292.5362405,95.69646066,2804,11300,19.88088486,80.11911514,258.3897489,254.6595392,0,0,0,1
real_fb3,57.93001652,8.538191396,91.33011414,299791,1466,74,271.7960109,381.9420561,7.376975763,3764083,1294,74,1089.775043,433.9836779,92.62302424,1103,3454,24.20452052,75.79547948,70.15143865,78.66388228,0,0,0,1
real_fb4,102.0351093,4.25128874,95.73007888,1605407,1466,74,246.7958493,292.6291073,5.001037647,30496071,1294,74,1186.7099,330.1167645,94.99896235,6505,25698,20.19998137,79.80001863,314.6120804,315.6070516,0,0,0,1
real_fb5,49.53218102,2.816271793,97.11667412,442635,1466,74,254.0958668,359.8270286,4.951583252,8496627,1294,74,1178.940891,338.0253496,95.04841675,1742,7207,19.46586211,80.53413789,180.4738216,180.670421,0,0,0,1
real_fb6,101.754874,8.590430445,91.22482912,638428,1514,74,370.1031884,458.771732,15.37091788,3515052,1514,74,952.846842,512.4210855,84.62908212,1725,3689,31.86183967,68.13816033,40.81848699,53.20629654,0,0,0,1
real_fb7,96.49302578,11.58719189,88.18244644,472066,1466,74,359.2587519,464.5129791,13.68986978,2976221,1432,74,982.8999339,500.5594626,86.31013022,1314,3028,30.26255182,69.73744818,35.73612675,44.99807074,0,0,0,1
real_fb8,99.13205576,3.586589564,96.37998462,1508359,1514,74,248.535014,292.3706363,5.005374187,28626431,1514,74,1200.319971,311.496946,94.99462581,6069,23849,20.28544689,79.71455311,303.9863319,301.799451,0,0,0,1
real_fb9,70.67118716,4.303096251,95.65733505,644778,1466,74,197.5422794,290.2483873,3.040395016,20562269,1466,74,1212.75547,284.1712088,96.95960498,3264,16955,16.14323161,83.85676839,300.0805258,286.0996229,0,0,0,1
real_movie1,54.31464839,2.904261529,97.0081728,195337,1292,46,111.6849628,130.0197341,1.286459917,14988735,1294,60,1253.762861,198.4562764,98.71354008,1749,11955,12.76269702,87.23730298,279.5575862,252.3076261,0,0,0,3
real_movie2,44.44334602,1.185749544,98.76596201,213335,1292,46,101.1545756,64.57649072,1.022539927,20649909,1514,54,1249.313873,185.6530016,98.97746007,2109,16529,11.3155918,88.6844082,469.4345918,419.3653644,0,0,0,3
real_movie3,39.56289601,1.233683979,98.71124084,216544,1292,46,103.4116523,70.51780756,1.05584963,20292437,1292,60,1263.303057,153.3569879,98.94415037,2094,16063,11.53274219,88.46725781,518.3892755,458.9401138,0,0,0,3
real_movie4,46.5117991,1.137724551,98.80988024,179719,1292,54,117.7712975,116.28164,1.182786867,15014819,1292,60,1268.679256,142.9794776,98.81721313,1526,11835,11.4213008,88.5786992,326.6813646,287.2604427,0,0,0,3
real_movie5,65.8399961,4.178441663,95.67016552,179343,1514,46,132.3564576,185.22801,1.654004225,10663616,1514,60,1246.769087,212.3877982,98.34599577,1355,8553,13.67581752,86.32418248,164.6865073,150.4860356,0,0,0,3
real_movie6,68.53252411,2.659125443,97.23957454,203795,1514,46,136.6834339,181.1809222,1.537542148,13050801,1514,60,1260.338098,164.8867217,98.46245785,1491,10355,12.5865271,87.4134729,193.4059218,172.8522355,0,0,0,3
real_movie7,40.62654519,2.143920596,97.7369727,135389,1514,46,115.028887,101.6058855,1.194936131,11194840,1514,54,1258.129917,178.7189354,98.80506387,1177,8898,11.68238213,88.31761787,278.887337,247.9905676,0,0,0,3
real_movie8,30.92776465,1.637700535,98.06149733,74663,694,46,161.9587852,127.587704,2.271113035,3212844,1292,60,1269.397076,149.2558404,97.72888697,461,2531,15.40775401,84.59224599,106.2963016,96.74155353,0,0,0,3
real_movie9,49.88797879,2.639044666,97.26858877,223678,1514,46,118.0982049,128.5800828,1.316881431,16761754,1514,60,1263.798085,160.8780737,98.68311857,1894,13263,12.49587649,87.50412351,340.4714404,303.8206872,0,0,0,3
real_wiki1,11.89296222,100,0,154562,571,54,66.96793761,42.01487768,2.624588215,5734438,1514,54,1471.878337,237.1993871,97.37541178,2308,3896,37.20180529,62.79819471,495.1667963,521.6530488,0,0,0,1
real_wiki2,17.82549167,100,0,49908,905,54,90.74181818,98.05311874,6.914179554,671913,1514,54,1191.335106,534.5410037,93.08582045,551,564,49.41704036,50.58295964,40.49374982,62.55086933,0,0,0,1
real_wiki4,19.4382329,100,0,89002,878,54,83.80602637,81.97212258,6.247959806,1335495,1514,54,1285.365736,455.0428477,93.75204019,1063,1039,50.57088487,49.42911513,73.28325612,108.1374017,0,0,0,1
real_wiki5,1.519398689,100,0,20049,571,54,63.85031847,46.48693399,2.89181338,673253,1514,54,1438.574786,292.7388148,97.10818662,314,468,40.15345269,59.84654731,456.3002488,514.6772901,0,0,0,1
real_wiki6,2.148192406,100,0,11316,675,54,67.76047904,65.73075875,3.708279399,293839,1514,54,1399.233333,379.1804911,96.2917206,168,210,44.44444444,55.55555556,142.0519871,175.961892,0,0,0,1
real_wiki7,11.53859162,100,0,16964,902,54,123.8248175,179.2619221,7.575446337,206970,1514,54,1100.904255,630.4094513,92.42455366,138,188,42.33128834,57.66871166,19.40739453,28.25301481,0,0,0,1
real_youtube10,39.09751463,0.061679745,99.90748038,368482,1292,46,123.0734803,168.083889,1.084502659,33608567,1292,60,1283.308526,98.75762719,98.91549734,2994,26189,10.25939759,89.74060241,869.0334749,746.415732,0,0,0,3
real_youtube11,38.78828573,0.220584279,99.74175499,263899,1292,54,122.4021336,136.6652902,1.237107651,21068036,1292,60,1282.212647,104.6397568,98.76289235,2156,16431,11.59950503,88.40049497,549.9581793,479.1910663,0,0,0,3
real_youtube12,47.81029701,0.146331618,99.78807145,229312,1292,46,113.2964427,132.4593226,0.995251341,22811300,1292,60,1281.965831,106.0990666,99.00474866,2024,17794,10.21293773,89.78706227,481.9173576,414.5132166,0,0,0,3
real_youtube13,56.27655983,0.419681621,99.52725519,324655,1494,46,140.3003457,208.0175986,1.359189451,23561272,1514,60,1279.391399,118.8083169,98.64081055,2314,18416,11.16256633,88.83743367,424.4382932,368.3594033,0,0,0,3
real_youtube14,58.75893545,2.402795981,97.35935149,286751,1514,46,121.2990694,152.5223828,1.217953804,23256917,1514,60,1275.260021,143.8085481,98.7820462,2364,18237,11.47517111,88.52482889,400.6823442,350.6019951,0,0,0,3
real_youtube15,55.01672196,0.21932573,99.17282868,236654,1292,46,119.4618879,145.0591735,1.305022966,17897433,1292,60,1280.491736,113.9183306,98.69497703,1981,13977,12.41383632,87.58616368,329.6104594,290.0572668,0,0,0,3
real_youtube16,43.84757566,0.383647045,99.4365184,115036,1292,46,128.6756152,177.2343459,1.200205244,9469658,1292,60,1271.60709,151.3460459,98.79979476,894,7447,10.71813931,89.28186069,218.5911959,190.2271648,0,0,0,3
real_youtube17,34.77581978,1.850797267,97.80751708,55699,1376,46,138.5547264,201.307641,1.404557708,3909891,1514,60,1257.199678,198.977283,98.59544229,402,3110,11.44646925,88.55353075,114.0329696,100.9897113,0,0,0,3
real_youtube18,24.14294267,0.392409135,99.56256031,342434,1292,54,180.5134423,294.5997498,1.945899478,17255289,1514,60,1264.308983,175.1279916,98.05410052,1897,13648,12.2032808,87.7967192,728.8971872,643.8734588,0,0,0,3
real_youtube19,50.78054285,0.502562081,99.39889633,141653,1285,54,128.5417423,163.8403378,1.215250909,11514623,1514,60,1272.755941,148.3383098,98.78474909,1102,9047,10.85821263,89.14178737,229.54217,199.8600139,0,0,0,3
real_youtube20,51.84524488,3.140227396,96.48077964,101144,1494,46,184.2331512,264.6809888,2.524192129,3905841,1514,60,1241.920827,236.3971039,97.47580787,549,3145,14.86193828,85.13806172,77.28741583,71.25050732,0,0,0,3
real_youtube21,20.79915714,2.456210993,97.38272599,402160,1292,74,354.3259912,476.4212261,8.340524692,4419599,1514,74,1153.340031,362.5275219,91.65947531,1135,3832,22.85081538,77.14918462,231.8247305,238.8077539,0,0,0,3
real_youtube22,24.37724519,1.97186101,97.96418674,117282,1514,74,119.4317719,155.2515138,1.082783319,10714248,1514,74,1275.505714,140.3614641,98.91721668,982,8400,10.46685142,89.53314858,444.3295342,384.8671139,0,0,0,3
real_youtube23,35.18836546,0.037549871,99.92490026,292139,1433,74,128.7523138,186.5314831,1.184729597,24366568,1292,74,1280.025636,114.6250061,98.8152704,2270,19036,10.65427579,89.34572421,700.7630698,605.4842196,0,0,0,3
real_youtube24,29.16565585,0.149569986,99.77564502,94561,1292,74,117.6131841,143.1986954,1.01365189,9234184,1292,74,1278.972853,120.823297,98.98634811,804,7220,10.01994018,89.98005982,319.8537707,275.1181061,0,0,0,3
real_youtube25,34.18167639,0.026173728,99.94765254,445287,2579,74,133.159988,164.3981267,1.259040837,34921874,1292,74,1282.901951,101.0575442,98.74095916,3345,27221,10.94353203,89.05646797,1034.681875,894.2217945,0,0,0,3
real_youtube26,41.96395898,0.134318334,99.78892833,175517,1292,74,149.7585324,236.4733537,1.466287958,11794642,1292,74,1274.820796,138.4545094,98.53371204,1172,9252,11.24328473,88.75671527,285.2485631,248.4036362,0,0,0,3
real_youtube27,25.61222363,0.310528869,99.63124697,130726,1292,74,118.6261343,153.4936589,1.09932471,11760756,1292,74,1277.787484,125.5537054,98.90067529,1102,9204,10.69280031,89.30719969,464.2893243,402.3859916,0,0,0,3
real_youtube28,32.93848419,0.064799123,99.89532449,286637,1292,74,131.9691529,192.6235424,1.238545901,22856389,1292,74,1277.535577,126.7797375,98.7614541,2172,17891,10.82589842,89.17410158,702.613571,609.1051392,0,0,0,3
real_youtube4,71.47504473,0.874148913,99.05996047,282545,1292,46,116.0349076,138.7514611,1.076062493,25974759,1514,60,1277.656616,128.2233412,98.92393751,2435,20330,10.69624423,89.30375577,367.3632399,318.5027738,0,0,0,3
real_youtube5,37.96881819,0.704484759,99.24026153,416794,1494,46,168.0620968,276.2464118,1.676111687,24449926,1514,60,1270.918287,153.6173223,98.32388831,2480,19238,11.41909936,88.58090064,654.9247827,571.9956806,0,0,0,3
real_youtube6,48.27451444,0.25848294,99.65222295,262886,1292,46,117.8860987,143.8236001,1.065193518,24416761,1514,60,1281.854315,106.4381461,98.93480648,2230,19048,10.4803083,89.5196917,511.2355305,440.7708757,0,0,0,3
real_youtube7,65.21047163,0.16634713,99.7829029,454853,1292,46,123.9043857,157.4536906,1.102725828,40793206,1514,60,1282.926251,100.9900319,98.89727417,3671,31797,10.35017481,89.64982519,632.5373513,543.9003754,0,0,0,3
real_youtube8,26.46038747,0.177981185,99.75845411,182888,1292,46,113.4540943,125.0596273,0.999373834,18117371,1292,60,1283.099929,99.40868519,99.00062617,1612,14120,10.24663107,89.75336893,691.6096381,594.5491168,0,0,0,3
real_youtube9,31.09745407,0.123144284,99.83580762,171284,1292,46,116.599047,130.2565715,1.004421274,16881720,1292,60,1283.97627,94.97939655,98.99557873,1469,13148,10.04994185,89.95005815,548.3729942,470.0384786,0,0,0,3
reddit1,1.846186161,99.66611018,0.333889816,43961,462,54,54.95125,15.79416642,3.690133231,1147351,6390,60,1150.80341,547.3947548,96.30986677,800,997,44.51864218,55.48135782,645.282705,973.3579624,0,0,0,1
reddit10,2.039494991,99.69387755,0.306122449,46455,462,54,54.91134752,15.48033114,3.481699996,1287807,7446,60,1156.020646,660.4435838,96.5183,846,1114,43.16326531,56.83673469,654.2119523,961.0222179,0,0,0,1
reddit3,2.011179209,99.67213115,0.327868852,44132,462,54,54.95890411,15.87575057,3.576174825,1189924,6390,60,1158.640701,572.0871592,96.42382517,803,1027,43.87978142,56.12021858,613.5982287,909.9139411,0,0,0,1
reddit4,2.123257875,99.67105263,0.328947368,44406,462,54,54.95792079,15.87765216,3.644843244,1173918,7446,60,1155.431102,535.0521978,96.35515676,808,1016,44.29824561,55.70175439,573.7993553,859.0572163,0,0,0,1
reddit5,3.627064228,99.66005666,0.339943343,41328,462,54,55.03062583,16.46767725,3.345505529,1194001,7446,60,1177.515779,627.7099018,96.65449447,751,1014,42.54957507,57.45042493,340.5864695,486.6194501,0,0,0,1
reddit6,1.662549019,99.66367713,0.33632287,43217,462,54,54.98346056,16.08475898,3.589204399,1160866,7264,60,1163.192385,576.3299556,96.4107956,786,998,44.05829596,55.94170404,724.2390969,1073.051068,0,0,0,1
reddit7,2.788968801,99.65095986,0.34904014,41689,462,54,55.07133421,16.94100204,3.559575436,1129490,6390,60,1174.106029,546.6484328,96.44042456,757,962,44.03723095,55.96276905,419.9326286,616.356841,0,0,0,1
reddit8,1.483100176,99.6131528,0.386847195,39125,462,54,55.1056338,17.09061049,3.836687064,980635,7446,60,1166.034483,599.1729021,96.16331294,710,841,45.77691812,54.22308188,687.5867299,1045.782359,0,0,0,1
reddit9,3.630484819,99.68321014,0.316789863,45679,462,54,54.96871239,16.08183839,3.573015322,1232765,6390,60,1159.703669,398.0807175,96.42698468,831,1063,43.87539599,56.12460401,352.1413981,521.6934085,0,0,0,1
sephora,0.436006069,99.32318105,0.676818951,16300,462,54,56.79442509,27.73619931,3.502920533,449026,2974,60,1477.059211,389.4815498,96.49707947,287,304,48.56175973,51.43824027,1067.246612,1355.485719,0,0,0,1
sephora1,0.744335175,99.33628319,0.663716814,24784,462,54,55.81981982,22.00551878,3.445682261,694493,5894,60,1509.767391,427.9752607,96.55431774,444,460,49.11504425,50.88495575,966.3348241,1214.506624,0,0,0,1
sephora10,0.653040886,99.42802669,0.571973308,28711,462,54,55.53384913,20.12839878,3.420260436,810728,10274,60,1523.924812,721.8818379,96.57973956,517,532,49.28503337,50.71496663,1285.431001,1606.331277,0,0,0,1
sephora11,0.403795958,99.58376691,0.416233091,25846,462,54,55.70258621,21.59528371,3.272138461,764035,5894,60,1537.293763,548.8509462,96.72786154,464,497,48.2830385,51.7169615,1956.138949,2379.91486,0,0,0,1
sephora12,0.712841988,99.33993399,0.660066007,16777,462,54,56.67905405,27.08207927,3.578291796,452078,4242,60,1458.316129,474.7821269,96.4217082,296,310,48.84488449,51.15511551,657.726408,850.1182738,0,0,0,1
sephora13,0.720602751,99.5991984,0.400801603,26978,462,54,55.62474227,21.08540794,3.375397558,772276,4434,60,1505.411306,411.6508168,96.62460244,485,513,48.59719439,51.40280561,1109.146474,1384.951693,0,0,0,1
sephora14,0.57565093,99.49367089,0.506329114,21687,462,54,56.03875969,23.61480713,3.481428209,601247,4434,60,1491.92804,431.8376702,96.51857179,387,403,48.98734177,51.01265823,1082.13844,1372.35946,0,0,0,1
sephora2,0.523356915,99.35483871,0.64516129,17104,462,54,56.63576159,26.88908767,3.610579267,456615,4434,60,1435.896226,382.1257971,96.38942073,302,318,48.70967742,51.29032258,905.1547555,1184.659995,0,0,0,1
sephora3,0.592713833,99.55357143,0.446428571,24523,462,54,55.73409091,21.64982698,3.333093213,711220,7354,60,1559.692982,678.4536928,96.66690679,440,456,49.10714286,50.89285714,1241.312349,1511.690719,0,0,0,1
sephora4,0.653220892,99.61685824,0.383141762,27600,462,54,55.5331992,20.35826803,3.212806526,831462,5894,60,1520.040219,554.5848117,96.78719347,497,547,47.60536398,52.39463602,1315.117153,1598.234246,0,0,0,1
sephora5,0.444828272,99.48519949,0.514800515,21385,462,54,56.12860892,24.3043584,3.484908237,592261,7354,60,1495.608586,789.9608872,96.51509176,381,396,49.03474903,50.96525097,1379.512137,1746.741494,0,0,0,1
sephora6,0.436962128,99.34210526,0.657894737,16792,462,54,56.72972973,27.47315351,3.602250763,449361,6050,60,1440.259615,538.4834306,96.39774924,296,312,48.68421053,51.31578947,1066.804124,1391.424935,0,0,0,1
sephora7,0.531207085,99.46949602,0.530503979,20719,462,54,56.14905149,24.27115853,3.391153768,590253,8814,60,1533.124675,776.6348885,96.60884623,369,385,48.93899204,51.06100796,1150.157853,1419.40878,0,0,0,1
sephora8,0.98617506,99.62049336,0.379506641,27704,462,54,55.51903808,20.2500716,3.268037078,820022,8814,60,1477.517117,751.3960996,96.73196292,499,555,47.34345351,52.65654649,859.6100572,1068.77576,0,0,0,1
shopping19,0.486000061,99.55156951,0.448430493,6690,460,54,60.27027027,41.71024421,0.653644581,1016802,23414,60,8998.247788,8119.772863,99.34635542,111,113,49.55357143,50.44642857,2105.950353,460.9052919,0,0,0,1
shopping20,0.131474018,93.44262295,6.557377049,3916,1063,54,126.3225806,201.6312454,6.399738519,57274,11734,60,1909.133333,3436.471775,93.60026148,31,30,50.81967213,49.18032787,465.4151511,463.9699987,0,0,0,1
shopping21,0.260767937,100,0,1681,462,54,88.47368421,97.83567199,2.767624881,59057,13570,60,3108.263158,4228.587627,97.23237512,19,19,50,50,232.9197399,145.723437,0,0,0,1
shopping22,0.505200863,97.14285714,2.857142857,4523,462,54,64.61428571,52.96246767,0.751506169,597335,23414,60,8533.357143,7336.28145,99.24849383,70,70,50,50,1191.324173,277.1174998,0,0,0,1
test_youtube,122.0417454,1.403080972,98.54273107,850922,1494,46,143.9069846,218.9732912,1.446199539,57987570,1514,60,1267.238576,167.5033427,98.55380046,5913,45759,11.44333488,88.55666512,482.1177524,423.3961078,0,0,0,1
video1,1.194559813,95.50561798,4.494382022,2839,461,54,74.71052632,73.09782704,4.125973724,65969,2974,60,1293.509804,618.6704898,95.87402628,38,51,42.69662921,57.30337079,57.60113414,74.50443173,0,0,0,1
video10,1.140259981,95.34883721,4.651162791,2785,461,54,75.27027027,74.02351302,4.04414434,66080,7354,60,1348.571429,1034.89917,95.95585566,37,49,43.02325581,56.97674419,60.39412164,75.42139637,0,0,0,1
video11,0.421559095,94.91525424,5.084745763,3657,467,54,69,62.36092218,4.125676895,84983,4434,60,1307.430769,696.9390435,95.8743231,53,65,44.91525424,55.08474576,210.2670799,279.9133059,0,0,0,1
video12,0.107512236,94.54545455,5.454545455,3317,467,54,70.57446809,65.19327275,3.808791108,83771,8814,60,1329.698413,1131.999268,96.19120889,47,63,42.72727273,57.27272727,810.0287328,1023.13936,0,0,0,1
video13,0.089382887,99.05660377,0.943396226,3083,467,54,70.06818182,67.24941349,3.557704513,83574,5894,60,1326.571429,776.1312808,96.44229549,44,63,41.12149533,58.87850467,969.5032575,1197.09716,0,0,0,1
video14,0.112777948,95.04132231,4.958677686,3641,467,54,68.69811321,61.54566313,4.14990255,84096,5894,60,1236.705882,812.5891741,95.85009745,53,68,43.80165289,56.19834711,777.96237,1072.904781,0,0,0,1
video15,0.111607075,99.11504425,0.884955752,3369,467,54,68.75510204,64.69271295,3.860433139,83901,2908,60,1290.784615,548.9674823,96.13956686,49,65,42.98245614,57.01754386,781.9396773,1021.440623,0,0,0,1
video16,0.092904806,99.08256881,0.917431193,3299,467,54,68.72916667,64.48049007,3.814622527,83184,5894,60,1341.677419,810.0818775,96.18537747,48,62,43.63636364,56.36363636,930.8775681,1184.007637,0,0,0,1
video17,0.747766972,99.51632406,0.483675937,22644,458,54,55.77339901,22.02362103,4.397670268,492265,7446,60,1169.275534,583.7478378,95.60232973,406,421,49.09310762,50.90689238,688.5955379,1105.959519,0,0,0,1
video18,0.931061029,99.54389966,0.456100342,23886,458,54,55.67832168,21.42742633,4.560128751,499915,5334,60,1115.881696,293.2807434,95.43987125,429,448,48.91676169,51.08323831,562.585033,941.9361054,0,0,0,1
video19,0.963666916,99.54751131,0.452488688,24048,458,54,55.66666667,21.35317861,4.593959539,499422,4278,60,1104.915929,284.8582594,95.40604046,432,452,48.86877828,51.13122172,543.2063625,917.3294065,0,0,0,1
video2,1.235563755,96.07843137,3.921568627,3163,461,54,71.88636364,68.18654846,3.98548442,76200,2974,60,1313.793103,592.9861913,96.01451558,44,58,43.1372549,56.8627451,64.23221762,82.55340899,0,0,0,1
video20,0.622098923,99.51040392,0.489596083,22428,458,54,55.79104478,22.13247621,4.411530405,485967,6812,60,1171.004819,554.107848,95.5884696,402,415,49.20440636,50.79559364,817.2253341,1313.295957,0,0,0,1
video21,0.738176107,99.88193625,0.118063754,23157,458,54,55.66586538,21.72304064,4.55088573,485689,4278,60,1124.280093,330.9622023,95.44911427,416,432,49.05660377,50.94339623,689.3287318,1148.77736,0,0,0,1
video22,0.848478079,99.88372093,0.11627907,23481,458,54,55.64218009,21.56859296,4.499379158,498391,4278,60,1135.287016,327.5004194,95.50062084,422,439,49.01277584,50.98722416,615.0683359,1014.758096,0,0,0,1
video23,0.670150042,99.51980792,0.480192077,22806,458,54,55.7603912,21.94302551,4.378082329,498107,9558,60,1174.78066,686.2787457,95.62191767,409,424,49.09963986,50.90036014,777.3080171,1243.00522,0,0,0,1
video24,0.563275099,99.45130316,0.548696845,19944,458,54,56.02247191,23.5127667,4.358296366,437666,5334,60,1173.367292,497.437781,95.64170363,356,373,48.8340192,51.1659808,812.4094265,1294.21663,0,0,0,1
video25,0.655192137,99.86754967,0.132450331,20619,458,54,55.87804878,23.05991206,4.451155802,442609,6390,60,1143.692506,405.2473319,95.5488442,369,387,48.80952381,51.19047619,707.010927,1153.860002,0,0,0,1
video26,1.861732006,98.91304348,1.086956522,3323,459,54,70.70212766,68.82047057,1.323213781,247808,17574,60,5387.130435,5165.999551,98.67678622,47,46,50.53763441,49.46236559,134.891058,49.95348401,0,0,0,1
video27,0.155059814,92.20779221,7.792207792,2876,461,54,73.74358974,70.28427912,2.279482282,123293,14614,60,3244.552632,3560.226699,97.72051772,39,38,50.64935065,49.35064935,813.6795497,496.5825625,0,0,0,1
video28,0.101232052,89.28571429,10.71428571,2275,461,54,81.25,81.61909045,1.817208767,122917,14614,60,4389.892857,5162.744743,98.18279123,28,28,50,50,1236.683419,553.1844804,0,0,0,1
video29,0.37719512,93.10344828,6.896551724,2330,456,54,77.66666667,78.30415206,1.370741436,167651,21954,60,5987.535714,5533.4143,98.62925856,30,28,51.72413793,48.27586207,450.6447487,153.7665705,0,0,0,1
video3,3.317563057,98.46153846,1.538461538,2431,461,54,78.41935484,80.54306268,3.144808672,74871,14654,60,2139.171429,3539.752513,96.85519133,31,35,46.96969697,53.03030303,23.3008382,19.89412073,0,0,0,1
video30,0.324691057,98.07692308,1.923076923,2089,456,54,80.34615385,83.89180761,1.184979295,174201,14654,60,6451.888889,4774.224636,98.8150207,26,27,49.05660377,50.94339623,542.9468909,163.2320904,0,0,0,1
video31,0.135509014,98.07692308,1.923076923,2143,456,54,79.37037037,82.41879367,1.243263,170226,17574,60,6547.153846,5745.613532,98.756737,27,26,50.94339623,49.05660377,1272.01132,391.1178923,0,0,0,1
video4,1.18683219,95.91836735,4.081632653,3055,461,54,72.73809524,69.71267146,3.858687415,76117,5894,60,1359.232143,830.9271271,96.14131259,42,56,42.85714286,57.14285714,66.70867263,82.57275195,0,0,0,1
video5,1.606329918,98.46153846,1.538461538,2431,461,54,78.41935484,80.54306268,3.148637447,74777,21954,60,2136.485714,4184.841169,96.85136255,31,35,46.96969697,53.03030303,48.06484592,41.08744988,0,0,0,1
video6,1.363155127,96.03960396,3.96039604,3109,461,54,72.30232558,68.93700882,3.904601628,76515,2974,60,1319.224138,606.0152289,96.09539837,43,58,42.57425743,57.42574257,58.41154719,74.09281455,0,0,0,1
video7,1.193438053,95.83333333,4.166666667,3001,461,54,73.19512195,70.51496987,3.792109985,76137,7354,60,1384.309091,1009.829466,96.20789001,41,55,42.70833333,57.29166667,66.31094072,80.43986845,0,0,0,1
video8,1.618714094,98.64864865,1.351351351,2593,461,54,76.26470588,77.11593351,3.822848634,65236,15294,60,1591.121951,2281.693354,96.17715137,34,41,45.33333333,54.66666667,41.9030144,46.33307406,0,0,0,1
video9,1.174574137,96.07843137,3.921568627,3163,461,54,71.88636364,68.18654846,3.98724284,76165,2974,60,1313.189655,614.7013098,96.01275716,44,58,43.1372549,56.8627451,67.53766963,86.83998465,0,0,0,1
youtube,0.285168171,98,2,5749,463,54,61.8172043,45.93969257,0.784520827,727055,28654,60,6794.906542,7055.614668,99.21547917,93,107,46.5,53.5,2569.725778,701.3405435,0,0,0,1
youtube1,0.959604025,100,0,33028,463,54,55.13856427,18.43516612,2.714283601,1183794,5774,60,1521.586118,429.6028526,97.2857164,599,778,43.50036311,56.49963689,1268.045953,1434.966887,0,0,0,1
youtube10,0.51478672,98.18181818,1.818181818,6200,463,54,61.38613861,44.78257927,0.679614417,906082,56994,60,7614.134454,7429.029595,99.32038558,101,119,45.90909091,54.09090909,1772.155271,427.3614515,0,0,0,1
youtube11,1.288522005,98.73015873,1.26984127,9116,463,54,58.81290323,36.25912999,0.865764686,1043826,27794,60,6523.9125,4885.195966,99.13423531,155,160,49.20634921,50.79365079,817.1703672,244.4661393,0,0,0,1
youtube12,0.435009956,98.27586207,1.724137931,6956,463,54,60.48695652,42.01281451,0.955663847,720915,33634,60,6161.666667,4845.203914,99.04433615,115,117,49.56896552,50.43103448,1673.22837,533.3211266,0,0,0,1
youtube13,0.676130772,100,0,6514,463,54,60.31481481,43.20168916,0.56687448,1142594,30714,60,6604.589595,5038.070805,99.43312552,108,173,38.4341637,61.5658363,1699.535132,415.6000759,0,0,0,1
youtube14,0.626852989,98.83381924,1.166180758,8684,463,54,59.07482993,37.22130934,0.734379427,1173811,27794,60,5988.831633,5176.106112,99.26562057,147,196,42.85714286,57.14285714,1886.399236,547.1777369,0,0,0,1
youtube15,0.580187082,98.93048128,1.069518717,10412,463,54,58.16759777,33.76629628,0.884633946,1166572,30714,60,5982.420513,6574.519651,99.11536605,179,195,47.86096257,52.13903743,2028.628413,644.6196605,0,0,0,1
youtube16,0.575942755,98.7654321,1.234567901,8576,463,54,59.14482759,37.47406127,0.839570229,1012899,40934,60,5658.653631,5137.061397,99.16042977,145,179,44.75308642,55.24691358,1773.570362,562.5559091,0,0,0,1
youtube17,0.550552845,100,0,6730,463,54,60.08928571,42.43246963,0.96098789,693591,33634,60,6248.567568,5598.990004,99.03901211,112,111,50.22421525,49.77578475,1272.032297,405.0474029,0,0,0,1
youtube18,0.572704792,100,0,6568,463,54,60.25688073,43.00546987,0.608195452,1073348,33634,60,6098.568182,5141.142544,99.39180455,109,176,38.24561404,61.75438596,1885.641634,497.6385809,0,0,0,1
youtube19,0.600902796,100,0,8782,463,54,58.54666667,36.72034468,0.769125,1133035,46774,60,6191.448087,6001.92073,99.230875,150,183,45.04504505,54.95495495,1900.169225,554.1661685,0,0,0,1
youtube2,1.530902863,100,0,32542,463,54,55.1559322,18.57493675,2.809692585,1125663,4344,60,1479.189225,203.2534092,97.19030742,590,761,43.67135455,56.32864545,756.550287,882.4857756,0,0,0,1
youtube3,0.513473034,99.55947137,0.440528634,23696,463,54,55.75529412,21.97492946,3.090660326,743001,7204,60,1538.304348,653.3060644,96.90933967,425,483,46.8061674,53.1938326,1493.15923,1768.349923,0,0,0,1
youtube4,0.579670191,100,0,24496,463,54,55.54648526,21.47701187,2.944814777,807339,8634,60,1570.698444,731.9131973,97.05518522,441,514,46.17801047,53.82198953,1435.014277,1647.488546,0,0,0,1
youtube5,0.812556982,99.70414201,0.295857988,32444,463,54,55.27086882,18.7087399,2.616171007,1207689,8634,60,1578.678431,781.4308571,97.38382899,587,765,43.41715976,56.58284024,1526.210503,1663.883309,0,0,0,1
youtube6,1.065691948,99.71098266,0.289017341,33254,463,54,55.23920266,18.47485834,2.770418654,1167070,5774,60,1492.41688,301.1854727,97.22958135,602,782,43.49710983,56.50289017,1126.332992,1298.686738,0,0,0,1
youtube7,0.197532177,90.36144578,9.638554217,4375,467,54,104.1666667,116.7375453,10.64036773,36742,2914,60,896.1463415,875.8024481,89.35963227,42,41,50.60240964,49.39759036,208.1534291,420.1847075,0,0,0,1
youtube8,0.805958033,99.6763754,0.323624595,26774,463,54,55.54771784,20.63963662,2.23450539,1171433,7204,60,1553.624668,616.1645198,97.76549461,482,754,38.99676375,61.00323625,1486.686591,1533.578611,0,0,0,1
youtube9,0.635483027,100,0,6352,463,54,60.4952381,43.8068584,0.681979717,925054,39474,60,8565.314815,8013.768571,99.31802028,105,108,49.29577465,50.70422535,1465.666212,335.1781104,0,0,0,1
youtube_video1,0.418040991,100,0,7324,463,54,59.54471545,40.51193955,0.645125489,1127959,30714,60,6557.901163,7193.079682,99.35487451,123,172,41.69491525,58.30508475,2715.721723,705.6724256,0,0,0,1
