100,3,"/home/pqv/data/test/real_discord1.pcap",1660161121.279864,8532,0,"99.178.354.0","99.178.354.0",64,139,85,1,139,85,1,0,0,0,1660161021.132300,"192.168.1.56","162.159.128.235","10:5B:AD:B2:81:B3","D0:6E:DE:6E:F8:AC",52,443,49469,0,0,0,0,6822102,0,6822102,0,6822102,0,0,0,0,0,0
100,3,"/home/pqv/data/test/real_discord1.pcap",1660161121.280950,8533,0,"99.178.376.0","99.178.376.0",64,225,183,1,225,183,1,0,0,0,1660161092.783973,"192.168.1.56","66.22.218.76","10:5B:AD:B2:81:B3","D0:6E:DE:6E:F8:AC",109,50001,58586,0,0,0,0,0,0,0,0,0,0,0,0,0,0,0
100,3,"/home/pqv/data/test/real_discord1.pcap",1660161121.289673,8534,0,"99.178.354.0","99.178.354.0",64,60,0,1,0,0,0,60,0,1,1660161021.132300,"192.168.1.56","162.159.128.235","10:5B:AD:B2:81:B3","D0:6E:DE:6E:F8:AC",52,443,49469,0,0,0,0,0,9809,0,9809,0,9809,0,0,0,0,0
100,3,"/home/pqv/data/test/real_discord1.pcap",1660161121.298315,8535,0,"99.178.376.0","99.178.376.0",64,225,183,1,225,183,1,0,0,0,1660161092.783973,"192.168.1.56","66.22.218.76","10:5B:AD:B2:81:B3","D0:6E:DE:6E:F8:AC",109,50001,58586,0,0,0,0,0,0,0,0,0,0,0,0,0,0,0
100,3,"/home/pqv/data/test/real_discord1.pcap",1660161121.320205,8536,0,"99.178.376.0","99.178.376.0",64,222,180,1,222,180,1,0,0,0,1660161092.783973,"192.168.1.56","66.22.218.76","10:5B:AD:B2:81:B3","D0:6E:DE:6E:F8:AC",109,50001,58586,0,0,0,0,0,0,0,0,0,0,0,0,0,0,0
100,3,"/home/pqv/data/test/real_discord1.pcap",1660161121.337198,8537,0,"99.178.376.0","99.178.376.0",64,221,179,1,221,179,1,0,0,0,1660161092.783973,"192.168.1.56","66.22.218.76","10:5B:AD:B2:81:B3","D0:6E:DE:6E:F8:AC",109,50001,58586,0,0,0,0,0,0,0,0,0,0,0,0,0,0,0
100,3,"/home/pqv/data/test/real_discord1.pcap",1660161121.358229,8538,0,"99.178.376.0","99.178.376.0",64,238,196,1,238,196,1,0,0,0,1660161092.783973,"192.168.1.56","66.22.218.76","10:5B:AD:B2:81:B3","D0:6E:DE:6E:F8:AC",109,50001,58586,0,0,0,0,0,0,0,0,0,0,0,0,0,0,0
100,3,"/home/pqv/data/test/real_discord1.pcap",1660161121.380166,8539,0,"99.178.376.0","99.178.376.0",64,234,192,1,234,192,1,0,0,0,1660161092.783973,"192.168.1.56","66.22.218.76","10:5B:AD:B2:81:B3","D0:6E:DE:6E:F8:AC",109,50001,58586,0,0,0,0,0,0,0,0,0,0,0,0,0,0,0
100,3,"/home/pqv/data/test/real_discord1.pcap",1660161121.397147,8540,0,"99.178.376.0","99.178.376.0",64,225,183,1,225,183,1,0,0,0,1660161092.783973,"192.168.1.56","66.22.218.76","10:5B:AD:B2:81:B3","D0:6E:DE:6E:F8:AC",109,50001,58586,0,0,0,0,0,0,0,0,0,0,0,0,0,0,0
100,3,"/home/pqv/data/test/real_discord1.pcap",1660161121.418854,8541,0,"99.178.376.0","99.178.376.0",64,222,180,1,222,180,1,0,0,0,1660161092.783973,"192.168.1.56","66.22.218.76","10:5B:AD:B2:81:B3","D0:6E:DE:6E:F8:AC",109,50001,58586,0,0,0,0,0,0,0,0,0,0,0,0,0,0,0
100,3,"/home/pqv/data/test/real_discord1.pcap",1660161121.434906,8542,0,"99.178.376.0","99.178.376.0",64,221,179,1,221,179,1,0,0,0,1660161092.783973,"192.168.1.56","66.22.218.76","10:5B:AD:B2:81:B3","D0:6E:DE:6E:F8:AC",109,50001,58586,0,0,0,0,0,0,0,0,0,0,0,0,0,0,0
100,3,"/home/pqv/data/test/real_discord1.pcap",1660161121.456963,8543,0,"99.178.376.0","99.178.376.0",64,230,188,1,230,188,1,0,0,0,1660161092.783973,"192.168.1.56","66.22.218.76","10:5B:AD:B2:81:B3","D0:6E:DE:6E:F8:AC",109,50001,58586,0,0,0,0,0,0,0,0,0,0,0,0,0,0,0
100,3,"/home/pqv/data/test/real_discord1.pcap",1660161121.477948,8544,0,"99.178.376.0","99.178.376.0",64,234,192,1,234,192,1,0,0,0,1660161092.783973,"192.168.1.56","66.22.218.76","10:5B:AD:B2:81:B3","D0:6E:DE:6E:F8:AC",109,50001,58586,0,0,0,0,0,0,0,0,0,0,0,0,0,0,0
100,3,"/home/pqv/data/test/real_discord1.pcap",1660161121.494938,8545,0,"99.178.376.0","99.178.376.0",64,232,190,1,232,190,1,0,0,0,1660161092.783973,"192.168.1.56","66.22.218.76","10:5B:AD:B2:81:B3","D0:6E:DE:6E:F8:AC",109,50001,58586,0,0,0,0,0,0,0,0,0,0,0,0,0,0,0
100,3,"/home/pqv/data/test/real_discord1.pcap",1660161121.516477,8546,0,"99.178.376.0","99.178.376.0",64,226,184,1,226,184,1,0,0,0,1660161092.783973,"192.168.1.56","66.22.218.76","10:5B:AD:B2:81:B3","D0:6E:DE:6E:F8:AC",109,50001,58586,0,0,0,0,0,0,0,0,0,0,0,0,0,0,0
100,3,"/home/pqv/data/test/real_discord1.pcap",1660161121.537979,8547,0,"99.178.376.0","99.178.376.0",64,224,182,1,224,182,1,0,0,0,1660161092.783973,"192.168.1.56","66.22.218.76","10:5B:AD:B2:81:B3","D0:6E:DE:6E:F8:AC",109,50001,58586,0,0,0,0,0,0,0,0,0,0,0,0,0,0,0
100,3,"/home/pqv/data/test/real_discord1.pcap",1660161121.554883,8548,0,"99.178.376.0","99.178.376.0",64,223,181,1,223,181,1,0,0,0,1660161092.783973,"192.168.1.56","66.22.218.76","10:5B:AD:B2:81:B3","D0:6E:DE:6E:F8:AC",109,50001,58586,0,0,0,0,0,0,0,0,0,0,0,0,0,0,0
100,3,"/home/pqv/data/test/real_discord1.pcap",1660161121.559492,8549,0,"99.178.354.0","99.178.354.0",64,139,85,1,139,85,1,0,0,0,1660161021.132300,"192.168.1.56","162.159.128.235","10:5B:AD:B2:81:B3","D0:6E:DE:6E:F8:AC",52,443,49469,0,0,0,0,269819,0,269819,0,269819,0,0,0,0,0,0
100,3,"/home/pqv/data/test/real_discord1.pcap",1660161121.567428,8550,0,"99.178.354.0","99.178.354.0",64,60,0,1,0,0,0,60,0,1,1660161021.132300,"192.168.1.56","162.159.128.235","10:5B:AD:B2:81:B3","D0:6E:DE:6E:F8:AC",52,443,49469,0,0,0,0,0,7936,0,7936,0,7936,0,0,0,0,0
100,3,"/home/pqv/data/test/real_discord1.pcap",1660161121.577061,8551,0,"99.178.376.0","99.178.376.0",64,85,43,1,85,43,1,0,0,0,1660161092.783973,"192.168.1.56","66.22.218.76","10:5B:AD:B2:81:B3","D0:6E:DE:6E:F8:AC",109,50001,58586,0,0,0,0,0,0,0,0,0,0,0,0,0,0,0
100,3,"/home/pqv/data/test/real_discord1.pcap",1660161121.598579,8552,0,"99.178.376.0","99.178.376.0",64,85,43,1,85,43,1,0,0,0,1660161092.783973,"192.168.1.56","66.22.218.76","10:5B:AD:B2:81:B3","D0:6E:DE:6E:F8:AC",109,50001,58586,0,0,0,0,0,0,0,0,0,0,0,0,0,0,0
100,3,"/home/pqv/data/test/real_discord1.pcap",1660161121.620160,8553,0,"99.178.376.0","99.178.376.0",64,85,43,1,85,43,1,0,0,0,1660161092.783973,"192.168.1.56","66.22.218.76","10:5B:AD:B2:81:B3","D0:6E:DE:6E:F8:AC",109,50001,58586,0,0,0,0,0,0,0,0,0,0,0,0,0,0,0
100,3,"/home/pqv/data/test/real_discord1.pcap",1660161121.637215,8554,0,"99.178.376.0","99.178.376.0",64,85,43,1,85,43,1,0,0,0,1660161092.783973,"192.168.1.56","66.22.218.76","10:5B:AD:B2:81:B3","D0:6E:DE:6E:F8:AC",109,50001,58586,0,0,0,0,0,0,0,0,0,0,0,0,0,0,0
100,3,"/home/pqv/data/test/real_discord1.pcap",1660161121.658890,8555,0,"99.178.376.0","99.178.376.0",64,85,43,1,85,43,1,0,0,0,1660161092.783973,"192.168.1.56","66.22.218.76","10:5B:AD:B2:81:B3","D0:6E:DE:6E:F8:AC",109,50001,58586,0,0,0,0,0,0,0,0,0,0,0,0,0,0,0
100,3,"/home/pqv/data/test/real_discord1.pcap",1660161121.676769,8556,0,"99.178.376.0","99.178.376.0",64,85,43,1,85,43,1,0,0,0,1660161092.783973,"192.168.1.56","66.22.218.76","10:5B:AD:B2:81:B3","D0:6E:DE:6E:F8:AC",109,50001,58586,0,0,0,0,0,0,0,0,0,0,0,0,0,0,0
100,3,"/home/pqv/data/test/real_discord1.pcap",1660161121.699196,8557,0,"99.178.376.0","99.178.376.0",64,85,43,1,85,43,1,0,0,0,1660161092.783973,"192.168.1.56","66.22.218.76","10:5B:AD:B2:81:B3","D0:6E:DE:6E:F8:AC",109,50001,58586,0,0,0,0,0,0,0,0,0,0,0,0,0,0,0
100,3,"/home/pqv/data/test/real_discord1.pcap",1660161121.720210,8558,0,"99.178.376.0","99.178.376.0",64,85,43,1,85,43,1,0,0,0,1660161092.783973,"192.168.1.56","66.22.218.76","10:5B:AD:B2:81:B3","D0:6E:DE:6E:F8:AC",109,50001,58586,0,0,0,0,0,0,0,0,0,0,0,0,0,0,0
100,3,"/home/pqv/data/test/real_discord1.pcap",1660161121.736597,8559,0,"99.178.376.0","99.178.376.0",64,85,43,1,85,43,1,0,0,0,1660161092.783973,"192.168.1.56","66.22.218.76","10:5B:AD:B2:81:B3","D0:6E:DE:6E:F8:AC",109,50001,58586,0,0,0,0,0,0,0,0,0,0,0,0,0,0,0
100,3,"/home/pqv/data/test/real_discord1.pcap",1660161121.757493,8560,0,"99.178.376.0","99.178.376.0",64,85,43,1,85,43,1,0,0,0,1660161092.783973,"192.168.1.56","66.22.218.76","10:5B:AD:B2:81:B3","D0:6E:DE:6E:F8:AC",109,50001,58586,0,0,0,0,0,0,0,0,0,0,0,0,0,0,0
100,3,"/home/pqv/data/test/real_discord1.pcap",1660161121.776853,8561,0,"99.178.376.0","99.178.376.0",64,287,245,1,0,0,0,287,245,1,1660161092.783973,"192.168.1.56","66.22.218.76","10:5B:AD:B2:81:B3","D0:6E:DE:6E:F8:AC",109,50001,58586,0,0,0,0,0,0,0,0,0,0,0,0,0,0,0
100,3,"/home/pqv/data/test/real_discord1.pcap",1660161121.796828,8562,0,"99.178.376.0","99.178.376.0",64,275,233,1,0,0,0,275,233,1,1660161092.783973,"192.168.1.56","66.22.218.76","10:5B:AD:B2:81:B3","D0:6E:DE:6E:F8:AC",109,50001,58586,0,0,0,0,0,0,0,0,0,0,0,0,0,0,0
100,3,"/home/pqv/data/test/real_discord1.pcap",1660161121.815920,8563,0,"99.178.376.0","99.178.376.0",64,296,254,1,0,0,0,296,254,1,1660161092.783973,"192.168.1.56","66.22.218.76","10:5B:AD:B2:81:B3","D0:6E:DE:6E:F8:AC",109,50001,58586,0,0,0,0,0,0,0,0,0,0,0,0,0,0,0
100,3,"/home/pqv/data/test/real_discord1.pcap",1660161121.835862,8564,0,"99.178.376.0","99.178.376.0",64,263,221,1,0,0,0,263,221,1,1660161092.783973,"192.168.1.56","66.22.218.76","10:5B:AD:B2:81:B3","D0:6E:DE:6E:F8:AC",109,50001,58586,0,0,0,0,0,0,0,0,0,0,0,0,0,0,0
100,3,"/home/pqv/data/test/real_discord1.pcap",1660161121.865104,8565,0,"99.178.376.0","99.178.376.0",64,254,212,1,0,0,0,254,212,1,1660161092.783973,"192.168.1.56","66.22.218.76","10:5B:AD:B2:81:B3","D0:6E:DE:6E:F8:AC",109,50001,58586,0,0,0,0,0,0,0,0,0,0,0,0,0,0,0
100,3,"/home/pqv/data/test/real_discord1.pcap",1660161121.875098,8566,0,"99.178.376.0","99.178.376.0",64,236,194,1,0,0,0,236,194,1,1660161092.783973,"192.168.1.56","66.22.218.76","10:5B:AD:B2:81:B3","D0:6E:DE:6E:F8:AC",109,50001,58586,0,0,0,0,0,0,0,0,0,0,0,0,0,0,0
100,3,"/home/pqv/data/test/real_discord1.pcap",1660161121.904931,8567,0,"99.178.376.0","99.178.376.0",64,228,186,1,0,0,0,228,186,1,1660161092.783973,"192.168.1.56","66.22.218.76","10:5B:AD:B2:81:B3","D0:6E:DE:6E:F8:AC",109,50001,58586,0,0,0,0,0,0,0,0,0,0,0,0,0,0,0
100,3,"/home/pqv/data/test/real_discord1.pcap",1660161121.915003,8569,0,"99.178.376.0","99.178.376.0",64,210,168,1,0,0,0,210,168,1,1660161092.783973,"192.168.1.56","66.22.218.76","10:5B:AD:B2:81:B3","D0:6E:DE:6E:F8:AC",109,50001,58586,0,0,0,0,0,0,0,0,0,0,0,0,0,0,0
100,3,"/home/pqv/data/test/real_discord1.pcap",1660161121.920899,8570,0,"99.178.376.0","99.178.376.0",64,94,52,1,0,0,0,94,52,1,1660161092.783973,"192.168.1.56","66.22.218.76","10:5B:AD:B2:81:B3","D0:6E:DE:6E:F8:AC",109,50001,58586,0,0,0,0,0,0,0,0,0,0,0,0,0,0,0
100,3,"/home/pqv/data/test/real_discord1.pcap",1660161121.934921,8571,0,"99.178.376.0","99.178.376.0",64,210,168,1,0,0,0,210,168,1,1660161092.783973,"192.168.1.56","66.22.218.76","10:5B:AD:B2:81:B3","D0:6E:DE:6E:F8:AC",109,50001,58586,0,0,0,0,0,0,0,0,0,0,0,0,0,0,0
100,3,"/home/pqv/data/test/real_discord1.pcap",1660161121.953876,8572,0,"99.178.376.0","99.178.376.0",64,222,180,1,0,0,0,222,180,1,1660161092.783973,"192.168.1.56","66.22.218.76","10:5B:AD:B2:81:B3","D0:6E:DE:6E:F8:AC",109,50001,58586,0,0,0,0,0,0,0,0,0,0,0,0,0,0,0
100,3,"/home/pqv/data/test/real_discord1.pcap",1660161121.983676,8573,0,"99.178.376.0","99.178.376.0",64,256,214,1,0,0,0,256,214,1,1660161092.783973,"192.168.1.56","66.22.218.76","10:5B:AD:B2:81:B3","D0:6E:DE:6E:F8:AC",109,50001,58586,0,0,0,0,0,0,0,0,0,0,0,0,0,0,0
100,3,"/home/pqv/data/test/real_discord1.pcap",1660161121.994124,8574,0,"99.178.376.0","99.178.376.0",64,309,267,1,0,0,0,309,267,1,1660161092.783973,"192.168.1.56","66.22.218.76","10:5B:AD:B2:81:B3","D0:6E:DE:6E:F8:AC",109,50001,58586,0,0,0,0,0,0,0,0,0,0,0,0,0,0,0
100,3,"/home/pqv/data/test/real_discord1.pcap",1660161122.023737,8575,0,"99.178.376.0","99.178.376.0",64,259,217,1,0,0,0,259,217,1,1660161092.783973,"192.168.1.56","66.22.218.76","10:5B:AD:B2:81:B3","D0:6E:DE:6E:F8:AC",109,50001,58586,0,0,0,0,0,0,0,0,0,0,0,0,0,0,0
100,3,"/home/pqv/data/test/real_discord1.pcap",1660161122.035042,8576,0,"99.178.376.0","99.178.376.0",64,85,43,1,0,0,0,85,43,1,1660161092.783973,"192.168.1.56","66.22.218.76","10:5B:AD:B2:81:B3","D0:6E:DE:6E:F8:AC",109,50001,58586,0,0,0,0,0,0,0,0,0,0,0,0,0,0,0
100,3,"/home/pqv/data/test/real_discord1.pcap",1660161122.065075,8577,0,"99.178.376.0","99.178.376.0",64,85,43,1,0,0,0,85,43,1,1660161092.783973,"192.168.1.56","66.22.218.76","10:5B:AD:B2:81:B3","D0:6E:DE:6E:F8:AC",109,50001,58586,0,0,0,0,0,0,0,0,0,0,0,0,0,0,0
100,3,"/home/pqv/data/test/real_discord1.pcap",1660161122.071930,8578,0,"99.178.376.0","99.178.376.0",64,85,43,1,0,0,0,85,43,1,1660161092.783973,"192.168.1.56","66.22.218.76","10:5B:AD:B2:81:B3","D0:6E:DE:6E:F8:AC",109,50001,58586,0,0,0,0,0,0,0,0,0,0,0,0,0,0,0
100,3,"/home/pqv/data/test/real_discord1.pcap",1660161122.101521,8579,0,"99.178.376.0","99.178.376.0",64,85,43,1,0,0,0,85,43,1,1660161092.783973,"192.168.1.56","66.22.218.76","10:5B:AD:B2:81:B3","D0:6E:DE:6E:F8:AC",109,50001,58586,0,0,0,0,0,0,0,0,0,0,0,0,0,0,0
100,3,"/home/pqv/data/test/real_discord1.pcap",1660161122.121165,8580,0,"99.178.376.0","99.178.376.0",64,85,43,1,0,0,0,85,43,1,1660161092.783973,"192.168.1.56","66.22.218.76","10:5B:AD:B2:81:B3","D0:6E:DE:6E:F8:AC",109,50001,58586,0,0,0,0,0,0,0,0,0,0,0,0,0,0,0
100,3,"/home/pqv/data/test/real_discord1.pcap",1660161122.141005,8581,0,"99.178.376.0","99.178.376.0",64,85,43,1,0,0,0,85,43,1,1660161092.783973,"192.168.1.56","66.22.218.76","10:5B:AD:B2:81:B3","D0:6E:DE:6E:F8:AC",109,50001,58586,0,0,0,0,0,0,0,0,0,0,0,0,0,0,0
100,3,"/home/pqv/data/test/real_discord1.pcap",1660161122.160863,8582,0,"99.178.376.0","99.178.376.0",64,85,43,1,0,0,0,85,43,1,1660161092.783973,"192.168.1.56","66.22.218.76","10:5B:AD:B2:81:B3","D0:6E:DE:6E:F8:AC",109,50001,58586,0,0,0,0,0,0,0,0,0,0,0,0,0,0,0
100,3,"/home/pqv/data/test/real_discord1.pcap",1660161122.180187,8583,0,"99.178.376.0","99.178.376.0",64,85,43,1,0,0,0,85,43,1,1660161092.783973,"192.168.1.56","66.22.218.76","10:5B:AD:B2:81:B3","D0:6E:DE:6E:F8:AC",109,50001,58586,0,0,0,0,0,0,0,0,0,0,0,0,0,0,0
100,3,"/home/pqv/data/test/real_discord1.pcap",1660161122.200420,8584,0,"99.178.376.0","99.178.376.0",64,85,43,1,0,0,0,85,43,1,1660161092.783973,"192.168.1.56","66.22.218.76","10:5B:AD:B2:81:B3","D0:6E:DE:6E:F8:AC",109,50001,58586,0,0,0,0,0,0,0,0,0,0,0,0,0,0,0
100,3,"/home/pqv/data/test/real_discord1.pcap",1660161122.219741,8585,0,"99.178.376.0","99.178.376.0",64,85,43,1,0,0,0,85,43,1,1660161092.783973,"192.168.1.56","66.22.218.76","10:5B:AD:B2:81:B3","D0:6E:DE:6E:F8:AC",109,50001,58586,0,0,0,0,0,0,0,0,0,0,0,0,0,0,0
100,3,"/home/pqv/data/test/real_discord1.pcap",1660161122.409110,8586,0,"99.178.376.0","99.178.376.0",64,243,201,1,0,0,0,243,201,1,1660161092.783973,"192.168.1.56","66.22.218.76","10:5B:AD:B2:81:B3","D0:6E:DE:6E:F8:AC",109,50001,58586,0,0,0,0,0,0,0,0,0,0,0,0,0,0,0
100,3,"/home/pqv/data/test/real_discord1.pcap",1660161122.422511,8587,218,"99.178.376.218","",64,103,61,1,103,61,1,0,0,0,1660161016.539454,"192.168.1.45","224.0.0.251","2E:A6:F9:DD:C6:4C","01:00:5E:00:00:FB",12,5353,5353,0,0,0,0,0,0,0,0,0,0,0,0,0,10,0
100,3,"/home/pqv/data/test/real_discord1.pcap",1660161122.422808,8588,218,"99.182.376.218","",64,123,61,1,123,61,1,0,0,0,1660161016.539710,"fe80::c43:8782:e85c:b881","ff02::fb","2E:A6:F9:DD:C6:4C","33:33:00:00:00:FB",13,5353,5353,0,0,0,0,0,0,0,0,0,0,0,0,0,10,0
100,3,"/home/pqv/data/test/real_discord1.pcap",1660161122.425340,8589,0,"99.178.376.0","99.178.376.0",64,243,201,1,0,0,0,243,201,1,1660161092.783973,"192.168.1.56","66.22.218.76","10:5B:AD:B2:81:B3","D0:6E:DE:6E:F8:AC",109,50001,58586,0,0,0,0,0,0,0,0,0,0,0,0,0,0,0
100,3,"/home/pqv/data/test/real_discord1.pcap",1660161122.449170,8590,0,"99.178.376.0","99.178.376.0",64,243,201,1,0,0,0,243,201,1,1660161092.783973,"192.168.1.56","66.22.218.76","10:5B:AD:B2:81:B3","D0:6E:DE:6E:F8:AC",109,50001,58586,0,0,0,0,0,0,0,0,0,0,0,0,0,0,0
100,3,"/home/pqv/data/test/real_discord1.pcap",1660161122.466759,8591,0,"99.178.376.0","99.178.376.0",64,243,201,1,0,0,0,243,201,1,1660161092.783973,"192.168.1.56","66.22.218.76","10:5B:AD:B2:81:B3","D0:6E:DE:6E:F8:AC",109,50001,58586,0,0,0,0,0,0,0,0,0,0,0,0,0,0,0
100,3,"/home/pqv/data/test/real_discord1.pcap",1660161122.487612,8592,0,"99.178.376.0","99.178.376.0",64,243,201,1,0,0,0,243,201,1,1660161092.783973,"192.168.1.56","66.22.218.76","10:5B:AD:B2:81:B3","D0:6E:DE:6E:F8:AC",109,50001,58586,0,0,0,0,0,0,0,0,0,0,0,0,0,0,0
100,3,"/home/pqv/data/test/real_discord1.pcap",1660161122.510076,8593,0,"99.178.376.0","99.178.376.0",64,243,201,1,0,0,0,243,201,1,1660161092.783973,"192.168.1.56","66.22.218.76","10:5B:AD:B2:81:B3","D0:6E:DE:6E:F8:AC",109,50001,58586,0,0,0,0,0,0,0,0,0,0,0,0,0,0,0
100,3,"/home/pqv/data/test/real_discord1.pcap",1660161122.527536,8594,0,"99.178.376.0","99.178.376.0",64,243,201,1,0,0,0,243,201,1,1660161092.783973,"192.168.1.56","66.22.218.76","10:5B:AD:B2:81:B3","D0:6E:DE:6E:F8:AC",109,50001,58586,0,0,0,0,0,0,0,0,0,0,0,0,0,0,0
100,3,"/home/pqv/data/test/real_discord1.pcap",1660161122.550031,8595,0,"99.178.376.0","99.178.376.0",64,243,201,1,0,0,0,243,201,1,1660161092.783973,"192.168.1.56","66.22.218.76","10:5B:AD:B2:81:B3","D0:6E:DE:6E:F8:AC",109,50001,58586,0,0,0,0,0,0,0,0,0,0,0,0,0,0,0
100,3,"/home/pqv/data/test/real_discord1.pcap",1660161122.566841,8596,0,"99.178.376.0","99.178.376.0",64,243,201,1,0,0,0,243,201,1,1660161092.783973,"192.168.1.56","66.22.218.76","10:5B:AD:B2:81:B3","D0:6E:DE:6E:F8:AC",109,50001,58586,0,0,0,0,0,0,0,0,0,0,0,0,0,0,0
100,3,"/home/pqv/data/test/real_discord1.pcap",1660161122.589163,8597,0,"99.178.376.0","99.178.376.0",64,243,201,1,0,0,0,243,201,1,1660161092.783973,"192.168.1.56","66.22.218.76","10:5B:AD:B2:81:B3","D0:6E:DE:6E:F8:AC",109,50001,58586,0,0,0,0,0,0,0,0,0,0,0,0,0,0,0
100,3,"/home/pqv/data/test/real_discord1.pcap",1660161122.605156,8598,0,"99.178.376.0","99.178.376.0",64,243,201,1,0,0,0,243,201,1,1660161092.783973,"192.168.1.56","66.22.218.76","10:5B:AD:B2:81:B3","D0:6E:DE:6E:F8:AC",109,50001,58586,0,0,0,0,0,0,0,0,0,0,0,0,0,0,0
100,3,"/home/pqv/data/test/real_discord1.pcap",1660161122.628064,8599,0,"99.178.376.0","99.178.376.0",64,243,201,1,0,0,0,243,201,1,1660161092.783973,"192.168.1.56","66.22.218.76","10:5B:AD:B2:81:B3","D0:6E:DE:6E:F8:AC",109,50001,58586,0,0,0,0,0,0,0,0,0,0,0,0,0,0,0
100,3,"/home/pqv/data/test/real_discord1.pcap",1660161122.645130,8600,0,"99.178.376.0","99.178.376.0",64,243,201,1,0,0,0,243,201,1,1660161092.783973,"192.168.1.56","66.22.218.76","10:5B:AD:B2:81:B3","D0:6E:DE:6E:F8:AC",109,50001,58586,0,0,0,0,0,0,0,0,0,0,0,0,0,0,0
100,3,"/home/pqv/data/test/real_discord1.pcap",1660161122.667984,8601,0,"99.178.376.0","99.178.376.0",64,243,201,1,0,0,0,243,201,1,1660161092.783973,"192.168.1.56","66.22.218.76","10:5B:AD:B2:81:B3","D0:6E:DE:6E:F8:AC",109,50001,58586,0,0,0,0,0,0,0,0,0,0,0,0,0,0,0
100,3,"/home/pqv/data/test/real_discord1.pcap",1660161122.684589,8602,0,"99.178.376.0","99.178.376.0",64,243,201,1,0,0,0,243,201,1,1660161092.783973,"192.168.1.56","66.22.218.76","10:5B:AD:B2:81:B3","D0:6E:DE:6E:F8:AC",109,50001,58586,0,0,0,0,0,0,0,0,0,0,0,0,0,0,0
100,3,"/home/pqv/data/test/real_discord1.pcap",1660161122.707076,8603,0,"99.178.376.0","99.178.376.0",64,243,201,1,0,0,0,243,201,1,1660161092.783973,"192.168.1.56","66.22.218.76","10:5B:AD:B2:81:B3","D0:6E:DE:6E:F8:AC",109,50001,58586,0,0,0,0,0,0,0,0,0,0,0,0,0,0,0
100,3,"/home/pqv/data/test/real_discord1.pcap",1660161122.729708,8604,0,"99.178.376.0","99.178.376.0",64,243,201,1,0,0,0,243,201,1,1660161092.783973,"192.168.1.56","66.22.218.76","10:5B:AD:B2:81:B3","D0:6E:DE:6E:F8:AC",109,50001,58586,0,0,0,0,0,0,0,0,0,0,0,0,0,0,0
100,3,"/home/pqv/data/test/real_discord1.pcap",1660161122.746683,8605,0,"99.178.376.0","99.178.376.0",64,243,201,1,0,0,0,243,201,1,1660161092.783973,"192.168.1.56","66.22.218.76","10:5B:AD:B2:81:B3","D0:6E:DE:6E:F8:AC",109,50001,58586,0,0,0,0,0,0,0,0,0,0,0,0,0,0,0
100,3,"/home/pqv/data/test/real_discord1.pcap",1660161122.768745,8606,0,"99.178.376.0","99.178.376.0",64,243,201,1,0,0,0,243,201,1,1660161092.783973,"192.168.1.56","66.22.218.76","10:5B:AD:B2:81:B3","D0:6E:DE:6E:F8:AC",109,50001,58586,0,0,0,0,0,0,0,0,0,0,0,0,0,0,0
100,3,"/home/pqv/data/test/real_discord1.pcap",1660161122.790783,8607,0,"99.178.376.0","99.178.376.0",64,243,201,1,0,0,0,243,201,1,1660161092.783973,"192.168.1.56","66.22.218.76","10:5B:AD:B2:81:B3","D0:6E:DE:6E:F8:AC",109,50001,58586,0,0,0,0,0,0,0,0,0,0,0,0,0,0,0
100,3,"/home/pqv/data/test/real_discord1.pcap",1660161122.808891,8608,0,"99.178.376.0","99.178.376.0",64,243,201,1,0,0,0,243,201,1,1660161092.783973,"192.168.1.56","66.22.218.76","10:5B:AD:B2:81:B3","D0:6E:DE:6E:F8:AC",109,50001,58586,0,0,0,0,0,0,0,0,0,0,0,0,0,0,0
100,3,"/home/pqv/data/test/real_discord1.pcap",1660161122.829823,8609,0,"99.178.376.0","99.178.376.0",64,243,201,1,0,0,0,243,201,1,1660161092.783973,"192.168.1.56","66.22.218.76","10:5B:AD:B2:81:B3","D0:6E:DE:6E:F8:AC",109,50001,58586,0,0,0,0,0,0,0,0,0,0,0,0,0,0,0
100,3,"/home/pqv/data/test/real_discord1.pcap",1660161122.846923,8610,0,"99.178.376.0","99.178.376.0",64,243,201,1,0,0,0,243,201,1,1660161092.783973,"192.168.1.56","66.22.218.76","10:5B:AD:B2:81:B3","D0:6E:DE:6E:F8:AC",109,50001,58586,0,0,0,0,0,0,0,0,0,0,0,0,0,0,0
100,3,"/home/pqv/data/test/real_discord1.pcap",1660161122.869569,8611,0,"99.178.376.0","99.178.376.0",64,243,201,1,0,0,0,243,201,1,1660161092.783973,"192.168.1.56","66.22.218.76","10:5B:AD:B2:81:B3","D0:6E:DE:6E:F8:AC",109,50001,58586,0,0,0,0,0,0,0,0,0,0,0,0,0,0,0
100,3,"/home/pqv/data/test/real_discord1.pcap",1660161122.887313,8612,0,"99.178.376.0","99.178.376.0",64,243,201,1,0,0,0,243,201,1,1660161092.783973,"192.168.1.56","66.22.218.76","10:5B:AD:B2:81:B3","D0:6E:DE:6E:F8:AC",109,50001,58586,0,0,0,0,0,0,0,0,0,0,0,0,0,0,0
100,3,"/home/pqv/data/test/real_discord1.pcap",1660161122.909131,8613,0,"99.178.376.0","99.178.376.0",64,243,201,1,0,0,0,243,201,1,1660161092.783973,"192.168.1.56","66.22.218.76","10:5B:AD:B2:81:B3","D0:6E:DE:6E:F8:AC",109,50001,58586,0,0,0,0,0,0,0,0,0,0,0,0,0,0,0
100,3,"/home/pqv/data/test/real_discord1.pcap",1660161122.921374,8614,0,"99.178.376.0","99.178.376.0",64,94,52,1,0,0,0,94,52,1,1660161092.783973,"192.168.1.56","66.22.218.76","10:5B:AD:B2:81:B3","D0:6E:DE:6E:F8:AC",109,50001,58586,0,0,0,0,0,0,0,0,0,0,0,0,0,0,0
100,3,"/home/pqv/data/test/real_discord1.pcap",1660161122.925556,8615,0,"99.178.376.0","99.178.376.0",64,243,201,1,0,0,0,243,201,1,1660161092.783973,"192.168.1.56","66.22.218.76","10:5B:AD:B2:81:B3","D0:6E:DE:6E:F8:AC",109,50001,58586,0,0,0,0,0,0,0,0,0,0,0,0,0,0,0
100,3,"/home/pqv/data/test/real_discord1.pcap",1660161122.948818,8617,0,"99.178.376.0","99.178.376.0",64,243,201,1,0,0,0,243,201,1,1660161092.783973,"192.168.1.56","66.22.218.76","10:5B:AD:B2:81:B3","D0:6E:DE:6E:F8:AC",109,50001,58586,0,0,0,0,0,0,0,0,0,0,0,0,0,0,0
100,3,"/home/pqv/data/test/real_discord1.pcap",1660161122.971885,8618,0,"99.178.376.0","99.178.376.0",64,243,201,1,0,0,0,243,201,1,1660161092.783973,"192.168.1.56","66.22.218.76","10:5B:AD:B2:81:B3","D0:6E:DE:6E:F8:AC",109,50001,58586,0,0,0,0,0,0,0,0,0,0,0,0,0,0,0
100,3,"/home/pqv/data/test/real_discord1.pcap",1660161122.987856,8619,0,"99.178.376.0","99.178.376.0",64,243,201,1,0,0,0,243,201,1,1660161092.783973,"192.168.1.56","66.22.218.76","10:5B:AD:B2:81:B3","D0:6E:DE:6E:F8:AC",109,50001,58586,0,0,0,0,0,0,0,0,0,0,0,0,0,0,0
100,3,"/home/pqv/data/test/real_discord1.pcap",1660161123.010967,8620,0,"99.178.376.0","99.178.376.0",64,243,201,1,0,0,0,243,201,1,1660161092.783973,"192.168.1.56","66.22.218.76","10:5B:AD:B2:81:B3","D0:6E:DE:6E:F8:AC",109,50001,58586,0,0,0,0,0,0,0,0,0,0,0,0,0,0,0
100,3,"/home/pqv/data/test/real_discord1.pcap",1660161123.027049,8621,0,"99.178.376.0","99.178.376.0",64,243,201,1,0,0,0,243,201,1,1660161092.783973,"192.168.1.56","66.22.218.76","10:5B:AD:B2:81:B3","D0:6E:DE:6E:F8:AC",109,50001,58586,0,0,0,0,0,0,0,0,0,0,0,0,0,0,0
100,3,"/home/pqv/data/test/real_discord1.pcap",1660161123.050462,8622,0,"99.178.376.0","99.178.376.0",64,243,201,1,0,0,0,243,201,1,1660161092.783973,"192.168.1.56","66.22.218.76","10:5B:AD:B2:81:B3","D0:6E:DE:6E:F8:AC",109,50001,58586,0,0,0,0,0,0,0,0,0,0,0,0,0,0,0
100,3,"/home/pqv/data/test/real_discord1.pcap",1660161123.053763,8623,0,"99.178.354.0","99.178.354.0",64,239,185,1,239,185,1,0,0,0,1660161018.118968,"162.159.136.234","192.168.1.56","D0:6E:DE:6E:F8:AC","10:5B:AD:B2:81:B3",15,50656,443,0,0,0,0,0,5625263,0,5625263,0,5625263,0,0,0,0,0
100,3,"/home/pqv/data/test/real_discord1.pcap",1660161123.066458,8624,0,"99.178.376.0","99.178.376.0",64,243,201,1,0,0,0,243,201,1,1660161092.783973,"192.168.1.56","66.22.218.76","10:5B:AD:B2:81:B3","D0:6E:DE:6E:F8:AC",109,50001,58586,0,0,0,0,0,0,0,0,0,0,0,0,0,0,0
100,3,"/home/pqv/data/test/real_discord1.pcap",1660161123.089172,8625,0,"99.178.376.0","99.178.376.0",64,243,201,1,0,0,0,243,201,1,1660161092.783973,"192.168.1.56","66.22.218.76","10:5B:AD:B2:81:B3","D0:6E:DE:6E:F8:AC",109,50001,58586,0,0,0,0,0,0,0,0,0,0,0,0,0,0,0
100,3,"/home/pqv/data/test/real_discord1.pcap",1660161123.106191,8626,0,"99.178.376.0","99.178.376.0",64,243,201,1,0,0,0,243,201,1,1660161092.783973,"192.168.1.56","66.22.218.76","10:5B:AD:B2:81:B3","D0:6E:DE:6E:F8:AC",109,50001,58586,0,0,0,0,0,0,0,0,0,0,0,0,0,0,0
100,3,"/home/pqv/data/test/real_discord1.pcap",1660161123.109762,8627,0,"99.178.354.0","99.178.354.0",64,54,0,1,0,0,0,54,0,1,1660161018.118968,"162.159.136.234","192.168.1.56","D0:6E:DE:6E:F8:AC","10:5B:AD:B2:81:B3",15,50656,443,0,0,0,0,55999,0,55999,0,55999,0,0,0,0,0,0
100,3,"/home/pqv/data/test/real_discord1.pcap",1660161123.128951,8628,0,"99.178.376.0","99.178.376.0",64,243,201,1,0,0,0,243,201,1,1660161092.783973,"192.168.1.56","66.22.218.76","10:5B:AD:B2:81:B3","D0:6E:DE:6E:F8:AC",109,50001,58586,0,0,0,0,0,0,0,0,0,0,0,0,0,0,0
100,3,"/home/pqv/data/test/real_discord1.pcap",1660161123.151241,8629,0,"99.178.376.0","99.178.376.0",64,243,201,1,0,0,0,243,201,1,1660161092.783973,"192.168.1.56","66.22.218.76","10:5B:AD:B2:81:B3","D0:6E:DE:6E:F8:AC",109,50001,58586,0,0,0,0,0,0,0,0,0,0,0,0,0,0,0
100,3,"/home/pqv/data/test/real_discord1.pcap",1660161123.167807,8630,0,"99.178.376.0","99.178.376.0",64,243,201,1,0,0,0,243,201,1,1660161092.783973,"192.168.1.56","66.22.218.76","10:5B:AD:B2:81:B3","D0:6E:DE:6E:F8:AC",109,50001,58586,0,0,0,0,0,0,0,0,0,0,0,0,0,0,0
100,3,"/home/pqv/data/test/real_discord1.pcap",1660161123.189956,8631,0,"99.178.376.0","99.178.376.0",64,243,201,1,0,0,0,243,201,1,1660161092.783973,"192.168.1.56","66.22.218.76","10:5B:AD:B2:81:B3","D0:6E:DE:6E:F8:AC",109,50001,58586,0,0,0,0,0,0,0,0,0,0,0,0,0,0,0
100,3,"/home/pqv/data/test/real_discord1.pcap",1660161123.193677,8632,0,"99.178.354.0","99.178.354.0",64,115,61,1,115,61,1,0,0,0,1660161021.132300,"192.168.1.56","162.159.128.235","10:5B:AD:B2:81:B3","D0:6E:DE:6E:F8:AC",52,443,49469,0,0,0,0,1626249,0,1626249,0,1626249,0,0,0,0,0,0
100,3,"/home/pqv/data/test/real_discord1.pcap",1660161123.203579,8633,0,"99.178.354.0","99.178.354.0",64,60,0,1,0,0,0,60,0,1,1660161021.132300,"192.168.1.56","162.159.128.235","10:5B:AD:B2:81:B3","D0:6E:DE:6E:F8:AC",52,443,49469,0,0,0,0,0,9902,0,9902,0,9902,0,0,0,0,0
100,3,"/home/pqv/data/test/real_discord1.pcap",1660161123.208409,8634,0,"99.178.376.0","99.178.376.0",64,243,201,1,0,0,0,243,201,1,1660161092.783973,"192.168.1.56","66.22.218.76","10:5B:AD:B2:81:B3","D0:6E:DE:6E:F8:AC",109,50001,58586,0,0,0,0,0,0,0,0,0,0,0,0,0,0,0
100,3,"/home/pqv/data/test/real_discord1.pcap",1660161123.227629,8635,0,"99.178.376.0","99.178.376.0",64,243,201,1,0,0,0,243,201,1,1660161092.783973,"192.168.1.56","66.22.218.76","10:5B:AD:B2:81:B3","D0:6E:DE:6E:F8:AC",109,50001,58586,0,0,0,0,0,0,0,0,0,0,0,0,0,0,0
100,3,"/home/pqv/data/test/real_discord1.pcap",1660161123.250873,8636,0,"99.178.376.0","99.178.376.0",64,243,201,1,0,0,0,243,201,1,1660161092.783973,"192.168.1.56","66.22.218.76","10:5B:AD:B2:81:B3","D0:6E:DE:6E:F8:AC",109,50001,58586,0,0,0,0,0,0,0,0,0,0,0,0,0,0,0
100,3,"/home/pqv/data/test/real_discord1.pcap",1660161123.267810,8637,0,"99.178.376.0","99.178.376.0",64,243,201,1,0,0,0,243,201,1,1660161092.783973,"192.168.1.56","66.22.218.76","10:5B:AD:B2:81:B3","D0:6E:DE:6E:F8:AC",109,50001,58586,0,0,0,0,0,0,0,0,0,0,0,0,0,0,0
100,3,"/home/pqv/data/test/real_discord1.pcap",1660161123.290663,8638,0,"99.178.376.0","99.178.376.0",64,243,201,1,0,0,0,243,201,1,1660161092.783973,"192.168.1.56","66.22.218.76","10:5B:AD:B2:81:B3","D0:6E:DE:6E:F8:AC",109,50001,58586,0,0,0,0,0,0,0,0,0,0,0,0,0,0,0
100,3,"/home/pqv/data/test/real_discord1.pcap",1660161123.307048,8639,0,"99.178.376.0","99.178.376.0",64,243,201,1,0,0,0,243,201,1,1660161092.783973,"192.168.1.56","66.22.218.76","10:5B:AD:B2:81:B3","D0:6E:DE:6E:F8:AC",109,50001,58586,0,0,0,0,0,0,0,0,0,0,0,0,0,0,0
100,3,"/home/pqv/data/test/real_discord1.pcap",1660161123.329611,8640,0,"99.178.376.0","99.178.376.0",64,243,201,1,0,0,0,243,201,1,1660161092.783973,"192.168.1.56","66.22.218.76","10:5B:AD:B2:81:B3","D0:6E:DE:6E:F8:AC",109,50001,58586,0,0,0,0,0,0,0,0,0,0,0,0,0,0,0
100,3,"/home/pqv/data/test/real_discord1.pcap",1660161123.341967,8641,0,"99.178.376.0","99.178.376.0",64,243,201,1,0,0,0,243,201,1,1660161092.783973,"192.168.1.56","66.22.218.76","10:5B:AD:B2:81:B3","D0:6E:DE:6E:F8:AC",109,50001,58586,0,0,0,0,0,0,0,0,0,0,0,0,0,0,0
100,3,"/home/pqv/data/test/real_discord1.pcap",1660161123.346393,8642,0,"99.178.376.0","99.178.376.0",64,243,201,1,0,0,0,243,201,1,1660161092.783973,"192.168.1.56","66.22.218.76","10:5B:AD:B2:81:B3","D0:6E:DE:6E:F8:AC",109,50001,58586,0,0,0,0,0,0,0,0,0,0,0,0,0,0,0
100,3,"/home/pqv/data/test/real_discord1.pcap",1660161123.362113,8643,0,"99.178.376.0","99.178.376.0",64,243,201,1,0,0,0,243,201,1,1660161092.783973,"192.168.1.56","66.22.218.76","10:5B:AD:B2:81:B3","D0:6E:DE:6E:F8:AC",109,50001,58586,0,0,0,0,0,0,0,0,0,0,0,0,0,0,0
100,3,"/home/pqv/data/test/real_discord1.pcap",1660161123.369106,8644,0,"99.178.376.0","99.178.376.0",64,243,201,1,0,0,0,243,201,1,1660161092.783973,"192.168.1.56","66.22.218.76","10:5B:AD:B2:81:B3","D0:6E:DE:6E:F8:AC",109,50001,58586,0,0,0,0,0,0,0,0,0,0,0,0,0,0,0
100,3,"/home/pqv/data/test/real_discord1.pcap",1660161123.372144,8645,0,"99.178.376.0","99.178.376.0",64,336,294,1,0,0,0,336,294,1,1660161092.783973,"192.168.1.56","66.22.218.76","10:5B:AD:B2:81:B3","D0:6E:DE:6E:F8:AC",109,50001,58586,0,0,0,0,0,0,0,0,0,0,0,0,0,0,0
100,3,"/home/pqv/data/test/real_discord1.pcap",1660161123.401979,8646,0,"99.178.376.0","99.178.376.0",64,243,201,1,0,0,0,243,201,1,1660161092.783973,"192.168.1.56","66.22.218.76","10:5B:AD:B2:81:B3","D0:6E:DE:6E:F8:AC",109,50001,58586,0,0,0,0,0,0,0,0,0,0,0,0,0,0,0
100,3,"/home/pqv/data/test/real_discord1.pcap",1660161123.402039,8647,0,"99.178.354.0","99.178.354.0",64,111,57,1,0,0,0,111,57,1,1660161021.132300,"192.168.1.56","162.159.128.235","10:5B:AD:B2:81:B3","D0:6E:DE:6E:F8:AC",52,443,49469,0,0,0,0,0,0,0,0,0,0,0,0,0,0,0
100,3,"/home/pqv/data/test/real_discord1.pcap",1660161123.402272,8648,0,"99.178.376.0","99.178.376.0",64,283,241,1,0,0,0,283,241,1,1660161092.783973,"192.168.1.56","66.22.218.76","10:5B:AD:B2:81:B3","D0:6E:DE:6E:F8:AC",109,50001,58586,0,0,0,0,0,0,0,0,0,0,0,0,0,0,0
100,3,"/home/pqv/data/test/real_discord1.pcap",1660161123.408842,8649,0,"99.178.376.0","99.178.376.0",64,243,201,1,0,0,0,243,201,1,1660161092.783973,"192.168.1.56","66.22.218.76","10:5B:AD:B2:81:B3","D0:6E:DE:6E:F8:AC",109,50001,58586,0,0,0,0,0,0,0,0,0,0,0,0,0,0,0
100,3,"/home/pqv/data/test/real_discord1.pcap",1660161123.411306,8650,0,"99.178.376.0","99.178.376.0",64,270,228,1,0,0,0,270,228,1,1660161092.783973,"192.168.1.56","66.22.218.76","10:5B:AD:B2:81:B3","D0:6E:DE:6E:F8:AC",109,50001,58586,0,0,0,0,0,0,0,0,0,0,0,0,0,0,0
100,3,"/home/pqv/data/test/real_discord1.pcap",1660161123.426521,8651,0,"99.178.376.0","99.178.376.0",64,243,201,1,0,0,0,243,201,1,1660161092.783973,"192.168.1.56","66.22.218.76","10:5B:AD:B2:81:B3","D0:6E:DE:6E:F8:AC",109,50001,58586,0,0,0,0,0,0,0,0,0,0,0,0,0,0,0
100,3,"/home/pqv/data/test/real_discord1.pcap",1660161123.440467,8652,0,"99.178.376.0","99.178.376.0",64,243,201,1,0,0,0,243,201,1,1660161092.783973,"192.168.1.56","66.22.218.76","10:5B:AD:B2:81:B3","D0:6E:DE:6E:F8:AC",109,50001,58586,0,0,0,0,0,0,0,0,0,0,0,0,0,0,0
100,3,"/home/pqv/data/test/real_discord1.pcap",1660161123.449046,8653,0,"99.178.376.0","99.178.376.0",64,243,201,1,0,0,0,243,201,1,1660161092.783973,"192.168.1.56","66.22.218.76","10:5B:AD:B2:81:B3","D0:6E:DE:6E:F8:AC",109,50001,58586,0,0,0,0,0,0,0,0,0,0,0,0,0,0,0
100,3,"/home/pqv/data/test/real_discord1.pcap",1660161123.451173,8654,0,"99.178.354.0","99.178.354.0",64,54,0,1,54,0,1,0,0,0,1660161021.132300,"192.168.1.56","162.159.128.235","10:5B:AD:B2:81:B3","D0:6E:DE:6E:F8:AC",52,443,49469,0,0,0,0,49134,0,49134,0,49134,0,0,0,0,0,0
100,3,"/home/pqv/data/test/real_discord1.pcap",1660161123.460159,8655,0,"99.178.376.0","99.178.376.0",64,243,201,1,0,0,0,243,201,1,1660161092.783973,"192.168.1.56","66.22.218.76","10:5B:AD:B2:81:B3","D0:6E:DE:6E:F8:AC",109,50001,58586,0,0,0,0,0,0,0,0,0,0,0,0,0,0,0
100,3,"/home/pqv/data/test/real_discord1.pcap",1660161123.465102,8656,0,"99.178.376.0","99.178.376.0",64,243,201,1,0,0,0,243,201,1,1660161092.783973,"192.168.1.56","66.22.218.76","10:5B:AD:B2:81:B3","D0:6E:DE:6E:F8:AC",109,50001,58586,0,0,0,0,0,0,0,0,0,0,0,0,0,0,0
100,3,"/home/pqv/data/test/real_discord1.pcap",1660161123.480677,8657,0,"99.178.376.0","99.178.376.0",64,243,201,1,0,0,0,243,201,1,1660161092.783973,"192.168.1.56","66.22.218.76","10:5B:AD:B2:81:B3","D0:6E:DE:6E:F8:AC",109,50001,58586,0,0,0,0,0,0,0,0,0,0,0,0,0,0,0
100,3,"/home/pqv/data/test/real_discord1.pcap",1660161123.480677,8658,0,"99.182.354.0","99.182.354.0",64,138,64,1,138,64,1,0,0,0,1660161066.388218,"2606:2800:133:206e:1315:22a5:2006:24fd","2001:861:3888:3660:a4e9:8ef7:6859:3f64","D0:6E:DE:6E:F8:AC","10:5B:AD:B2:81:B3",100,57404,443,0,0,0,0,0,57092402,0,57092402,0,57092402,0,0,0,0,0
100,3,"/home/pqv/data/test/real_discord1.pcap",1660161123.480677,8659,0,"99.182.354.0","99.182.354.0",64,105,31,1,105,31,1,0,0,0,1660161066.388218,"2606:2800:133:206e:1315:22a5:2006:24fd","2001:861:3888:3660:a4e9:8ef7:6859:3f64","D0:6E:DE:6E:F8:AC","10:5B:AD:B2:81:B3",100,57404,443,0,0,0,0,0,0,0,0,0,0,0,0,0,0,0
100,3,"/home/pqv/data/test/real_discord1.pcap",1660161123.480774,8660,0,"99.182.354.0","99.182.354.0",64,74,0,1,0,0,0,74,0,1,1660161066.388218,"2606:2800:133:206e:1315:22a5:2006:24fd","2001:861:3888:3660:a4e9:8ef7:6859:3f64","D0:6E:DE:6E:F8:AC","10:5B:AD:B2:81:B3",100,57404,443,0,0,0,0,97,0,97,0,97,0,0,0,0,0,0
100,3,"/home/pqv/data/test/real_discord1.pcap",1660161123.481946,8661,0,"99.182.354.0","99.182.354.0",64,74,0,1,74,0,1,0,0,0,1660161066.388218,"2606:2800:133:206e:1315:22a5:2006:24fd","2001:861:3888:3660:a4e9:8ef7:6859:3f64","D0:6E:DE:6E:F8:AC","10:5B:AD:B2:81:B3",100,57404,443,0,0,0,0,0,1172,0,1172,0,1172,0,0,0,0,0
100,3,"/home/pqv/data/test/real_discord1.pcap",1660161123.481997,8662,0,"99.182.354.0","99.182.354.0",64,74,0,1,0,0,0,74,0,1,1660161066.388218,"2606:2800:133:206e:1315:22a5:2006:24fd","2001:861:3888:3660:a4e9:8ef7:6859:3f64","D0:6E:DE:6E:F8:AC","10:5B:AD:B2:81:B3",100,57404,443,0,0,0,0,0,0,0,0,0,0,0,0,0,0,0
100,3,"/home/pqv/data/test/real_discord1.pcap",1660161123.487745,8663,0,"99.178.376.0","99.178.376.0",64,243,201,1,0,0,0,243,201,1,1660161092.783973,"192.168.1.56","66.22.218.76","10:5B:AD:B2:81:B3","D0:6E:DE:6E:F8:AC",109,50001,58586,0,0,0,0,0,0,0,0,0,0,0,0,0,0,0
100,3,"/home/pqv/data/test/real_discord1.pcap",1660161123.500925,8664,0,"99.178.376.0","99.178.376.0",64,243,201,1,0,0,0,243,201,1,1660161092.783973,"192.168.1.56","66.22.218.76","10:5B:AD:B2:81:B3","D0:6E:DE:6E:F8:AC",109,50001,58586,0,0,0,0,0,0,0,0,0,0,0,0,0,0,0
100,3,"/home/pqv/data/test/real_discord1.pcap",1660161123.509473,8665,0,"99.178.376.0","99.178.376.0",64,243,201,1,0,0,0,243,201,1,1660161092.783973,"192.168.1.56","66.22.218.76","10:5B:AD:B2:81:B3","D0:6E:DE:6E:F8:AC",109,50001,58586,0,0,0,0,0,0,0,0,0,0,0,0,0,0,0
100,3,"/home/pqv/data/test/real_discord1.pcap",1660161123.520119,8666,0,"99.178.376.0","99.178.376.0",64,243,201,1,0,0,0,243,201,1,1660161092.783973,"192.168.1.56","66.22.218.76","10:5B:AD:B2:81:B3","D0:6E:DE:6E:F8:AC",109,50001,58586,0,0,0,0,0,0,0,0,0,0,0,0,0,0,0
100,3,"/home/pqv/data/test/real_discord1.pcap",1660161123.526594,8667,0,"99.178.376.0","99.178.376.0",64,243,201,1,0,0,0,243,201,1,1660161092.783973,"192.168.1.56","66.22.218.76","10:5B:AD:B2:81:B3","D0:6E:DE:6E:F8:AC",109,50001,58586,0,0,0,0,0,0,0,0,0,0,0,0,0,0,0
100,3,"/home/pqv/data/test/real_discord1.pcap",1660161123.539145,8668,0,"99.178.376.0","99.178.376.0",64,243,201,1,0,0,0,243,201,1,1660161092.783973,"192.168.1.56","66.22.218.76","10:5B:AD:B2:81:B3","D0:6E:DE:6E:F8:AC",109,50001,58586,0,0,0,0,0,0,0,0,0,0,0,0,0,0,0
100,3,"/home/pqv/data/test/real_discord1.pcap",1660161123.549025,8669,0,"99.178.376.0","99.178.376.0",64,243,201,1,0,0,0,243,201,1,1660161092.783973,"192.168.1.56","66.22.218.76","10:5B:AD:B2:81:B3","D0:6E:DE:6E:F8:AC",109,50001,58586,0,0,0,0,0,0,0,0,0,0,0,0,0,0,0
100,3,"/home/pqv/data/test/real_discord1.pcap",1660161123.559454,8670,0,"99.178.376.0","99.178.376.0",64,243,201,1,0,0,0,243,201,1,1660161092.783973,"192.168.1.56","66.22.218.76","10:5B:AD:B2:81:B3","D0:6E:DE:6E:F8:AC",109,50001,58586,0,0,0,0,0,0,0,0,0,0,0,0,0,0,0
100,3,"/home/pqv/data/test/real_discord1.pcap",1660161123.565992,8671,0,"99.178.376.0","99.178.376.0",64,243,201,1,0,0,0,243,201,1,1660161092.783973,"192.168.1.56","66.22.218.76","10:5B:AD:B2:81:B3","D0:6E:DE:6E:F8:AC",109,50001,58586,0,0,0,0,0,0,0,0,0,0,0,0,0,0,0
100,3,"/home/pqv/data/test/real_discord1.pcap",1660161123.578168,8672,0,"99.178.376.0","99.178.376.0",64,243,201,1,0,0,0,243,201,1,1660161092.783973,"192.168.1.56","66.22.218.76","10:5B:AD:B2:81:B3","D0:6E:DE:6E:F8:AC",109,50001,58586,0,0,0,0,0,0,0,0,0,0,0,0,0,0,0
100,3,"/home/pqv/data/test/real_discord1.pcap",1660161123.588893,8673,0,"99.178.376.0","99.178.376.0",64,243,201,1,0,0,0,243,201,1,1660161092.783973,"192.168.1.56","66.22.218.76","10:5B:AD:B2:81:B3","D0:6E:DE:6E:F8:AC",109,50001,58586,0,0,0,0,0,0,0,0,0,0,0,0,0,0,0
100,3,"/home/pqv/data/test/real_discord1.pcap",1660161123.598160,8674,0,"99.178.376.0","99.178.376.0",64,243,201,1,0,0,0,243,201,1,1660161092.783973,"192.168.1.56","66.22.218.76","10:5B:AD:B2:81:B3","D0:6E:DE:6E:F8:AC",109,50001,58586,0,0,0,0,0,0,0,0,0,0,0,0,0,0,0
100,3,"/home/pqv/data/test/real_discord1.pcap",1660161123.610828,8675,0,"99.178.376.0","99.178.376.0",64,243,201,1,0,0,0,243,201,1,1660161092.783973,"192.168.1.56","66.22.218.76","10:5B:AD:B2:81:B3","D0:6E:DE:6E:F8:AC",109,50001,58586,0,0,0,0,0,0,0,0,0,0,0,0,0,0,0
100,3,"/home/pqv/data/test/real_discord1.pcap",1660161123.618158,8676,0,"99.178.376.0","99.178.376.0",64,243,201,1,0,0,0,243,201,1,1660161092.783973,"192.168.1.56","66.22.218.76","10:5B:AD:B2:81:B3","D0:6E:DE:6E:F8:AC",109,50001,58586,0,0,0,0,0,0,0,0,0,0,0,0,0,0,0
100,3,"/home/pqv/data/test/real_discord1.pcap",1660161123.627521,8677,0,"99.178.376.0","99.178.376.0",64,243,201,1,0,0,0,243,201,1,1660161092.783973,"192.168.1.56","66.22.218.76","10:5B:AD:B2:81:B3","D0:6E:DE:6E:F8:AC",109,50001,58586,0,0,0,0,0,0,0,0,0,0,0,0,0,0,0
100,3,"/home/pqv/data/test/real_discord1.pcap",1660161123.637788,8678,164,"99.182.164","",65,86,0,1,86,0,1,0,0,0,1660161123.637788,"2001:861:3888:3660:78c2:fc3f:c0a8:60d4","2001:861:3888:3660:d26e:deff:fe6e:f8ac","10:5B:AD:B2:81:B3","D0:6E:DE:6E:F8:AC",123,0,0,0,0,0,0,0,0,0,0,0,0,0,0,0,10,0
100,3,"/home/pqv/data/test/real_discord1.pcap",1660161123.637816,8679,0,"99.178.376.0","99.178.376.0",65,243,201,1,0,0,0,243,201,1,1660161092.783973,"192.168.1.56","66.22.218.76","10:5B:AD:B2:81:B3","D0:6E:DE:6E:F8:AC",109,50001,58586,0,0,0,0,0,0,0,0,0,0,0,0,0,0,0
100,3,"/home/pqv/data/test/real_discord1.pcap",1660161123.644124,8680,164,"99.182.164","99.182.164",65,78,0,1,0,0,0,78,0,1,1660161123.637788,"2001:861:3888:3660:78c2:fc3f:c0a8:60d4","2001:861:3888:3660:d26e:deff:fe6e:f8ac","10:5B:AD:B2:81:B3","D0:6E:DE:6E:F8:AC",123,0,0,0,0,0,0,0,0,0,0,0,0,0,0,0,10,0
100,3,"/home/pqv/data/test/real_discord1.pcap",1660161123.649784,8681,0,"99.178.376.0","99.178.376.0",65,243,201,1,0,0,0,243,201,1,1660161092.783973,"192.168.1.56","66.22.218.76","10:5B:AD:B2:81:B3","D0:6E:DE:6E:F8:AC",109,50001,58586,0,0,0,0,0,0,0,0,0,0,0,0,0,0,0
100,3,"/home/pqv/data/test/real_discord1.pcap",1660161123.666446,8682,0,"99.178.376.0","99.178.376.0",65,243,201,1,0,0,0,243,201,1,1660161092.783973,"192.168.1.56","66.22.218.76","10:5B:AD:B2:81:B3","D0:6E:DE:6E:F8:AC",109,50001,58586,0,0,0,0,0,0,0,0,0,0,0,0,0,0,0
100,3,"/home/pqv/data/test/real_discord1.pcap",1660161123.666446,8683,0,"99.178.376.0","99.178.376.0",65,243,201,1,0,0,0,243,201,1,1660161092.783973,"192.168.1.56","66.22.218.76","10:5B:AD:B2:81:B3","D0:6E:DE:6E:F8:AC",109,50001,58586,0,0,0,0,0,0,0,0,0,0,0,0,0,0,0
100,3,"/home/pqv/data/test/real_discord1.pcap",1660161123.673879,8684,164,"99.182.164","",66,86,0,1,86,0,1,0,0,0,1660161123.673879,"fe80::d26e:deff:fe6e:f8ac","2001:861:3888:3660:78c2:fc3f:c0a8:60d4","D0:6E:DE:6E:F8:AC","10:5B:AD:B2:81:B3",124,0,0,0,0,0,0,0,0,0,0,0,0,0,0,0,10,0
100,3,"/home/pqv/data/test/real_discord1.pcap",1660161123.674025,8685,164,"99.182.164","99.182.164",66,86,0,1,0,0,0,86,0,1,1660161123.673879,"fe80::d26e:deff:fe6e:f8ac","2001:861:3888:3660:78c2:fc3f:c0a8:60d4","D0:6E:DE:6E:F8:AC","10:5B:AD:B2:81:B3",124,0,0,0,0,0,0,0,0,0,0,0,0,0,0,0,10,0
100,3,"/home/pqv/data/test/real_discord1.pcap",1660161123.676870,8686,0,"99.178.376.0","99.178.376.0",66,243,201,1,0,0,0,243,201,1,1660161092.783973,"192.168.1.56","66.22.218.76","10:5B:AD:B2:81:B3","D0:6E:DE:6E:F8:AC",109,50001,58586,0,0,0,0,0,0,0,0,0,0,0,0,0,0,0
100,3,"/home/pqv/data/test/real_discord1.pcap",1660161123.688909,8687,0,"99.178.376.0","99.178.376.0",66,243,201,1,0,0,0,243,201,1,1660161092.783973,"192.168.1.56","66.22.218.76","10:5B:AD:B2:81:B3","D0:6E:DE:6E:F8:AC",109,50001,58586,0,0,0,0,0,0,0,0,0,0,0,0,0,0,0
100,3,"/home/pqv/data/test/real_discord1.pcap",1660161123.705715,8688,0,"99.178.376.0","99.178.376.0",66,243,201,1,0,0,0,243,201,1,1660161092.783973,"192.168.1.56","66.22.218.76","10:5B:AD:B2:81:B3","D0:6E:DE:6E:F8:AC",109,50001,58586,0,0,0,0,0,0,0,0,0,0,0,0,0,0,0
100,3,"/home/pqv/data/test/real_discord1.pcap",1660161123.705715,8689,0,"99.178.376.0","99.178.376.0",66,243,201,1,0,0,0,243,201,1,1660161092.783973,"192.168.1.56","66.22.218.76","10:5B:AD:B2:81:B3","D0:6E:DE:6E:F8:AC",109,50001,58586,0,0,0,0,0,0,0,0,0,0,0,0,0,0,0
100,3,"/home/pqv/data/test/real_discord1.pcap",1660161123.716454,8690,0,"99.178.376.0","99.178.376.0",66,243,201,1,0,0,0,243,201,1,1660161092.783973,"192.168.1.56","66.22.218.76","10:5B:AD:B2:81:B3","D0:6E:DE:6E:F8:AC",109,50001,58586,0,0,0,0,0,0,0,0,0,0,0,0,0,0,0
100,3,"/home/pqv/data/test/real_discord1.pcap",1660161123.728779,8691,0,"99.178.376.0","99.178.376.0",66,206,164,1,0,0,0,206,164,1,1660161092.783973,"192.168.1.56","66.22.218.76","10:5B:AD:B2:81:B3","D0:6E:DE:6E:F8:AC",109,50001,58586,0,0,0,0,0,0,0,0,0,0,0,0,0,0,0
100,3,"/home/pqv/data/test/real_discord1.pcap",1660161123.745389,8692,0,"99.178.376.0","99.178.376.0",66,207,165,1,0,0,0,207,165,1,1660161092.783973,"192.168.1.56","66.22.218.76","10:5B:AD:B2:81:B3","D0:6E:DE:6E:F8:AC",109,50001,58586,0,0,0,0,0,0,0,0,0,0,0,0,0,0,0
100,3,"/home/pqv/data/test/real_discord1.pcap",1660161123.745389,8693,0,"99.178.376.0","99.178.376.0",66,243,201,1,0,0,0,243,201,1,1660161092.783973,"192.168.1.56","66.22.218.76","10:5B:AD:B2:81:B3","D0:6E:DE:6E:F8:AC",109,50001,58586,0,0,0,0,0,0,0,0,0,0,0,0,0,0,0
100,3,"/home/pqv/data/test/real_discord1.pcap",1660161123.755998,8694,0,"99.178.376.0","99.178.376.0",66,243,201,1,0,0,0,243,201,1,1660161092.783973,"192.168.1.56","66.22.218.76","10:5B:AD:B2:81:B3","D0:6E:DE:6E:F8:AC",109,50001,58586,0,0,0,0,0,0,0,0,0,0,0,0,0,0,0
100,3,"/home/pqv/data/test/real_discord1.pcap",1660161123.767789,8695,0,"99.178.376.0","99.178.376.0",66,207,165,1,0,0,0,207,165,1,1660161092.783973,"192.168.1.56","66.22.218.76","10:5B:AD:B2:81:B3","D0:6E:DE:6E:F8:AC",109,50001,58586,0,0,0,0,0,0,0,0,0,0,0,0,0,0,0
100,3,"/home/pqv/data/test/real_discord1.pcap",1660161123.785007,8696,0,"99.178.376.0","99.178.376.0",66,243,201,1,0,0,0,243,201,1,1660161092.783973,"192.168.1.56","66.22.218.76","10:5B:AD:B2:81:B3","D0:6E:DE:6E:F8:AC",109,50001,58586,0,0,0,0,0,0,0,0,0,0,0,0,0,0,0
100,3,"/home/pqv/data/test/real_discord1.pcap",1660161123.790227,8697,0,"99.178.376.0","99.178.376.0",66,218,176,1,0,0,0,218,176,1,1660161092.783973,"192.168.1.56","66.22.218.76","10:5B:AD:B2:81:B3","D0:6E:DE:6E:F8:AC",109,50001,58586,0,0,0,0,0,0,0,0,0,0,0,0,0,0,0
100,3,"/home/pqv/data/test/real_discord1.pcap",1660161123.794979,8698,0,"99.178.376.0","99.178.376.0",66,243,201,1,0,0,0,243,201,1,1660161092.783973,"192.168.1.56","66.22.218.76","10:5B:AD:B2:81:B3","D0:6E:DE:6E:F8:AC",109,50001,58586,0,0,0,0,0,0,0,0,0,0,0,0,0,0,0
100,3,"/home/pqv/data/test/real_discord1.pcap",1660161123.806793,8699,0,"99.178.376.0","99.178.376.0",66,224,182,1,0,0,0,224,182,1,1660161092.783973,"192.168.1.56","66.22.218.76","10:5B:AD:B2:81:B3","D0:6E:DE:6E:F8:AC",109,50001,58586,0,0,0,0,0,0,0,0,0,0,0,0,0,0,0
100,3,"/home/pqv/data/test/real_discord1.pcap",1660161123.815371,8700,0,"99.178.376.0","99.178.376.0",66,243,201,1,0,0,0,243,201,1,1660161092.783973,"192.168.1.56","66.22.218.76","10:5B:AD:B2:81:B3","D0:6E:DE:6E:F8:AC",109,50001,58586,0,0,0,0,0,0,0,0,0,0,0,0,0,0,0
100,3,"/home/pqv/data/test/real_discord1.pcap",1660161123.829069,8701,0,"99.178.376.0","99.178.376.0",66,236,194,1,0,0,0,236,194,1,1660161092.783973,"192.168.1.56","66.22.218.76","10:5B:AD:B2:81:B3","D0:6E:DE:6E:F8:AC",109,50001,58586,0,0,0,0,0,0,0,0,0,0,0,0,0,0,0
100,3,"/home/pqv/data/test/real_discord1.pcap",1660161123.844197,8702,0,"99.178.376.0","99.178.376.0",66,243,201,1,0,0,0,243,201,1,1660161092.783973,"192.168.1.56","66.22.218.76","10:5B:AD:B2:81:B3","D0:6E:DE:6E:F8:AC",109,50001,58586,0,0,0,0,0,0,0,0,0,0,0,0,0,0,0
100,3,"/home/pqv/data/test/real_discord1.pcap",1660161123.850977,8703,0,"99.178.376.0","99.178.376.0",66,243,201,1,0,0,0,243,201,1,1660161092.783973,"192.168.1.56","66.22.218.76","10:5B:AD:B2:81:B3","D0:6E:DE:6E:F8:AC",109,50001,58586,0,0,0,0,0,0,0,0,0,0,0,0,0,0,0
100,3,"/home/pqv/data/test/real_discord1.pcap",1660161123.854383,8704,0,"99.178.376.0","99.178.376.0",66,243,201,1,0,0,0,243,201,1,1660161092.783973,"192.168.1.56","66.22.218.76","10:5B:AD:B2:81:B3","D0:6E:DE:6E:F8:AC",109,50001,58586,0,0,0,0,0,0,0,0,0,0,0,0,0,0,0
100,3,"/home/pqv/data/test/real_discord1.pcap",1660161123.868180,8705,0,"99.178.376.0","99.178.376.0",66,243,201,1,0,0,0,243,201,1,1660161092.783973,"192.168.1.56","66.22.218.76","10:5B:AD:B2:81:B3","D0:6E:DE:6E:F8:AC",109,50001,58586,0,0,0,0,0,0,0,0,0,0,0,0,0,0,0
100,3,"/home/pqv/data/test/real_discord1.pcap",1660161123.883837,8706,0,"99.178.376.0","99.178.376.0",66,243,201,1,0,0,0,243,201,1,1660161092.783973,"192.168.1.56","66.22.218.76","10:5B:AD:B2:81:B3","D0:6E:DE:6E:F8:AC",109,50001,58586,0,0,0,0,0,0,0,0,0,0,0,0,0,0,0
100,3,"/home/pqv/data/test/real_discord1.pcap",1660161123.886039,8707,0,"99.178.376.0","99.178.376.0",66,243,201,1,0,0,0,243,201,1,1660161092.783973,"192.168.1.56","66.22.218.76","10:5B:AD:B2:81:B3","D0:6E:DE:6E:F8:AC",109,50001,58586,0,0,0,0,0,0,0,0,0,0,0,0,0,0,0
100,3,"/home/pqv/data/test/real_discord1.pcap",1660161123.903716,8708,0,"99.178.376.0","99.178.376.0",66,243,201,1,0,0,0,243,201,1,1660161092.783973,"192.168.1.56","66.22.218.76","10:5B:AD:B2:81:B3","D0:6E:DE:6E:F8:AC",109,50001,58586,0,0,0,0,0,0,0,0,0,0,0,0,0,0,0
100,3,"/home/pqv/data/test/real_discord1.pcap",1660161123.908918,8709,0,"99.178.376.0","99.178.376.0",66,243,201,1,0,0,0,243,201,1,1660161092.783973,"192.168.1.56","66.22.218.76","10:5B:AD:B2:81:B3","D0:6E:DE:6E:F8:AC",109,50001,58586,0,0,0,0,0,0,0,0,0,0,0,0,0,0,0
100,3,"/home/pqv/data/test/real_discord1.pcap",1660161123.920836,8710,0,"99.178.376.0","99.178.376.0",66,94,52,1,0,0,0,94,52,1,1660161092.783973,"192.168.1.56","66.22.218.76","10:5B:AD:B2:81:B3","D0:6E:DE:6E:F8:AC",109,50001,58586,0,0,0,0,0,0,0,0,0,0,0,0,0,0,0
100,3,"/home/pqv/data/test/real_discord1.pcap",1660161123.923037,8711,0,"99.178.376.0","99.178.376.0",66,243,201,1,0,0,0,243,201,1,1660161092.783973,"192.168.1.56","66.22.218.76","10:5B:AD:B2:81:B3","D0:6E:DE:6E:F8:AC",109,50001,58586,0,0,0,0,0,0,0,0,0,0,0,0,0,0,0
100,3,"/home/pqv/data/test/real_discord1.pcap",1660161123.932316,8712,0,"99.178.376.0","99.178.376.0",66,243,201,1,0,0,0,243,201,1,1660161092.783973,"192.168.1.56","66.22.218.76","10:5B:AD:B2:81:B3","D0:6E:DE:6E:F8:AC",109,50001,58586,0,0,0,0,0,0,0,0,0,0,0,0,0,0,0
100,3,"/home/pqv/data/test/real_discord1.pcap",1660161123.943953,8713,0,"99.178.376.0","99.178.376.0",66,243,201,1,0,0,0,243,201,1,1660161092.783973,"192.168.1.56","66.22.218.76","10:5B:AD:B2:81:B3","D0:6E:DE:6E:F8:AC",109,50001,58586,0,0,0,0,0,0,0,0,0,0,0,0,0,0,0
100,3,"/home/pqv/data/test/real_discord1.pcap",1660161123.947583,8714,0,"99.178.376.0","99.178.376.0",66,243,201,1,0,0,0,243,201,1,1660161092.783973,"192.168.1.56","66.22.218.76","10:5B:AD:B2:81:B3","D0:6E:DE:6E:F8:AC",109,50001,58586,0,0,0,0,0,0,0,0,0,0,0,0,0,0,0
100,3,"/home/pqv/data/test/real_discord1.pcap",1660161123.962785,8716,0,"99.178.376.0","99.178.376.0",66,243,201,1,0,0,0,243,201,1,1660161092.783973,"192.168.1.56","66.22.218.76","10:5B:AD:B2:81:B3","D0:6E:DE:6E:F8:AC",109,50001,58586,0,0,0,0,0,0,0,0,0,0,0,0,0,0,0
100,3,"/home/pqv/data/test/real_discord1.pcap",1660161123.970657,8717,0,"99.178.376.0","99.178.376.0",66,243,201,1,0,0,0,243,201,1,1660161092.783973,"192.168.1.56","66.22.218.76","10:5B:AD:B2:81:B3","D0:6E:DE:6E:F8:AC",109,50001,58586,0,0,0,0,0,0,0,0,0,0,0,0,0,0,0
100,3,"/home/pqv/data/test/real_discord1.pcap",1660161123.987060,8718,0,"99.178.376.0","99.178.376.0",66,245,203,1,0,0,0,245,203,1,1660161092.783973,"192.168.1.56","66.22.218.76","10:5B:AD:B2:81:B3","D0:6E:DE:6E:F8:AC",109,50001,58586,0,0,0,0,0,0,0,0,0,0,0,0,0,0,0
100,3,"/home/pqv/data/test/real_discord1.pcap",1660161123.994378,8719,0,"99.178.376.0","99.178.376.0",66,102,60,1,102,60,1,0,0,0,1660161092.783973,"192.168.1.56","66.22.218.76","10:5B:AD:B2:81:B3","D0:6E:DE:6E:F8:AC",109,50001,58586,0,0,0,0,0,0,0,0,0,0,0,0,0,0,0
100,3,"/home/pqv/data/test/real_discord1.pcap",1660161124.002195,8720,0,"99.178.376.0","99.178.376.0",64,243,201,1,0,0,0,243,201,1,1660161092.783973,"192.168.1.56","66.22.218.76","10:5B:AD:B2:81:B3","D0:6E:DE:6E:F8:AC",109,50001,58586,0,0,0,0,0,0,0,0,0,0,0,0,0,0,0
100,3,"/home/pqv/data/test/real_discord1.pcap",1660161124.002195,8721,0,"99.178.376.0","99.178.376.0",64,243,201,1,0,0,0,243,201,1,1660161092.783973,"192.168.1.56","66.22.218.76","10:5B:AD:B2:81:B3","D0:6E:DE:6E:F8:AC",109,50001,58586,0,0,0,0,0,0,0,0,0,0,0,0,0,0,0
100,3,"/home/pqv/data/test/real_discord1.pcap",1660161124.009427,8722,0,"99.178.376.0","99.178.376.0",64,252,210,1,0,0,0,252,210,1,1660161092.783973,"192.168.1.56","66.22.218.76","10:5B:AD:B2:81:B3","D0:6E:DE:6E:F8:AC",109,50001,58586,0,0,0,0,0,0,0,0,0,0,0,0,0,0,0
100,3,"/home/pqv/data/test/real_discord1.pcap",1660161124.021816,8723,0,"99.178.376.0","99.178.376.0",64,243,201,1,0,0,0,243,201,1,1660161092.783973,"192.168.1.56","66.22.218.76","10:5B:AD:B2:81:B3","D0:6E:DE:6E:F8:AC",109,50001,58586,0,0,0,0,0,0,0,0,0,0,0,0,0,0,0
100,3,"/home/pqv/data/test/real_discord1.pcap",1660161124.026521,8724,0,"99.178.376.0","99.178.376.0",64,255,213,1,0,0,0,255,213,1,1660161092.783973,"192.168.1.56","66.22.218.76","10:5B:AD:B2:81:B3","D0:6E:DE:6E:F8:AC",109,50001,58586,0,0,0,0,0,0,0,0,0,0,0,0,0,0,0
100,3,"/home/pqv/data/test/real_discord1.pcap",1660161124.041350,8725,0,"99.178.376.0","99.178.376.0",64,243,201,1,0,0,0,243,201,1,1660161092.783973,"192.168.1.56","66.22.218.76","10:5B:AD:B2:81:B3","D0:6E:DE:6E:F8:AC",109,50001,58586,0,0,0,0,0,0,0,0,0,0,0,0,0,0,0
100,3,"/home/pqv/data/test/real_discord1.pcap",1660161124.049137,8726,0,"99.178.376.0","99.178.376.0",64,251,209,1,0,0,0,251,209,1,1660161092.783973,"192.168.1.56","66.22.218.76","10:5B:AD:B2:81:B3","D0:6E:DE:6E:F8:AC",109,50001,58586,0,0,0,0,0,0,0,0,0,0,0,0,0,0,0
100,3,"/home/pqv/data/test/real_discord1.pcap",1660161124.060692,8727,0,"99.178.376.0","99.178.376.0",64,243,201,1,0,0,0,243,201,1,1660161092.783973,"192.168.1.56","66.22.218.76","10:5B:AD:B2:81:B3","D0:6E:DE:6E:F8:AC",109,50001,58586,0,0,0,0,0,0,0,0,0,0,0,0,0,0,0
100,3,"/home/pqv/data/test/real_discord1.pcap",1660161124.065322,8728,0,"99.178.376.0","99.178.376.0",64,254,212,1,0,0,0,254,212,1,1660161092.783973,"192.168.1.56","66.22.218.76","10:5B:AD:B2:81:B3","D0:6E:DE:6E:F8:AC",109,50001,58586,0,0,0,0,0,0,0,0,0,0,0,0,0,0,0
100,3,"/home/pqv/data/test/real_discord1.pcap",1660161124.080918,8729,0,"99.178.376.0","99.178.376.0",64,243,201,1,0,0,0,243,201,1,1660161092.783973,"192.168.1.56","66.22.218.76","10:5B:AD:B2:81:B3","D0:6E:DE:6E:F8:AC",109,50001,58586,0,0,0,0,0,0,0,0,0,0,0,0,0,0,0
100,3,"/home/pqv/data/test/real_discord1.pcap",1660161124.088034,8730,0,"99.178.376.0","99.178.376.0",64,272,230,1,0,0,0,272,230,1,1660161092.783973,"192.168.1.56","66.22.218.76","10:5B:AD:B2:81:B3","D0:6E:DE:6E:F8:AC",109,50001,58586,0,0,0,0,0,0,0,0,0,0,0,0,0,0,0
100,3,"/home/pqv/data/test/real_discord1.pcap",1660161124.100212,8731,0,"99.178.376.0","99.178.376.0",64,222,180,1,0,0,0,222,180,1,1660161092.783973,"192.168.1.56","66.22.218.76","10:5B:AD:B2:81:B3","D0:6E:DE:6E:F8:AC",109,50001,58586,0,0,0,0,0,0,0,0,0,0,0,0,0,0,0
100,3,"/home/pqv/data/test/real_discord1.pcap",1660161124.105070,8732,0,"99.178.376.0","99.178.376.0",64,332,290,1,0,0,0,332,290,1,1660161092.783973,"192.168.1.56","66.22.218.76","10:5B:AD:B2:81:B3","D0:6E:DE:6E:F8:AC",109,50001,58586,0,0,0,0,0,0,0,0,0,0,0,0,0,0,0
100,3,"/home/pqv/data/test/real_discord1.pcap",1660161124.120580,8733,0,"99.178.376.0","99.178.376.0",64,225,183,1,0,0,0,225,183,1,1660161092.783973,"192.168.1.56","66.22.218.76","10:5B:AD:B2:81:B3","D0:6E:DE:6E:F8:AC",109,50001,58586,0,0,0,0,0,0,0,0,0,0,0,0,0,0,0
100,3,"/home/pqv/data/test/real_discord1.pcap",1660161124.126902,8734,0,"99.178.376.0","99.178.376.0",64,243,201,1,0,0,0,243,201,1,1660161092.783973,"192.168.1.56","66.22.218.76","10:5B:AD:B2:81:B3","D0:6E:DE:6E:F8:AC",109,50001,58586,0,0,0,0,0,0,0,0,0,0,0,0,0,0,0
100,3,"/home/pqv/data/test/real_discord1.pcap",1660161124.139784,8735,0,"99.178.376.0","99.178.376.0",64,232,190,1,0,0,0,232,190,1,1660161092.783973,"192.168.1.56","66.22.218.76","10:5B:AD:B2:81:B3","D0:6E:DE:6E:F8:AC",109,50001,58586,0,0,0,0,0,0,0,0,0,0,0,0,0,0,0
100,3,"/home/pqv/data/test/real_discord1.pcap",1660161124.148822,8736,0,"99.178.376.0","99.178.376.0",64,243,201,1,0,0,0,243,201,1,1660161092.783973,"192.168.1.56","66.22.218.76","10:5B:AD:B2:81:B3","D0:6E:DE:6E:F8:AC",109,50001,58586,0,0,0,0,0,0,0,0,0,0,0,0,0,0,0
100,3,"/home/pqv/data/test/real_discord1.pcap",1660161124.160046,8737,0,"99.178.376.0","99.178.376.0",64,211,169,1,0,0,0,211,169,1,1660161092.783973,"192.168.1.56","66.22.218.76","10:5B:AD:B2:81:B3","D0:6E:DE:6E:F8:AC",109,50001,58586,0,0,0,0,0,0,0,0,0,0,0,0,0,0,0
100,3,"/home/pqv/data/test/real_discord1.pcap",1660161124.166890,8738,0,"99.178.376.0","99.178.376.0",64,243,201,1,0,0,0,243,201,1,1660161092.783973,"192.168.1.56","66.22.218.76","10:5B:AD:B2:81:B3","D0:6E:DE:6E:F8:AC",109,50001,58586,0,0,0,0,0,0,0,0,0,0,0,0,0,0,0
100,3,"/home/pqv/data/test/real_discord1.pcap",1660161124.178949,8739,0,"99.178.376.0","99.178.376.0",64,211,169,1,0,0,0,211,169,1,1660161092.783973,"192.168.1.56","66.22.218.76","10:5B:AD:B2:81:B3","D0:6E:DE:6E:F8:AC",109,50001,58586,0,0,0,0,0,0,0,0,0,0,0,0,0,0,0
100,3,"/home/pqv/data/test/real_discord1.pcap",1660161124.189525,8740,0,"99.178.376.0","99.178.376.0",64,243,201,1,0,0,0,243,201,1,1660161092.783973,"192.168.1.56","66.22.218.76","10:5B:AD:B2:81:B3","D0:6E:DE:6E:F8:AC",109,50001,58586,0,0,0,0,0,0,0,0,0,0,0,0,0,0,0
100,3,"/home/pqv/data/test/real_discord1.pcap",1660161124.200062,8741,0,"99.178.376.0","99.178.376.0",64,208,166,1,0,0,0,208,166,1,1660161092.783973,"192.168.1.56","66.22.218.76","10:5B:AD:B2:81:B3","D0:6E:DE:6E:F8:AC",109,50001,58586,0,0,0,0,0,0,0,0,0,0,0,0,0,0,0
100,3,"/home/pqv/data/test/real_discord1.pcap",1660161124.206854,8742,0,"99.178.376.0","99.178.376.0",64,243,201,1,0,0,0,243,201,1,1660161092.783973,"192.168.1.56","66.22.218.76","10:5B:AD:B2:81:B3","D0:6E:DE:6E:F8:AC",109,50001,58586,0,0,0,0,0,0,0,0,0,0,0,0,0,0,0
100,3,"/home/pqv/data/test/real_discord1.pcap",1660161124.219041,8743,0,"99.178.376.0","99.178.376.0",64,232,190,1,0,0,0,232,190,1,1660161092.783973,"192.168.1.56","66.22.218.76","10:5B:AD:B2:81:B3","D0:6E:DE:6E:F8:AC",109,50001,58586,0,0,0,0,0,0,0,0,0,0,0,0,0,0,0
100,3,"/home/pqv/data/test/real_discord1.pcap",1660161124.229354,8744,0,"99.178.376.0","99.178.376.0",64,228,186,1,0,0,0,228,186,1,1660161092.783973,"192.168.1.56","66.22.218.76","10:5B:AD:B2:81:B3","D0:6E:DE:6E:F8:AC",109,50001,58586,0,0,0,0,0,0,0,0,0,0,0,0,0,0,0
100,3,"/home/pqv/data/test/real_discord1.pcap",1660161124.238133,8745,0,"99.178.376.0","99.178.376.0",64,243,201,1,0,0,0,243,201,1,1660161092.783973,"192.168.1.56","66.22.218.76","10:5B:AD:B2:81:B3","D0:6E:DE:6E:F8:AC",109,50001,58586,0,0,0,0,0,0,0,0,0,0,0,0,0,0,0
100,3,"/home/pqv/data/test/real_discord1.pcap",1660161124.246712,8746,0,"99.178.376.0","99.178.376.0",64,215,173,1,0,0,0,215,173,1,1660161092.783973,"192.168.1.56","66.22.218.76","10:5B:AD:B2:81:B3","D0:6E:DE:6E:F8:AC",109,50001,58586,0,0,0,0,0,0,0,0,0,0,0,0,0,0,0
100,3,"/home/pqv/data/test/real_discord1.pcap",1660161124.258802,8747,0,"99.178.376.0","99.178.376.0",64,280,238,1,0,0,0,280,238,1,1660161092.783973,"192.168.1.56","66.22.218.76","10:5B:AD:B2:81:B3","D0:6E:DE:6E:F8:AC",109,50001,58586,0,0,0,0,0,0,0,0,0,0,0,0,0,0,0
100,3,"/home/pqv/data/test/real_discord1.pcap",1660161124.268877,8748,0,"99.178.376.0","99.178.376.0",64,213,171,1,0,0,0,213,171,1,1660161092.783973,"192.168.1.56","66.22.218.76","10:5B:AD:B2:81:B3","D0:6E:DE:6E:F8:AC",109,50001,58586,0,0,0,0,0,0,0,0,0,0,0,0,0,0,0
100,3,"/home/pqv/data/test/real_discord1.pcap",1660161124.277760,8749,0,"99.178.376.0","99.178.376.0",64,319,277,1,0,0,0,319,277,1,1660161092.783973,"192.168.1.56","66.22.218.76","10:5B:AD:B2:81:B3","D0:6E:DE:6E:F8:AC",109,50001,58586,0,0,0,0,0,0,0,0,0,0,0,0,0,0,0
100,3,"/home/pqv/data/test/real_discord1.pcap",1660161124.285780,8750,0,"99.178.376.0","99.178.376.0",64,214,172,1,0,0,0,214,172,1,1660161092.783973,"192.168.1.56","66.22.218.76","10:5B:AD:B2:81:B3","D0:6E:DE:6E:F8:AC",109,50001,58586,0,0,0,0,0,0,0,0,0,0,0,0,0,0,0
100,3,"/home/pqv/data/test/real_discord1.pcap",1660161124.297324,8751,0,"99.178.376.0","99.178.376.0",64,290,248,1,0,0,0,290,248,1,1660161092.783973,"192.168.1.56","66.22.218.76","10:5B:AD:B2:81:B3","D0:6E:DE:6E:F8:AC",109,50001,58586,0,0,0,0,0,0,0,0,0,0,0,0,0,0,0
100,3,"/home/pqv/data/test/real_discord1.pcap",1660161124.307652,8752,0,"99.178.376.0","99.178.376.0",64,206,164,1,0,0,0,206,164,1,1660161092.783973,"192.168.1.56","66.22.218.76","10:5B:AD:B2:81:B3","D0:6E:DE:6E:F8:AC",109,50001,58586,0,0,0,0,0,0,0,0,0,0,0,0,0,0,0
100,3,"/home/pqv/data/test/real_discord1.pcap",1660161124.325710,8753,0,"99.178.376.0","99.178.376.0",64,222,180,1,0,0,0,222,180,1,1660161092.783973,"192.168.1.56","66.22.218.76","10:5B:AD:B2:81:B3","D0:6E:DE:6E:F8:AC",109,50001,58586,0,0,0,0,0,0,0,0,0,0,0,0,0,0,0
100,3,"/home/pqv/data/test/real_discord1.pcap",1660161124.328120,8754,0,"99.178.376.0","99.178.376.0",64,243,201,1,0,0,0,243,201,1,1660161092.783973,"192.168.1.56","66.22.218.76","10:5B:AD:B2:81:B3","D0:6E:DE:6E:F8:AC",109,50001,58586,0,0,0,0,0,0,0,0,0,0,0,0,0,0,0
100,3,"/home/pqv/data/test/real_discord1.pcap",1660161124.336858,8755,0,"99.178.376.0","99.178.376.0",64,243,201,1,0,0,0,243,201,1,1660161092.783973,"192.168.1.56","66.22.218.76","10:5B:AD:B2:81:B3","D0:6E:DE:6E:F8:AC",109,50001,58586,0,0,0,0,0,0,0,0,0,0,0,0,0,0,0
100,3,"/home/pqv/data/test/real_discord1.pcap",1660161124.347837,8756,0,"99.178.376.0","99.178.376.0",64,243,201,1,0,0,0,243,201,1,1660161092.783973,"192.168.1.56","66.22.218.76","10:5B:AD:B2:81:B3","D0:6E:DE:6E:F8:AC",109,50001,58586,0,0,0,0,0,0,0,0,0,0,0,0,0,0,0
100,3,"/home/pqv/data/test/real_discord1.pcap",1660161124.356718,8757,0,"99.178.376.0","99.178.376.0",64,211,169,1,0,0,0,211,169,1,1660161092.783973,"192.168.1.56","66.22.218.76","10:5B:AD:B2:81:B3","D0:6E:DE:6E:F8:AC",109,50001,58586,0,0,0,0,0,0,0,0,0,0,0,0,0,0,0
100,3,"/home/pqv/data/test/real_discord1.pcap",1660161124.372996,8758,0,"99.178.376.0","99.178.376.0",64,262,220,1,0,0,0,262,220,1,1660161092.783973,"192.168.1.56","66.22.218.76","10:5B:AD:B2:81:B3","D0:6E:DE:6E:F8:AC",109,50001,58586,0,0,0,0,0,0,0,0,0,0,0,0,0,0,0
100,3,"/home/pqv/data/test/real_discord1.pcap",1660161124.389472,8759,0,"99.178.376.0","99.178.376.0",64,261,219,1,0,0,0,261,219,1,1660161092.783973,"192.168.1.56","66.22.218.76","10:5B:AD:B2:81:B3","D0:6E:DE:6E:F8:AC",109,50001,58586,0,0,0,0,0,0,0,0,0,0,0,0,0,0,0
100,3,"/home/pqv/data/test/real_discord1.pcap",1660161124.395696,8760,0,"99.178.376.0","99.178.376.0",64,211,169,1,0,0,0,211,169,1,1660161092.783973,"192.168.1.56","66.22.218.76","10:5B:AD:B2:81:B3","D0:6E:DE:6E:F8:AC",109,50001,58586,0,0,0,0,0,0,0,0,0,0,0,0,0,0,0
100,3,"/home/pqv/data/test/real_discord1.pcap",1660161124.405723,8761,0,"99.178.376.0","99.178.376.0",64,85,43,1,0,0,0,85,43,1,1660161092.783973,"192.168.1.56","66.22.218.76","10:5B:AD:B2:81:B3","D0:6E:DE:6E:F8:AC",109,50001,58586,0,0,0,0,0,0,0,0,0,0,0,0,0,0,0
100,3,"/home/pqv/data/test/real_discord1.pcap",1660161124.405723,8762,0,"99.178.376.0","99.178.376.0",64,266,224,1,0,0,0,266,224,1,1660161092.783973,"192.168.1.56","66.22.218.76","10:5B:AD:B2:81:B3","D0:6E:DE:6E:F8:AC",109,50001,58586,0,0,0,0,0,0,0,0,0,0,0,0,0,0,0
100,3,"/home/pqv/data/test/real_discord1.pcap",1660161124.415451,8763,0,"99.178.376.0","99.178.376.0",64,85,43,1,0,0,0,85,43,1,1660161092.783973,"192.168.1.56","66.22.218.76","10:5B:AD:B2:81:B3","D0:6E:DE:6E:F8:AC",109,50001,58586,0,0,0,0,0,0,0,0,0,0,0,0,0,0,0
100,3,"/home/pqv/data/test/real_discord1.pcap",1660161124.428993,8764,0,"99.178.376.0","99.178.376.0",64,277,235,1,0,0,0,277,235,1,1660161092.783973,"192.168.1.56","66.22.218.76","10:5B:AD:B2:81:B3","D0:6E:DE:6E:F8:AC",109,50001,58586,0,0,0,0,0,0,0,0,0,0,0,0,0,0,0
100,3,"/home/pqv/data/test/real_discord1.pcap",1660161124.440647,8765,0,"99.178.376.0","99.178.376.0",64,94,52,1,94,52,1,0,0,0,1660161092.783973,"192.168.1.56","66.22.218.76","10:5B:AD:B2:81:B3","D0:6E:DE:6E:F8:AC",109,50001,58586,0,0,0,0,0,0,0,0,0,0,0,0,0,0,0
100,3,"/home/pqv/data/test/real_discord1.pcap",1660161124.440755,8766,0,"99.178.376.0","99.178.376.0",64,94,52,1,94,52,1,0,0,0,1660161092.783973,"192.168.1.56","66.22.218.76","10:5B:AD:B2:81:B3","D0:6E:DE:6E:F8:AC",109,50001,58586,0,0,0,0,0,0,0,0,0,0,0,0,0,0,0
100,3,"/home/pqv/data/test/real_discord1.pcap",1660161124.444747,8767,0,"99.178.376.0","99.178.376.0",64,85,43,1,0,0,0,85,43,1,1660161092.783973,"192.168.1.56","66.22.218.76","10:5B:AD:B2:81:B3","D0:6E:DE:6E:F8:AC",109,50001,58586,0,0,0,0,0,0,0,0,0,0,0,0,0,0,0
100,3,"/home/pqv/data/test/real_discord1.pcap",1660161124.444747,8768,0,"99.178.376.0","99.178.376.0",64,222,180,1,0,0,0,222,180,1,1660161092.783973,"192.168.1.56","66.22.218.76","10:5B:AD:B2:81:B3","D0:6E:DE:6E:F8:AC",109,50001,58586,0,0,0,0,0,0,0,0,0,0,0,0,0,0,0
100,3,"/home/pqv/data/test/real_discord1.pcap",1660161124.461643,8769,0,"99.178.376.0","99.178.376.0",64,85,43,1,0,0,0,85,43,1,1660161092.783973,"192.168.1.56","66.22.218.76","10:5B:AD:B2:81:B3","D0:6E:DE:6E:F8:AC",109,50001,58586,0,0,0,0,0,0,0,0,0,0,0,0,0,0,0
100,3,"/home/pqv/data/test/real_discord1.pcap",1660161124.468602,8770,0,"99.178.376.0","99.178.376.0",64,280,238,1,0,0,0,280,238,1,1660161092.783973,"192.168.1.56","66.22.218.76","10:5B:AD:B2:81:B3","D0:6E:DE:6E:F8:AC",109,50001,58586,0,0,0,0,0,0,0,0,0,0,0,0,0,0,0
100,3,"/home/pqv/data/test/real_discord1.pcap",1660161124.484808,8771,0,"99.178.376.0","99.178.376.0",64,85,43,1,0,0,0,85,43,1,1660161092.783973,"192.168.1.56","66.22.218.76","10:5B:AD:B2:81:B3","D0:6E:DE:6E:F8:AC",109,50001,58586,0,0,0,0,0,0,0,0,0,0,0,0,0,0,0
100,3,"/home/pqv/data/test/real_discord1.pcap",1660161124.485971,8772,0,"99.178.376.0","99.178.376.0",64,85,43,1,0,0,0,85,43,1,1660161092.783973,"192.168.1.56","66.22.218.76","10:5B:AD:B2:81:B3","D0:6E:DE:6E:F8:AC",109,50001,58586,0,0,0,0,0,0,0,0,0,0,0,0,0,0,0
100,3,"/home/pqv/data/test/real_discord1.pcap",1660161124.494308,8773,0,"99.178.376.0","99.178.376.0",64,85,43,1,0,0,0,85,43,1,1660161092.783973,"192.168.1.56","66.22.218.76","10:5B:AD:B2:81:B3","D0:6E:DE:6E:F8:AC",109,50001,58586,0,0,0,0,0,0,0,0,0,0,0,0,0,0,0
100,3,"/home/pqv/data/test/real_discord1.pcap",1660161124.508907,8774,0,"99.178.376.0","99.178.376.0",64,85,43,1,0,0,0,85,43,1,1660161092.783973,"192.168.1.56","66.22.218.76","10:5B:AD:B2:81:B3","D0:6E:DE:6E:F8:AC",109,50001,58586,0,0,0,0,0,0,0,0,0,0,0,0,0,0,0
100,3,"/home/pqv/data/test/real_discord1.pcap",1660161124.523438,8775,0,"99.178.376.0","99.178.376.0",64,85,43,1,0,0,0,85,43,1,1660161092.783973,"192.168.1.56","66.22.218.76","10:5B:AD:B2:81:B3","D0:6E:DE:6E:F8:AC",109,50001,58586,0,0,0,0,0,0,0,0,0,0,0,0,0,0,0
100,3,"/home/pqv/data/test/real_discord1.pcap",1660161124.525504,8776,0,"99.178.376.0","99.178.376.0",64,85,43,1,0,0,0,85,43,1,1660161092.783973,"192.168.1.56","66.22.218.76","10:5B:AD:B2:81:B3","D0:6E:DE:6E:F8:AC",109,50001,58586,0,0,0,0,0,0,0,0,0,0,0,0,0,0,0
100,3,"/home/pqv/data/test/real_discord1.pcap",1660161124.534182,8777,0,"99.178.376.0","99.178.376.0",64,85,43,1,0,0,0,85,43,1,1660161092.783973,"192.168.1.56","66.22.218.76","10:5B:AD:B2:81:B3","D0:6E:DE:6E:F8:AC",109,50001,58586,0,0,0,0,0,0,0,0,0,0,0,0,0,0,0
100,3,"/home/pqv/data/test/real_discord1.pcap",1660161124.548284,8778,0,"99.178.376.0","99.178.376.0",64,85,43,1,0,0,0,85,43,1,1660161092.783973,"192.168.1.56","66.22.218.76","10:5B:AD:B2:81:B3","D0:6E:DE:6E:F8:AC",109,50001,58586,0,0,0,0,0,0,0,0,0,0,0,0,0,0,0
100,3,"/home/pqv/data/test/real_discord1.pcap",1660161124.571346,8779,0,"99.178.376.0","99.178.376.0",64,85,43,1,0,0,0,85,43,1,1660161092.783973,"192.168.1.56","66.22.218.76","10:5B:AD:B2:81:B3","D0:6E:DE:6E:F8:AC",109,50001,58586,0,0,0,0,0,0,0,0,0,0,0,0,0,0,0
100,3,"/home/pqv/data/test/real_discord1.pcap",1660161124.571512,8780,0,"99.178.376.0","99.178.376.0",64,85,43,1,0,0,0,85,43,1,1660161092.783973,"192.168.1.56","66.22.218.76","10:5B:AD:B2:81:B3","D0:6E:DE:6E:F8:AC",109,50001,58586,0,0,0,0,0,0,0,0,0,0,0,0,0,0,0
100,3,"/home/pqv/data/test/real_discord1.pcap",1660161124.583394,8781,0,"99.178.376.0","99.178.376.0",64,85,43,1,0,0,0,85,43,1,1660161092.783973,"192.168.1.56","66.22.218.76","10:5B:AD:B2:81:B3","D0:6E:DE:6E:F8:AC",109,50001,58586,0,0,0,0,0,0,0,0,0,0,0,0,0,0,0
100,3,"/home/pqv/data/test/real_discord1.pcap",1660161124.587082,8782,0,"99.178.376.0","99.178.376.0",64,85,43,1,0,0,0,85,43,1,1660161092.783973,"192.168.1.56","66.22.218.76","10:5B:AD:B2:81:B3","D0:6E:DE:6E:F8:AC",109,50001,58586,0,0,0,0,0,0,0,0,0,0,0,0,0,0,0
100,3,"/home/pqv/data/test/real_discord1.pcap",1660161124.608886,8783,0,"99.178.376.0","99.178.376.0",64,85,43,1,0,0,0,85,43,1,1660161092.783973,"192.168.1.56","66.22.218.76","10:5B:AD:B2:81:B3","D0:6E:DE:6E:F8:AC",109,50001,58586,0,0,0,0,0,0,0,0,0,0,0,0,0,0,0
100,3,"/home/pqv/data/test/real_discord1.pcap",1660161124.625723,8784,0,"99.178.376.0","99.178.376.0",64,85,43,1,0,0,0,85,43,1,1660161092.783973,"192.168.1.56","66.22.218.76","10:5B:AD:B2:81:B3","D0:6E:DE:6E:F8:AC",109,50001,58586,0,0,0,0,0,0,0,0,0,0,0,0,0,0,0
100,3,"/home/pqv/data/test/real_discord1.pcap",1660161124.647869,8785,0,"99.178.376.0","99.178.376.0",64,85,43,1,0,0,0,85,43,1,1660161092.783973,"192.168.1.56","66.22.218.76","10:5B:AD:B2:81:B3","D0:6E:DE:6E:F8:AC",109,50001,58586,0,0,0,0,0,0,0,0,0,0,0,0,0,0,0
100,3,"/home/pqv/data/test/real_discord1.pcap",1660161124.665054,8786,0,"99.178.376.0","99.178.376.0",64,85,43,1,0,0,0,85,43,1,1660161092.783973,"192.168.1.56","66.22.218.76","10:5B:AD:B2:81:B3","D0:6E:DE:6E:F8:AC",109,50001,58586,0,0,0,0,0,0,0,0,0,0,0,0,0,0,0
100,3,"/home/pqv/data/test/real_discord1.pcap",1660161124.922051,8787,0,"99.178.376.0","99.178.376.0",64,94,52,1,0,0,0,94,52,1,1660161092.783973,"192.168.1.56","66.22.218.76","10:5B:AD:B2:81:B3","D0:6E:DE:6E:F8:AC",109,50001,58586,0,0,0,0,0,0,0,0,0,0,0,0,0,0,0
100,3,"/home/pqv/data/test/real_discord1.pcap",1660161125.074831,8789,0,"99.178.376.0","99.178.376.0",64,213,171,1,0,0,0,213,171,1,1660161092.783973,"192.168.1.56","66.22.218.76","10:5B:AD:B2:81:B3","D0:6E:DE:6E:F8:AC",109,50001,58586,0,0,0,0,0,0,0,0,0,0,0,0,0,0,0
100,3,"/home/pqv/data/test/real_discord1.pcap",1660161125.104830,8790,0,"99.178.376.0","99.178.376.0",64,344,302,1,0,0,0,344,302,1,1660161092.783973,"192.168.1.56","66.22.218.76","10:5B:AD:B2:81:B3","D0:6E:DE:6E:F8:AC",109,50001,58586,0,0,0,0,0,0,0,0,0,0,0,0,0,0,0
100,3,"/home/pqv/data/test/real_discord1.pcap",1660161125.114514,8791,0,"99.178.376.0","99.178.376.0",64,257,215,1,0,0,0,257,215,1,1660161092.783973,"192.168.1.56","66.22.218.76","10:5B:AD:B2:81:B3","D0:6E:DE:6E:F8:AC",109,50001,58586,0,0,0,0,0,0,0,0,0,0,0,0,0,0,0
100,3,"/home/pqv/data/test/real_discord1.pcap",1660161125.154308,8792,0,"99.178.376.0","99.178.376.0",64,251,209,1,0,0,0,251,209,1,1660161092.783973,"192.168.1.56","66.22.218.76","10:5B:AD:B2:81:B3","D0:6E:DE:6E:F8:AC",109,50001,58586,0,0,0,0,0,0,0,0,0,0,0,0,0,0,0
100,3,"/home/pqv/data/test/real_discord1.pcap",1660161125.154308,8793,0,"99.178.376.0","99.178.376.0",64,243,201,1,0,0,0,243,201,1,1660161092.783973,"192.168.1.56","66.22.218.76","10:5B:AD:B2:81:B3","D0:6E:DE:6E:F8:AC",109,50001,58586,0,0,0,0,0,0,0,0,0,0,0,0,0,0,0
100,3,"/home/pqv/data/test/real_discord1.pcap",1660161125.183807,8794,0,"99.178.376.0","99.178.376.0",64,243,201,1,0,0,0,243,201,1,1660161092.783973,"192.168.1.56","66.22.218.76","10:5B:AD:B2:81:B3","D0:6E:DE:6E:F8:AC",109,50001,58586,0,0,0,0,0,0,0,0,0,0,0,0,0,0,0
100,3,"/home/pqv/data/test/real_discord1.pcap",1660161125.202879,8795,0,"99.178.376.0","99.178.376.0",64,243,201,1,0,0,0,243,201,1,1660161092.783973,"192.168.1.56","66.22.218.76","10:5B:AD:B2:81:B3","D0:6E:DE:6E:F8:AC",109,50001,58586,0,0,0,0,0,0,0,0,0,0,0,0,0,0,0
100,3,"/home/pqv/data/test/real_discord1.pcap",1660161125.223791,8796,0,"99.178.376.0","99.178.376.0",64,243,201,1,0,0,0,243,201,1,1660161092.783973,"192.168.1.56","66.22.218.76","10:5B:AD:B2:81:B3","D0:6E:DE:6E:F8:AC",109,50001,58586,0,0,0,0,0,0,0,0,0,0,0,0,0,0,0
100,3,"/home/pqv/data/test/real_discord1.pcap",1660161125.242875,8797,0,"99.178.376.0","99.178.376.0",64,243,201,1,0,0,0,243,201,1,1660161092.783973,"192.168.1.56","66.22.218.76","10:5B:AD:B2:81:B3","D0:6E:DE:6E:F8:AC",109,50001,58586,0,0,0,0,0,0,0,0,0,0,0,0,0,0,0
100,3,"/home/pqv/data/test/real_discord1.pcap",1660161125.262266,8798,0,"99.178.376.0","99.178.376.0",64,243,201,1,0,0,0,243,201,1,1660161092.783973,"192.168.1.56","66.22.218.76","10:5B:AD:B2:81:B3","D0:6E:DE:6E:F8:AC",109,50001,58586,0,0,0,0,0,0,0,0,0,0,0,0,0,0,0
100,3,"/home/pqv/data/test/real_discord1.pcap",1660161125.291445,8799,0,"99.178.376.0","99.178.376.0",64,243,201,1,0,0,0,243,201,1,1660161092.783973,"192.168.1.56","66.22.218.76","10:5B:AD:B2:81:B3","D0:6E:DE:6E:F8:AC",109,50001,58586,0,0,0,0,0,0,0,0,0,0,0,0,0,0,0
100,3,"/home/pqv/data/test/real_discord1.pcap",1660161125.301127,8800,0,"99.178.376.0","99.178.376.0",64,243,201,1,0,0,0,243,201,1,1660161092.783973,"192.168.1.56","66.22.218.76","10:5B:AD:B2:81:B3","D0:6E:DE:6E:F8:AC",109,50001,58586,0,0,0,0,0,0,0,0,0,0,0,0,0,0,0
100,3,"/home/pqv/data/test/real_discord1.pcap",1660161125.340924,8801,0,"99.178.376.0","99.178.376.0",64,243,201,1,0,0,0,243,201,1,1660161092.783973,"192.168.1.56","66.22.218.76","10:5B:AD:B2:81:B3","D0:6E:DE:6E:F8:AC",109,50001,58586,0,0,0,0,0,0,0,0,0,0,0,0,0,0,0
100,3,"/home/pqv/data/test/real_discord1.pcap",1660161125.360729,8802,0,"99.178.376.0","99.178.376.0",64,243,201,1,0,0,0,243,201,1,1660161092.783973,"192.168.1.56","66.22.218.76","10:5B:AD:B2:81:B3","D0:6E:DE:6E:F8:AC",109,50001,58586,0,0,0,0,0,0,0,0,0,0,0,0,0,0,0
100,3,"/home/pqv/data/test/real_discord1.pcap",1660161125.360729,8803,0,"99.178.376.0","99.178.376.0",64,243,201,1,0,0,0,243,201,1,1660161092.783973,"192.168.1.56","66.22.218.76","10:5B:AD:B2:81:B3","D0:6E:DE:6E:F8:AC",109,50001,58586,0,0,0,0,0,0,0,0,0,0,0,0,0,0,0
100,3,"/home/pqv/data/test/real_discord1.pcap",1660161125.380130,8804,0,"99.178.376.0","99.178.376.0",64,243,201,1,0,0,0,243,201,1,1660161092.783973,"192.168.1.56","66.22.218.76","10:5B:AD:B2:81:B3","D0:6E:DE:6E:F8:AC",109,50001,58586,0,0,0,0,0,0,0,0,0,0,0,0,0,0,0
100,3,"/home/pqv/data/test/real_discord1.pcap",1660161125.400109,8805,0,"99.178.376.0","99.178.376.0",64,243,201,1,0,0,0,243,201,1,1660161092.783973,"192.168.1.56","66.22.218.76","10:5B:AD:B2:81:B3","D0:6E:DE:6E:F8:AC",109,50001,58586,0,0,0,0,0,0,0,0,0,0,0,0,0,0,0
100,3,"/home/pqv/data/test/real_discord1.pcap",1660161125.419505,8806,0,"99.178.376.0","99.178.376.0",64,243,201,1,0,0,0,243,201,1,1660161092.783973,"192.168.1.56","66.22.218.76","10:5B:AD:B2:81:B3","D0:6E:DE:6E:F8:AC",109,50001,58586,0,0,0,0,0,0,0,0,0,0,0,0,0,0,0
100,3,"/home/pqv/data/test/real_discord1.pcap",1660161125.439549,8807,0,"99.178.376.0","99.178.376.0",64,243,201,1,0,0,0,243,201,1,1660161092.783973,"192.168.1.56","66.22.218.76","10:5B:AD:B2:81:B3","D0:6E:DE:6E:F8:AC",109,50001,58586,0,0,0,0,0,0,0,0,0,0,0,0,0,0,0
100,3,"/home/pqv/data/test/real_discord1.pcap",1660161125.458932,8808,0,"99.178.376.0","99.178.376.0",64,243,201,1,0,0,0,243,201,1,1660161092.783973,"192.168.1.56","66.22.218.76","10:5B:AD:B2:81:B3","D0:6E:DE:6E:F8:AC",109,50001,58586,0,0,0,0,0,0,0,0,0,0,0,0,0,0,0
100,3,"/home/pqv/data/test/real_discord1.pcap",1660161125.479775,8809,0,"99.178.376.0","99.178.376.0",64,243,201,1,0,0,0,243,201,1,1660161092.783973,"192.168.1.56","66.22.218.76","10:5B:AD:B2:81:B3","D0:6E:DE:6E:F8:AC",109,50001,58586,0,0,0,0,0,0,0,0,0,0,0,0,0,0,0
100,3,"/home/pqv/data/test/real_discord1.pcap",1660161125.508784,8810,0,"99.178.376.0","99.178.376.0",64,243,201,1,0,0,0,243,201,1,1660161092.783973,"192.168.1.56","66.22.218.76","10:5B:AD:B2:81:B3","D0:6E:DE:6E:F8:AC",109,50001,58586,0,0,0,0,0,0,0,0,0,0,0,0,0,0,0
100,3,"/home/pqv/data/test/real_discord1.pcap",1660161125.518201,8811,0,"99.178.376.0","99.178.376.0",64,243,201,1,0,0,0,243,201,1,1660161092.783973,"192.168.1.56","66.22.218.76","10:5B:AD:B2:81:B3","D0:6E:DE:6E:F8:AC",109,50001,58586,0,0,0,0,0,0,0,0,0,0,0,0,0,0,0
100,3,"/home/pqv/data/test/real_discord1.pcap",1660161125.538050,8812,0,"99.178.376.0","99.178.376.0",64,243,201,1,0,0,0,243,201,1,1660161092.783973,"192.168.1.56","66.22.218.76","10:5B:AD:B2:81:B3","D0:6E:DE:6E:F8:AC",109,50001,58586,0,0,0,0,0,0,0,0,0,0,0,0,0,0,0
100,3,"/home/pqv/data/test/real_discord1.pcap",1660161125.557523,8813,0,"99.178.376.0","99.178.376.0",64,243,201,1,0,0,0,243,201,1,1660161092.783973,"192.168.1.56","66.22.218.76","10:5B:AD:B2:81:B3","D0:6E:DE:6E:F8:AC",109,50001,58586,0,0,0,0,0,0,0,0,0,0,0,0,0,0,0
100,3,"/home/pqv/data/test/real_discord1.pcap",1660161125.586890,8814,0,"99.178.376.0","99.178.376.0",64,243,201,1,0,0,0,243,201,1,1660161092.783973,"192.168.1.56","66.22.218.76","10:5B:AD:B2:81:B3","D0:6E:DE:6E:F8:AC",109,50001,58586,0,0,0,0,0,0,0,0,0,0,0,0,0,0,0
100,3,"/home/pqv/data/test/real_discord1.pcap",1660161125.596979,8815,0,"99.178.376.0","99.178.376.0",64,243,201,1,0,0,0,243,201,1,1660161092.783973,"192.168.1.56","66.22.218.76","10:5B:AD:B2:81:B3","D0:6E:DE:6E:F8:AC",109,50001,58586,0,0,0,0,0,0,0,0,0,0,0,0,0,0,0
100,3,"/home/pqv/data/test/real_discord1.pcap",1660161125.616749,8816,0,"99.178.376.0","99.178.376.0",64,243,201,1,0,0,0,243,201,1,1660161092.783973,"192.168.1.56","66.22.218.76","10:5B:AD:B2:81:B3","D0:6E:DE:6E:F8:AC",109,50001,58586,0,0,0,0,0,0,0,0,0,0,0,0,0,0,0
100,3,"/home/pqv/data/test/real_discord1.pcap",1660161125.636323,8817,0,"99.178.376.0","99.178.376.0",64,243,201,1,0,0,0,243,201,1,1660161092.783973,"192.168.1.56","66.22.218.76","10:5B:AD:B2:81:B3","D0:6E:DE:6E:F8:AC",109,50001,58586,0,0,0,0,0,0,0,0,0,0,0,0,0,0,0
100,3,"/home/pqv/data/test/real_discord1.pcap",1660161125.656443,8818,0,"99.178.376.0","99.178.376.0",64,243,201,1,0,0,0,243,201,1,1660161092.783973,"192.168.1.56","66.22.218.76","10:5B:AD:B2:81:B3","D0:6E:DE:6E:F8:AC",109,50001,58586,0,0,0,0,0,0,0,0,0,0,0,0,0,0,0
100,3,"/home/pqv/data/test/real_discord1.pcap",1660161125.727911,8819,0,"99.178.354.0","99.178.354.0",64,139,85,1,139,85,1,0,0,0,1660161021.132300,"192.168.1.56","162.159.128.235","10:5B:AD:B2:81:B3","D0:6E:DE:6E:F8:AC",52,443,49469,0,0,0,0,0,0,0,0,0,0,0,0,0,0,0
100,3,"/home/pqv/data/test/real_discord1.pcap",1660161125.735815,8820,0,"99.178.376.0","99.178.376.0",64,243,201,1,0,0,0,243,201,1,1660161092.783973,"192.168.1.56","66.22.218.76","10:5B:AD:B2:81:B3","D0:6E:DE:6E:F8:AC",109,50001,58586,0,0,0,0,0,0,0,0,0,0,0,0,0,0,0
100,3,"/home/pqv/data/test/real_discord1.pcap",1660161125.735815,8821,0,"99.178.376.0","99.178.376.0",64,243,201,1,0,0,0,243,201,1,1660161092.783973,"192.168.1.56","66.22.218.76","10:5B:AD:B2:81:B3","D0:6E:DE:6E:F8:AC",109,50001,58586,0,0,0,0,0,0,0,0,0,0,0,0,0,0,0
100,3,"/home/pqv/data/test/real_discord1.pcap",1660161125.735815,8822,0,"99.178.376.0","99.178.376.0",64,243,201,1,0,0,0,243,201,1,1660161092.783973,"192.168.1.56","66.22.218.76","10:5B:AD:B2:81:B3","D0:6E:DE:6E:F8:AC",109,50001,58586,0,0,0,0,0,0,0,0,0,0,0,0,0,0,0
100,3,"/home/pqv/data/test/real_discord1.pcap",1660161125.735815,8823,0,"99.178.376.0","99.178.376.0",64,243,201,1,0,0,0,243,201,1,1660161092.783973,"192.168.1.56","66.22.218.76","10:5B:AD:B2:81:B3","D0:6E:DE:6E:F8:AC",109,50001,58586,0,0,0,0,0,0,0,0,0,0,0,0,0,0,0
100,3,"/home/pqv/data/test/real_discord1.pcap",1660161125.738810,8824,0,"99.178.354.0","99.178.354.0",64,60,0,1,0,0,0,60,0,1,1660161021.132300,"192.168.1.56","162.159.128.235","10:5B:AD:B2:81:B3","D0:6E:DE:6E:F8:AC",52,443,49469,0,0,0,0,0,10899,0,10899,0,10899,0,0,0,0,0
100,3,"/home/pqv/data/test/real_discord1.pcap",1660161125.740045,8825,0,"99.178.376.0","99.178.376.0",64,243,201,1,243,201,1,0,0,0,1660161092.783973,"192.168.1.56","66.22.218.76","10:5B:AD:B2:81:B3","D0:6E:DE:6E:F8:AC",109,50001,58586,0,0,0,0,0,0,0,0,0,0,0,0,0,0,0
100,3,"/home/pqv/data/test/real_discord1.pcap",1660161125.756218,8826,0,"99.178.376.0","99.178.376.0",64,253,211,1,253,211,1,0,0,0,1660161092.783973,"192.168.1.56","66.22.218.76","10:5B:AD:B2:81:B3","D0:6E:DE:6E:F8:AC",109,50001,58586,0,0,0,0,0,0,0,0,0,0,0,0,0,0,0
100,3,"/home/pqv/data/test/real_discord1.pcap",1660161125.764092,8827,0,"99.178.376.0","99.178.376.0",64,243,201,1,0,0,0,243,201,1,1660161092.783973,"192.168.1.56","66.22.218.76","10:5B:AD:B2:81:B3","D0:6E:DE:6E:F8:AC",109,50001,58586,0,0,0,0,0,0,0,0,0,0,0,0,0,0,0
100,3,"/home/pqv/data/test/real_discord1.pcap",1660161125.774427,8828,0,"99.178.376.0","99.178.376.0",64,243,201,1,0,0,0,243,201,1,1660161092.783973,"192.168.1.56","66.22.218.76","10:5B:AD:B2:81:B3","D0:6E:DE:6E:F8:AC",109,50001,58586,0,0,0,0,0,0,0,0,0,0,0,0,0,0,0
100,3,"/home/pqv/data/test/real_discord1.pcap",1660161125.778899,8829,0,"99.178.376.0","99.178.376.0",64,264,222,1,264,222,1,0,0,0,1660161092.783973,"192.168.1.56","66.22.218.76","10:5B:AD:B2:81:B3","D0:6E:DE:6E:F8:AC",109,50001,58586,0,0,0,0,0,0,0,0,0,0,0,0,0,0,0
100,3,"/home/pqv/data/test/real_discord1.pcap",1660161125.796294,8830,0,"99.178.376.0","99.178.376.0",64,261,219,1,261,219,1,0,0,0,1660161092.783973,"192.168.1.56","66.22.218.76","10:5B:AD:B2:81:B3","D0:6E:DE:6E:F8:AC",109,50001,58586,0,0,0,0,0,0,0,0,0,0,0,0,0,0,0
100,3,"/home/pqv/data/test/real_discord1.pcap",1660161125.803467,8831,0,"99.178.376.0","99.178.376.0",64,243,201,1,0,0,0,243,201,1,1660161092.783973,"192.168.1.56","66.22.218.76","10:5B:AD:B2:81:B3","D0:6E:DE:6E:F8:AC",109,50001,58586,0,0,0,0,0,0,0,0,0,0,0,0,0,0,0
100,3,"/home/pqv/data/test/real_discord1.pcap",1660161125.814350,8832,0,"99.178.376.0","99.178.376.0",64,243,201,1,0,0,0,243,201,1,1660161092.783973,"192.168.1.56","66.22.218.76","10:5B:AD:B2:81:B3","D0:6E:DE:6E:F8:AC",109,50001,58586,0,0,0,0,0,0,0,0,0,0,0,0,0,0,0
100,3,"/home/pqv/data/test/real_discord1.pcap",1660161125.818985,8833,0,"99.178.376.0","99.178.376.0",64,255,213,1,255,213,1,0,0,0,1660161092.783973,"192.168.1.56","66.22.218.76","10:5B:AD:B2:81:B3","D0:6E:DE:6E:F8:AC",109,50001,58586,0,0,0,0,0,0,0,0,0,0,0,0,0,0,0
100,3,"/home/pqv/data/test/real_discord1.pcap",1660161125.839819,8834,0,"99.178.376.0","99.178.376.0",64,257,215,1,257,215,1,0,0,0,1660161092.783973,"192.168.1.56","66.22.218.76","10:5B:AD:B2:81:B3","D0:6E:DE:6E:F8:AC",109,50001,58586,0,0,0,0,0,0,0,0,0,0,0,0,0,0,0
100,3,"/home/pqv/data/test/real_discord1.pcap",1660161125.855007,8835,0,"99.178.376.0","99.178.376.0",64,243,201,1,0,0,0,243,201,1,1660161092.783973,"192.168.1.56","66.22.218.76","10:5B:AD:B2:81:B3","D0:6E:DE:6E:F8:AC",109,50001,58586,0,0,0,0,0,0,0,0,0,0,0,0,0,0,0
100,3,"/home/pqv/data/test/real_discord1.pcap",1660161125.861051,8836,0,"99.178.376.0","99.178.376.0",64,253,211,1,253,211,1,0,0,0,1660161092.783973,"192.168.1.56","66.22.218.76","10:5B:AD:B2:81:B3","D0:6E:DE:6E:F8:AC",109,50001,58586,0,0,0,0,0,0,0,0,0,0,0,0,0,0,0
100,3,"/home/pqv/data/test/real_discord1.pcap",1660161125.863771,8837,0,"99.178.376.0","99.178.376.0",64,243,201,1,0,0,0,243,201,1,1660161092.783973,"192.168.1.56","66.22.218.76","10:5B:AD:B2:81:B3","D0:6E:DE:6E:F8:AC",109,50001,58586,0,0,0,0,0,0,0,0,0,0,0,0,0,0,0
100,3,"/home/pqv/data/test/real_discord1.pcap",1660161125.877456,8838,0,"99.178.376.0","99.178.376.0",64,240,198,1,240,198,1,0,0,0,1660161092.783973,"192.168.1.56","66.22.218.76","10:5B:AD:B2:81:B3","D0:6E:DE:6E:F8:AC",109,50001,58586,0,0,0,0,0,0,0,0,0,0,0,0,0,0,0
100,3,"/home/pqv/data/test/real_discord1.pcap",1660161125.882418,8839,0,"99.178.376.0","99.178.376.0",64,243,201,1,0,0,0,243,201,1,1660161092.783973,"192.168.1.56","66.22.218.76","10:5B:AD:B2:81:B3","D0:6E:DE:6E:F8:AC",109,50001,58586,0,0,0,0,0,0,0,0,0,0,0,0,0,0,0
100,3,"/home/pqv/data/test/real_discord1.pcap",1660161125.898674,8840,0,"99.178.376.0","99.178.376.0",64,251,209,1,251,209,1,0,0,0,1660161092.783973,"192.168.1.56","66.22.218.76","10:5B:AD:B2:81:B3","D0:6E:DE:6E:F8:AC",109,50001,58586,0,0,0,0,0,0,0,0,0,0,0,0,0,0,0
100,3,"/home/pqv/data/test/real_discord1.pcap",1660161125.901748,8841,0,"99.178.376.0","99.178.376.0",64,243,201,1,0,0,0,243,201,1,1660161092.783973,"192.168.1.56","66.22.218.76","10:5B:AD:B2:81:B3","D0:6E:DE:6E:F8:AC",109,50001,58586,0,0,0,0,0,0,0,0,0,0,0,0,0,0,0
100,3,"/home/pqv/data/test/real_discord1.pcap",1660161125.916642,8843,0,"99.178.376.0","99.178.376.0",64,254,212,1,254,212,1,0,0,0,1660161092.783973,"192.168.1.56","66.22.218.76","10:5B:AD:B2:81:B3","D0:6E:DE:6E:F8:AC",109,50001,58586,0,0,0,0,0,0,0,0,0,0,0,0,0,0,0
100,3,"/home/pqv/data/test/real_discord1.pcap",1660161125.920852,8844,0,"99.178.376.0","99.178.376.0",64,94,52,1,0,0,0,94,52,1,1660161092.783973,"192.168.1.56","66.22.218.76","10:5B:AD:B2:81:B3","D0:6E:DE:6E:F8:AC",109,50001,58586,0,0,0,0,0,0,0,0,0,0,0,0,0,0,0
100,3,"/home/pqv/data/test/real_discord1.pcap",1660161125.920852,8845,0,"99.178.376.0","99.178.376.0",64,243,201,1,0,0,0,243,201,1,1660161092.783973,"192.168.1.56","66.22.218.76","10:5B:AD:B2:81:B3","D0:6E:DE:6E:F8:AC",109,50001,58586,0,0,0,0,0,0,0,0,0,0,0,0,0,0,0
100,3,"/home/pqv/data/test/real_discord1.pcap",1660161125.938557,8846,0,"99.178.376.0","99.178.376.0",64,261,219,1,261,219,1,0,0,0,1660161092.783973,"192.168.1.56","66.22.218.76","10:5B:AD:B2:81:B3","D0:6E:DE:6E:F8:AC",109,50001,58586,0,0,0,0,0,0,0,0,0,0,0,0,0,0,0
100,3,"/home/pqv/data/test/real_discord1.pcap",1660161125.958894,8847,0,"99.178.376.0","99.178.376.0",64,252,210,1,252,210,1,0,0,0,1660161092.783973,"192.168.1.56","66.22.218.76","10:5B:AD:B2:81:B3","D0:6E:DE:6E:F8:AC",109,50001,58586,0,0,0,0,0,0,0,0,0,0,0,0,0,0,0
100,3,"/home/pqv/data/test/real_discord1.pcap",1660161125.975116,8848,0,"99.178.376.0","99.178.376.0",64,252,210,1,252,210,1,0,0,0,1660161092.783973,"192.168.1.56","66.22.218.76","10:5B:AD:B2:81:B3","D0:6E:DE:6E:F8:AC",109,50001,58586,0,0,0,0,0,0,0,0,0,0,0,0,0,0,0
100,3,"/home/pqv/data/test/real_discord1.pcap",1660161125.997896,8849,0,"99.178.376.0","99.178.376.0",64,249,207,1,249,207,1,0,0,0,1660161092.783973,"192.168.1.56","66.22.218.76","10:5B:AD:B2:81:B3","D0:6E:DE:6E:F8:AC",109,50001,58586,0,0,0,0,0,0,0,0,0,0,0,0,0,0,0
100,3,"/home/pqv/data/test/real_discord1.pcap",1660161126.018908,8850,0,"99.178.376.0","99.178.376.0",64,241,199,1,241,199,1,0,0,0,1660161092.783973,"192.168.1.56","66.22.218.76","10:5B:AD:B2:81:B3","D0:6E:DE:6E:F8:AC",109,50001,58586,0,0,0,0,0,0,0,0,0,0,0,0,0,0,0
100,3,"/home/pqv/data/test/real_discord1.pcap",1660161126.030134,8851,0,"99.178.376.0","99.178.376.0",64,243,201,1,0,0,0,243,201,1,1660161092.783973,"192.168.1.56","66.22.218.76","10:5B:AD:B2:81:B3","D0:6E:DE:6E:F8:AC",109,50001,58586,0,0,0,0,0,0,0,0,0,0,0,0,0,0,0
100,3,"/home/pqv/data/test/real_discord1.pcap",1660161126.030134,8852,0,"99.178.376.0","99.178.376.0",64,243,201,1,0,0,0,243,201,1,1660161092.783973,"192.168.1.56","66.22.218.76","10:5B:AD:B2:81:B3","D0:6E:DE:6E:F8:AC",109,50001,58586,0,0,0,0,0,0,0,0,0,0,0,0,0,0,0
100,3,"/home/pqv/data/test/real_discord1.pcap",1660161126.030134,8853,0,"99.178.376.0","99.178.376.0",64,243,201,1,0,0,0,243,201,1,1660161092.783973,"192.168.1.56","66.22.218.76","10:5B:AD:B2:81:B3","D0:6E:DE:6E:F8:AC",109,50001,58586,0,0,0,0,0,0,0,0,0,0,0,0,0,0,0
100,3,"/home/pqv/data/test/real_discord1.pcap",1660161126.030134,8854,0,"99.178.376.0","99.178.376.0",64,243,201,1,0,0,0,243,201,1,1660161092.783973,"192.168.1.56","66.22.218.76","10:5B:AD:B2:81:B3","D0:6E:DE:6E:F8:AC",109,50001,58586,0,0,0,0,0,0,0,0,0,0,0,0,0,0,0
100,3,"/home/pqv/data/test/real_discord1.pcap",1660161126.030134,8855,0,"99.178.376.0","99.178.376.0",64,243,201,1,0,0,0,243,201,1,1660161092.783973,"192.168.1.56","66.22.218.76","10:5B:AD:B2:81:B3","D0:6E:DE:6E:F8:AC",109,50001,58586,0,0,0,0,0,0,0,0,0,0,0,0,0,0,0
100,3,"/home/pqv/data/test/real_discord1.pcap",1660161126.035307,8856,0,"99.178.376.0","99.178.376.0",64,251,209,1,251,209,1,0,0,0,1660161092.783973,"192.168.1.56","66.22.218.76","10:5B:AD:B2:81:B3","D0:6E:DE:6E:F8:AC",109,50001,58586,0,0,0,0,0,0,0,0,0,0,0,0,0,0,0
100,3,"/home/pqv/data/test/real_discord1.pcap",1660161126.056912,8857,0,"99.178.376.0","99.178.376.0",64,256,214,1,256,214,1,0,0,0,1660161092.783973,"192.168.1.56","66.22.218.76","10:5B:AD:B2:81:B3","D0:6E:DE:6E:F8:AC",109,50001,58586,0,0,0,0,0,0,0,0,0,0,0,0,0,0,0
100,3,"/home/pqv/data/test/real_discord1.pcap",1660161126.077911,8858,0,"99.178.376.0","99.178.376.0",64,255,213,1,255,213,1,0,0,0,1660161092.783973,"192.168.1.56","66.22.218.76","10:5B:AD:B2:81:B3","D0:6E:DE:6E:F8:AC",109,50001,58586,0,0,0,0,0,0,0,0,0,0,0,0,0,0,0
100,3,"/home/pqv/data/test/real_discord1.pcap",1660161126.098981,8859,0,"99.178.376.0","99.178.376.0",64,257,215,1,257,215,1,0,0,0,1660161092.783973,"192.168.1.56","66.22.218.76","10:5B:AD:B2:81:B3","D0:6E:DE:6E:F8:AC",109,50001,58586,0,0,0,0,0,0,0,0,0,0,0,0,0,0,0
100,3,"/home/pqv/data/test/real_discord1.pcap",1660161126.108833,8860,0,"99.178.376.0","99.178.376.0",64,243,201,1,0,0,0,243,201,1,1660161092.783973,"192.168.1.56","66.22.218.76","10:5B:AD:B2:81:B3","D0:6E:DE:6E:F8:AC",109,50001,58586,0,0,0,0,0,0,0,0,0,0,0,0,0,0,0
100,3,"/home/pqv/data/test/real_discord1.pcap",1660161126.108833,8861,0,"99.178.376.0","99.178.376.0",64,243,201,1,0,0,0,243,201,1,1660161092.783973,"192.168.1.56","66.22.218.76","10:5B:AD:B2:81:B3","D0:6E:DE:6E:F8:AC",109,50001,58586,0,0,0,0,0,0,0,0,0,0,0,0,0,0,0
100,3,"/home/pqv/data/test/real_discord1.pcap",1660161126.108833,8862,0,"99.178.376.0","99.178.376.0",64,243,201,1,0,0,0,243,201,1,1660161092.783973,"192.168.1.56","66.22.218.76","10:5B:AD:B2:81:B3","D0:6E:DE:6E:F8:AC",109,50001,58586,0,0,0,0,0,0,0,0,0,0,0,0,0,0,0
100,3,"/home/pqv/data/test/real_discord1.pcap",1660161126.108833,8863,0,"99.178.376.0","99.178.376.0",64,243,201,1,0,0,0,243,201,1,1660161092.783973,"192.168.1.56","66.22.218.76","10:5B:AD:B2:81:B3","D0:6E:DE:6E:F8:AC",109,50001,58586,0,0,0,0,0,0,0,0,0,0,0,0,0,0,0
100,3,"/home/pqv/data/test/real_discord1.pcap",1660161126.119539,8864,0,"99.178.376.0","99.178.376.0",64,243,201,1,0,0,0,243,201,1,1660161092.783973,"192.168.1.56","66.22.218.76","10:5B:AD:B2:81:B3","D0:6E:DE:6E:F8:AC",109,50001,58586,0,0,0,0,0,0,0,0,0,0,0,0,0,0,0
100,3,"/home/pqv/data/test/real_discord1.pcap",1660161126.121197,8865,0,"99.178.376.0","99.178.376.0",64,260,218,1,260,218,1,0,0,0,1660161092.783973,"192.168.1.56","66.22.218.76","10:5B:AD:B2:81:B3","D0:6E:DE:6E:F8:AC",109,50001,58586,0,0,0,0,0,0,0,0,0,0,0,0,0,0,0
100,3,"/home/pqv/data/test/real_discord1.pcap",1660161126.137073,8866,0,"99.178.376.0","99.178.376.0",64,257,215,1,257,215,1,0,0,0,1660161092.783973,"192.168.1.56","66.22.218.76","10:5B:AD:B2:81:B3","D0:6E:DE:6E:F8:AC",109,50001,58586,0,0,0,0,0,0,0,0,0,0,0,0,0,0,0
100,3,"/home/pqv/data/test/real_discord1.pcap",1660161126.158993,8867,0,"99.178.376.0","99.178.376.0",64,249,207,1,249,207,1,0,0,0,1660161092.783973,"192.168.1.56","66.22.218.76","10:5B:AD:B2:81:B3","D0:6E:DE:6E:F8:AC",109,50001,58586,0,0,0,0,0,0,0,0,0,0,0,0,0,0,0
100,3,"/home/pqv/data/test/real_discord1.pcap",1660161126.181147,8868,0,"99.178.376.0","99.178.376.0",64,251,209,1,251,209,1,0,0,0,1660161092.783973,"192.168.1.56","66.22.218.76","10:5B:AD:B2:81:B3","D0:6E:DE:6E:F8:AC",109,50001,58586,0,0,0,0,0,0,0,0,0,0,0,0,0,0,0
100,3,"/home/pqv/data/test/real_discord1.pcap",1660161126.197840,8869,0,"99.178.376.0","99.178.376.0",64,243,201,1,0,0,0,243,201,1,1660161092.783973,"192.168.1.56","66.22.218.76","10:5B:AD:B2:81:B3","D0:6E:DE:6E:F8:AC",109,50001,58586,0,0,0,0,0,0,0,0,0,0,0,0,0,0,0
100,3,"/home/pqv/data/test/real_discord1.pcap",1660161126.197840,8870,0,"99.178.376.0","99.178.376.0",64,243,201,1,0,0,0,243,201,1,1660161092.783973,"192.168.1.56","66.22.218.76","10:5B:AD:B2:81:B3","D0:6E:DE:6E:F8:AC",109,50001,58586,0,0,0,0,0,0,0,0,0,0,0,0,0,0,0
100,3,"/home/pqv/data/test/real_discord1.pcap",1660161126.197840,8871,0,"99.178.376.0","99.178.376.0",64,243,201,1,0,0,0,243,201,1,1660161092.783973,"192.168.1.56","66.22.218.76","10:5B:AD:B2:81:B3","D0:6E:DE:6E:F8:AC",109,50001,58586,0,0,0,0,0,0,0,0,0,0,0,0,0,0,0
100,3,"/home/pqv/data/test/real_discord1.pcap",1660161126.197840,8872,0,"99.178.376.0","99.178.376.0",64,243,201,1,0,0,0,243,201,1,1660161092.783973,"192.168.1.56","66.22.218.76","10:5B:AD:B2:81:B3","D0:6E:DE:6E:F8:AC",109,50001,58586,0,0,0,0,0,0,0,0,0,0,0,0,0,0,0
100,3,"/home/pqv/data/test/real_discord1.pcap",1660161126.197900,8873,0,"99.178.376.0","99.178.376.0",64,244,202,1,244,202,1,0,0,0,1660161092.783973,"192.168.1.56","66.22.218.76","10:5B:AD:B2:81:B3","D0:6E:DE:6E:F8:AC",109,50001,58586,0,0,0,0,0,0,0,0,0,0,0,0,0,0,0
100,3,"/home/pqv/data/test/real_discord1.pcap",1660161126.218725,8874,0,"99.178.376.0","99.178.376.0",64,242,200,1,242,200,1,0,0,0,1660161092.783973,"192.168.1.56","66.22.218.76","10:5B:AD:B2:81:B3","D0:6E:DE:6E:F8:AC",109,50001,58586,0,0,0,0,0,0,0,0,0,0,0,0,0,0,0
100,3,"/home/pqv/data/test/real_discord1.pcap",1660161126.236216,8875,0,"99.178.376.0","99.178.376.0",64,240,198,1,240,198,1,0,0,0,1660161092.783973,"192.168.1.56","66.22.218.76","10:5B:AD:B2:81:B3","D0:6E:DE:6E:F8:AC",109,50001,58586,0,0,0,0,0,0,0,0,0,0,0,0,0,0,0
100,3,"/home/pqv/data/test/real_discord1.pcap",1660161126.257534,8876,0,"99.178.376.0","99.178.376.0",64,252,210,1,252,210,1,0,0,0,1660161092.783973,"192.168.1.56","66.22.218.76","10:5B:AD:B2:81:B3","D0:6E:DE:6E:F8:AC",109,50001,58586,0,0,0,0,0,0,0,0,0,0,0,0,0,0,0
100,3,"/home/pqv/data/test/real_discord1.pcap",1660161126.278967,8877,0,"99.178.376.0","99.178.376.0",64,254,212,1,254,212,1,0,0,0,1660161092.783973,"192.168.1.56","66.22.218.76","10:5B:AD:B2:81:B3","D0:6E:DE:6E:F8:AC",109,50001,58586,0,0,0,0,0,0,0,0,0,0,0,0,0,0,0
