100,3,"/home/pqv/data/test/real_discord7.pcapng",1660161888.656418,2091,298,"99.178.376.298","99.178.376.298",15,243,201,1,0,0,0,243,201,1,1660161872.787418,"192.168.1.56","66.22.218.76","10:5B:AD:B2:81:B3","D0:6E:DE:6E:F8:AC",7,50001,62377,0,0,0,0,0,0,0,0,0,0,0,0,0,4,0
100,3,"/home/pqv/data/test/real_discord7.pcapng",1660161888.666976,2092,298,"99.178.376.298","99.178.376.298",15,243,201,1,0,0,0,243,201,1,1660161872.787418,"192.168.1.56","66.22.218.76","10:5B:AD:B2:81:B3","D0:6E:DE:6E:F8:AC",7,50001,62377,0,0,0,0,0,0,0,0,0,0,0,0,0,4,0
100,3,"/home/pqv/data/test/real_discord7.pcapng",1660161888.696189,2093,298,"99.178.376.298","99.178.376.298",15,243,201,1,0,0,0,243,201,1,1660161872.787418,"192.168.1.56","66.22.218.76","10:5B:AD:B2:81:B3","D0:6E:DE:6E:F8:AC",7,50001,62377,0,0,0,0,0,0,0,0,0,0,0,0,0,4,0
100,3,"/home/pqv/data/test/real_discord7.pcapng",1660161888.705990,2094,298,"99.178.376.298","99.178.376.298",15,243,201,1,0,0,0,243,201,1,1660161872.787418,"192.168.1.56","66.22.218.76","10:5B:AD:B2:81:B3","D0:6E:DE:6E:F8:AC",7,50001,62377,0,0,0,0,0,0,0,0,0,0,0,0,0,4,0
100,3,"/home/pqv/data/test/real_discord7.pcapng",1660161888.735871,2095,298,"99.178.376.298","99.178.376.298",15,243,201,1,0,0,0,243,201,1,1660161872.787418,"192.168.1.56","66.22.218.76","10:5B:AD:B2:81:B3","D0:6E:DE:6E:F8:AC",7,50001,62377,0,0,0,0,0,0,0,0,0,0,0,0,0,4,0
100,3,"/home/pqv/data/test/real_discord7.pcapng",1660161888.745413,2096,298,"99.178.376.298","99.178.376.298",15,243,201,1,0,0,0,243,201,1,1660161872.787418,"192.168.1.56","66.22.218.76","10:5B:AD:B2:81:B3","D0:6E:DE:6E:F8:AC",7,50001,62377,0,0,0,0,0,0,0,0,0,0,0,0,0,4,0
100,3,"/home/pqv/data/test/real_discord7.pcapng",1660161888.775002,2097,298,"99.178.376.298","99.178.376.298",15,243,201,1,0,0,0,243,201,1,1660161872.787418,"192.168.1.56","66.22.218.76","10:5B:AD:B2:81:B3","D0:6E:DE:6E:F8:AC",7,50001,62377,0,0,0,0,0,0,0,0,0,0,0,0,0,4,0
100,3,"/home/pqv/data/test/real_discord7.pcapng",1660161888.794963,2098,298,"99.178.376.298","99.178.376.298",15,243,201,1,0,0,0,243,201,1,1660161872.787418,"192.168.1.56","66.22.218.76","10:5B:AD:B2:81:B3","D0:6E:DE:6E:F8:AC",7,50001,62377,0,0,0,0,0,0,0,0,0,0,0,0,0,4,0
100,3,"/home/pqv/data/test/real_discord7.pcapng",1660161888.814080,2099,298,"99.178.376.298","99.178.376.298",15,243,201,1,0,0,0,243,201,1,1660161872.787418,"192.168.1.56","66.22.218.76","10:5B:AD:B2:81:B3","D0:6E:DE:6E:F8:AC",7,50001,62377,0,0,0,0,0,0,0,0,0,0,0,0,0,4,0
100,3,"/home/pqv/data/test/real_discord7.pcapng",1660161888.833466,2100,298,"99.178.376.298","99.178.376.298",15,243,201,1,0,0,0,243,201,1,1660161872.787418,"192.168.1.56","66.22.218.76","10:5B:AD:B2:81:B3","D0:6E:DE:6E:F8:AC",7,50001,62377,0,0,0,0,0,0,0,0,0,0,0,0,0,4,0
100,3,"/home/pqv/data/test/real_discord7.pcapng",1660161888.853294,2101,298,"99.178.376.298","99.178.376.298",15,243,201,1,0,0,0,243,201,1,1660161872.787418,"192.168.1.56","66.22.218.76","10:5B:AD:B2:81:B3","D0:6E:DE:6E:F8:AC",7,50001,62377,0,0,0,0,0,0,0,0,0,0,0,0,0,4,0
100,3,"/home/pqv/data/test/real_discord7.pcapng",1660161888.872853,2102,298,"99.178.376.298","99.178.376.298",15,243,201,1,0,0,0,243,201,1,1660161872.787418,"192.168.1.56","66.22.218.76","10:5B:AD:B2:81:B3","D0:6E:DE:6E:F8:AC",7,50001,62377,0,0,0,0,0,0,0,0,0,0,0,0,0,4,0
100,3,"/home/pqv/data/test/real_discord7.pcapng",1660161888.892731,2103,298,"99.178.376.298","99.178.376.298",15,243,201,1,0,0,0,243,201,1,1660161872.787418,"192.168.1.56","66.22.218.76","10:5B:AD:B2:81:B3","D0:6E:DE:6E:F8:AC",7,50001,62377,0,0,0,0,0,0,0,0,0,0,0,0,0,4,0
100,3,"/home/pqv/data/test/real_discord7.pcapng",1660161888.912365,2105,298,"99.178.376.298","99.178.376.298",15,243,201,1,0,0,0,243,201,1,1660161872.787418,"192.168.1.56","66.22.218.76","10:5B:AD:B2:81:B3","D0:6E:DE:6E:F8:AC",7,50001,62377,0,0,0,0,0,0,0,0,0,0,0,0,0,4,0
100,3,"/home/pqv/data/test/real_discord7.pcapng",1660161888.915412,2106,298,"99.178.376.298","99.178.376.298",15,94,52,1,0,0,0,94,52,1,1660161872.787418,"192.168.1.56","66.22.218.76","10:5B:AD:B2:81:B3","D0:6E:DE:6E:F8:AC",7,50001,62377,0,0,0,0,0,0,0,0,0,0,0,0,0,4,0
100,3,"/home/pqv/data/test/real_discord7.pcapng",1660161888.934366,2107,298,"99.178.376.298","99.178.376.298",15,243,201,1,0,0,0,243,201,1,1660161872.787418,"192.168.1.56","66.22.218.76","10:5B:AD:B2:81:B3","D0:6E:DE:6E:F8:AC",7,50001,62377,0,0,0,0,0,0,0,0,0,0,0,0,0,4,0
100,3,"/home/pqv/data/test/real_discord7.pcapng",1660161888.952284,2108,298,"99.178.376.298","99.178.376.298",15,243,201,1,0,0,0,243,201,1,1660161872.787418,"192.168.1.56","66.22.218.76","10:5B:AD:B2:81:B3","D0:6E:DE:6E:F8:AC",7,50001,62377,0,0,0,0,0,0,0,0,0,0,0,0,0,4,0
100,3,"/home/pqv/data/test/real_discord7.pcapng",1660161888.976438,2109,298,"99.178.376.298","99.178.376.298",15,243,201,1,0,0,0,243,201,1,1660161872.787418,"192.168.1.56","66.22.218.76","10:5B:AD:B2:81:B3","D0:6E:DE:6E:F8:AC",7,50001,62377,0,0,0,0,0,0,0,0,0,0,0,0,0,4,0
100,3,"/home/pqv/data/test/real_discord7.pcapng",1660161888.991828,2110,298,"99.178.376.298","99.178.376.298",15,243,201,1,0,0,0,243,201,1,1660161872.787418,"192.168.1.56","66.22.218.76","10:5B:AD:B2:81:B3","D0:6E:DE:6E:F8:AC",7,50001,62377,0,0,0,0,0,0,0,0,0,0,0,0,0,4,0
100,3,"/home/pqv/data/test/real_discord7.pcapng",1660161888.998166,2111,90,"99.178.376.90","",16,188,146,1,188,146,1,0,0,0,1660161888.998166,"192.168.1.46","255.255.255.255","5C:E0:C5:63:F3:94","FF:FF:FF:FF:FF:FF",16,17500,17500,0,0,0,0,0,0,0,0,0,0,0,0,0,8,0
100,3,"/home/pqv/data/test/real_discord7.pcapng",1660161888.998269,2112,90,"99.178.376.90","",17,188,146,1,188,146,1,0,0,0,1660161888.998269,"192.168.1.46","192.168.1.255","5C:E0:C5:63:F3:94","FF:FF:FF:FF:FF:FF",17,17500,17500,0,0,0,0,0,0,0,0,0,0,0,0,0,8,0
100,3,"/home/pqv/data/test/real_discord7.pcapng",1660161888.998547,2113,90,"99.178.376.90","",17,188,146,1,188,146,1,0,0,0,1660161888.998166,"192.168.1.46","255.255.255.255","5C:E0:C5:63:F3:94","FF:FF:FF:FF:FF:FF",16,17500,17500,0,0,0,0,0,0,0,0,0,0,0,0,0,8,0
100,3,"/home/pqv/data/test/real_discord7.pcapng",1660161888.998821,2114,90,"99.178.376.90","",17,188,146,1,188,146,1,0,0,0,1660161888.998166,"192.168.1.46","255.255.255.255","5C:E0:C5:63:F3:94","FF:FF:FF:FF:FF:FF",16,17500,17500,0,0,0,0,0,0,0,0,0,0,0,0,0,8,0
100,3,"/home/pqv/data/test/real_discord7.pcapng",1660161889.010965,2115,298,"99.178.376.298","99.178.376.298",17,243,201,1,0,0,0,243,201,1,1660161872.787418,"192.168.1.56","66.22.218.76","10:5B:AD:B2:81:B3","D0:6E:DE:6E:F8:AC",7,50001,62377,0,0,0,0,0,0,0,0,0,0,0,0,0,4,0
100,3,"/home/pqv/data/test/real_discord7.pcapng",1660161889.031572,2116,298,"99.178.376.298","99.178.376.298",17,243,201,1,0,0,0,243,201,1,1660161872.787418,"192.168.1.56","66.22.218.76","10:5B:AD:B2:81:B3","D0:6E:DE:6E:F8:AC",7,50001,62377,0,0,0,0,0,0,0,0,0,0,0,0,0,4,0
100,3,"/home/pqv/data/test/real_discord7.pcapng",1660161889.050490,2117,298,"99.178.376.298","99.178.376.298",17,243,201,1,0,0,0,243,201,1,1660161872.787418,"192.168.1.56","66.22.218.76","10:5B:AD:B2:81:B3","D0:6E:DE:6E:F8:AC",7,50001,62377,0,0,0,0,0,0,0,0,0,0,0,0,0,4,0
100,3,"/home/pqv/data/test/real_discord7.pcapng",1660161889.070240,2118,298,"99.178.376.298","99.178.376.298",17,243,201,1,0,0,0,243,201,1,1660161872.787418,"192.168.1.56","66.22.218.76","10:5B:AD:B2:81:B3","D0:6E:DE:6E:F8:AC",7,50001,62377,0,0,0,0,0,0,0,0,0,0,0,0,0,4,0
100,3,"/home/pqv/data/test/real_discord7.pcapng",1660161889.089997,2119,298,"99.178.376.298","99.178.376.298",17,243,201,1,0,0,0,243,201,1,1660161872.787418,"192.168.1.56","66.22.218.76","10:5B:AD:B2:81:B3","D0:6E:DE:6E:F8:AC",7,50001,62377,0,0,0,0,0,0,0,0,0,0,0,0,0,4,0
100,3,"/home/pqv/data/test/real_discord7.pcapng",1660161889.109311,2120,298,"99.178.376.298","99.178.376.298",17,243,201,1,0,0,0,243,201,1,1660161872.787418,"192.168.1.56","66.22.218.76","10:5B:AD:B2:81:B3","D0:6E:DE:6E:F8:AC",7,50001,62377,0,0,0,0,0,0,0,0,0,0,0,0,0,4,0
100,3,"/home/pqv/data/test/real_discord7.pcapng",1660161889.139145,2121,298,"99.178.376.298","99.178.376.298",17,243,201,1,0,0,0,243,201,1,1660161872.787418,"192.168.1.56","66.22.218.76","10:5B:AD:B2:81:B3","D0:6E:DE:6E:F8:AC",7,50001,62377,0,0,0,0,0,0,0,0,0,0,0,0,0,4,0
100,3,"/home/pqv/data/test/real_discord7.pcapng",1660161889.139145,2122,0,"99.178.354.0","99.178.354.0",17,235,181,1,235,181,1,0,0,0,1660161865.203667,"162.159.136.234","192.168.1.56","D0:6E:DE:6E:F8:AC","10:5B:AD:B2:81:B3",3,50656,443,0,0,0,0,0,990326,0,990326,0,990326,0,0,0,0,0
100,3,"/home/pqv/data/test/real_discord7.pcapng",1660161889.149033,2123,298,"99.178.376.298","99.178.376.298",17,243,201,1,0,0,0,243,201,1,1660161872.787418,"192.168.1.56","66.22.218.76","10:5B:AD:B2:81:B3","D0:6E:DE:6E:F8:AC",7,50001,62377,0,0,0,0,0,0,0,0,0,0,0,0,0,4,0
100,3,"/home/pqv/data/test/real_discord7.pcapng",1660161889.168282,2124,298,"99.178.376.298","99.178.376.298",17,243,201,1,0,0,0,243,201,1,1660161872.787418,"192.168.1.56","66.22.218.76","10:5B:AD:B2:81:B3","D0:6E:DE:6E:F8:AC",7,50001,62377,0,0,0,0,0,0,0,0,0,0,0,0,0,4,0
100,3,"/home/pqv/data/test/real_discord7.pcapng",1660161889.187936,2125,298,"99.178.376.298","99.178.376.298",17,243,201,1,0,0,0,243,201,1,1660161872.787418,"192.168.1.56","66.22.218.76","10:5B:AD:B2:81:B3","D0:6E:DE:6E:F8:AC",7,50001,62377,0,0,0,0,0,0,0,0,0,0,0,0,0,4,0
100,3,"/home/pqv/data/test/real_discord7.pcapng",1660161889.191815,2126,0,"99.178.354.0","99.178.354.0",17,54,0,1,0,0,0,54,0,1,1660161865.203667,"162.159.136.234","192.168.1.56","D0:6E:DE:6E:F8:AC","10:5B:AD:B2:81:B3",3,50656,443,0,0,0,0,52670,0,52670,0,52670,0,0,0,0,0,0
100,3,"/home/pqv/data/test/real_discord7.pcapng",1660161889.208194,2127,298,"99.178.376.298","99.178.376.298",17,243,201,1,0,0,0,243,201,1,1660161872.787418,"192.168.1.56","66.22.218.76","10:5B:AD:B2:81:B3","D0:6E:DE:6E:F8:AC",7,50001,62377,0,0,0,0,0,0,0,0,0,0,0,0,0,4,0
100,3,"/home/pqv/data/test/real_discord7.pcapng",1660161889.237160,2128,298,"99.178.376.298","99.178.376.298",17,243,201,1,0,0,0,243,201,1,1660161872.787418,"192.168.1.56","66.22.218.76","10:5B:AD:B2:81:B3","D0:6E:DE:6E:F8:AC",7,50001,62377,0,0,0,0,0,0,0,0,0,0,0,0,0,4,0
100,3,"/home/pqv/data/test/real_discord7.pcapng",1660161889.247214,2129,298,"99.178.376.298","99.178.376.298",17,243,201,1,0,0,0,243,201,1,1660161872.787418,"192.168.1.56","66.22.218.76","10:5B:AD:B2:81:B3","D0:6E:DE:6E:F8:AC",7,50001,62377,0,0,0,0,0,0,0,0,0,0,0,0,0,4,0
100,3,"/home/pqv/data/test/real_discord7.pcapng",1660161889.267142,2130,298,"99.178.376.298","99.178.376.298",17,243,201,1,0,0,0,243,201,1,1660161872.787418,"192.168.1.56","66.22.218.76","10:5B:AD:B2:81:B3","D0:6E:DE:6E:F8:AC",7,50001,62377,0,0,0,0,0,0,0,0,0,0,0,0,0,4,0
100,3,"/home/pqv/data/test/real_discord7.pcapng",1660161889.287534,2131,298,"99.178.376.298","99.178.376.298",17,243,201,1,0,0,0,243,201,1,1660161872.787418,"192.168.1.56","66.22.218.76","10:5B:AD:B2:81:B3","D0:6E:DE:6E:F8:AC",7,50001,62377,0,0,0,0,0,0,0,0,0,0,0,0,0,4,0
100,3,"/home/pqv/data/test/real_discord7.pcapng",1660161889.306478,2132,298,"99.178.376.298","99.178.376.298",17,243,201,1,0,0,0,243,201,1,1660161872.787418,"192.168.1.56","66.22.218.76","10:5B:AD:B2:81:B3","D0:6E:DE:6E:F8:AC",7,50001,62377,0,0,0,0,0,0,0,0,0,0,0,0,0,4,0
100,3,"/home/pqv/data/test/real_discord7.pcapng",1660161889.325679,2133,298,"99.178.376.298","99.178.376.298",17,234,192,1,0,0,0,234,192,1,1660161872.787418,"192.168.1.56","66.22.218.76","10:5B:AD:B2:81:B3","D0:6E:DE:6E:F8:AC",7,50001,62377,0,0,0,0,0,0,0,0,0,0,0,0,0,4,0
100,3,"/home/pqv/data/test/real_discord7.pcapng",1660161889.345824,2134,298,"99.178.376.298","99.178.376.298",17,222,180,1,0,0,0,222,180,1,1660161872.787418,"192.168.1.56","66.22.218.76","10:5B:AD:B2:81:B3","D0:6E:DE:6E:F8:AC",7,50001,62377,0,0,0,0,0,0,0,0,0,0,0,0,0,4,0
100,3,"/home/pqv/data/test/real_discord7.pcapng",1660161889.365411,2135,298,"99.178.376.298","99.178.376.298",17,220,178,1,0,0,0,220,178,1,1660161872.787418,"192.168.1.56","66.22.218.76","10:5B:AD:B2:81:B3","D0:6E:DE:6E:F8:AC",7,50001,62377,0,0,0,0,0,0,0,0,0,0,0,0,0,4,0
100,3,"/home/pqv/data/test/real_discord7.pcapng",1660161889.395475,2136,298,"99.178.376.298","99.178.376.298",17,208,166,1,0,0,0,208,166,1,1660161872.787418,"192.168.1.56","66.22.218.76","10:5B:AD:B2:81:B3","D0:6E:DE:6E:F8:AC",7,50001,62377,0,0,0,0,0,0,0,0,0,0,0,0,0,4,0
100,3,"/home/pqv/data/test/real_discord7.pcapng",1660161889.404603,2137,298,"99.178.376.298","99.178.376.298",17,209,167,1,0,0,0,209,167,1,1660161872.787418,"192.168.1.56","66.22.218.76","10:5B:AD:B2:81:B3","D0:6E:DE:6E:F8:AC",7,50001,62377,0,0,0,0,0,0,0,0,0,0,0,0,0,4,0
100,3,"/home/pqv/data/test/real_discord7.pcapng",1660161889.434218,2138,298,"99.178.376.298","99.178.376.298",17,209,167,1,0,0,0,209,167,1,1660161872.787418,"192.168.1.56","66.22.218.76","10:5B:AD:B2:81:B3","D0:6E:DE:6E:F8:AC",7,50001,62377,0,0,0,0,0,0,0,0,0,0,0,0,0,4,0
100,3,"/home/pqv/data/test/real_discord7.pcapng",1660161889.453867,2139,298,"99.178.376.298","99.178.376.298",17,239,197,1,0,0,0,239,197,1,1660161872.787418,"192.168.1.56","66.22.218.76","10:5B:AD:B2:81:B3","D0:6E:DE:6E:F8:AC",7,50001,62377,0,0,0,0,0,0,0,0,0,0,0,0,0,4,0
100,3,"/home/pqv/data/test/real_discord7.pcapng",1660161889.468191,2140,298,"99.178.376.298","99.178.376.298",17,94,52,1,94,52,1,0,0,0,1660161872.787418,"192.168.1.56","66.22.218.76","10:5B:AD:B2:81:B3","D0:6E:DE:6E:F8:AC",7,50001,62377,0,0,0,0,0,0,0,0,0,0,0,0,0,4,0
100,3,"/home/pqv/data/test/real_discord7.pcapng",1660161889.468602,2141,298,"99.178.376.298","99.178.376.298",17,94,52,1,94,52,1,0,0,0,1660161872.787418,"192.168.1.56","66.22.218.76","10:5B:AD:B2:81:B3","D0:6E:DE:6E:F8:AC",7,50001,62377,0,0,0,0,0,0,0,0,0,0,0,0,0,4,0
100,3,"/home/pqv/data/test/real_discord7.pcapng",1660161889.473332,2142,298,"99.178.376.298","99.178.376.298",17,243,201,1,0,0,0,243,201,1,1660161872.787418,"192.168.1.56","66.22.218.76","10:5B:AD:B2:81:B3","D0:6E:DE:6E:F8:AC",7,50001,62377,0,0,0,0,0,0,0,0,0,0,0,0,0,4,0
100,3,"/home/pqv/data/test/real_discord7.pcapng",1660161889.493389,2143,298,"99.178.376.298","99.178.376.298",17,243,201,1,0,0,0,243,201,1,1660161872.787418,"192.168.1.56","66.22.218.76","10:5B:AD:B2:81:B3","D0:6E:DE:6E:F8:AC",7,50001,62377,0,0,0,0,0,0,0,0,0,0,0,0,0,4,0
100,3,"/home/pqv/data/test/real_discord7.pcapng",1660161889.513842,2144,298,"99.178.376.298","99.178.376.298",17,243,201,1,0,0,0,243,201,1,1660161872.787418,"192.168.1.56","66.22.218.76","10:5B:AD:B2:81:B3","D0:6E:DE:6E:F8:AC",7,50001,62377,0,0,0,0,0,0,0,0,0,0,0,0,0,4,0
100,3,"/home/pqv/data/test/real_discord7.pcapng",1660161889.532533,2145,298,"99.178.376.298","99.178.376.298",17,243,201,1,0,0,0,243,201,1,1660161872.787418,"192.168.1.56","66.22.218.76","10:5B:AD:B2:81:B3","D0:6E:DE:6E:F8:AC",7,50001,62377,0,0,0,0,0,0,0,0,0,0,0,0,0,4,0
100,3,"/home/pqv/data/test/real_discord7.pcapng",1660161889.552343,2146,298,"99.178.376.298","99.178.376.298",17,243,201,1,0,0,0,243,201,1,1660161872.787418,"192.168.1.56","66.22.218.76","10:5B:AD:B2:81:B3","D0:6E:DE:6E:F8:AC",7,50001,62377,0,0,0,0,0,0,0,0,0,0,0,0,0,4,0
100,3,"/home/pqv/data/test/real_discord7.pcapng",1660161889.573669,2147,298,"99.178.376.298","99.178.376.298",17,288,246,1,0,0,0,288,246,1,1660161872.787418,"192.168.1.56","66.22.218.76","10:5B:AD:B2:81:B3","D0:6E:DE:6E:F8:AC",7,50001,62377,0,0,0,0,0,0,0,0,0,0,0,0,0,4,0
100,3,"/home/pqv/data/test/real_discord7.pcapng",1660161889.594424,2148,298,"99.178.376.298","99.178.376.298",17,85,43,1,0,0,0,85,43,1,1660161872.787418,"192.168.1.56","66.22.218.76","10:5B:AD:B2:81:B3","D0:6E:DE:6E:F8:AC",7,50001,62377,0,0,0,0,0,0,0,0,0,0,0,0,0,4,0
100,3,"/home/pqv/data/test/real_discord7.pcapng",1660161889.611453,2149,298,"99.178.376.298","99.178.376.298",17,85,43,1,0,0,0,85,43,1,1660161872.787418,"192.168.1.56","66.22.218.76","10:5B:AD:B2:81:B3","D0:6E:DE:6E:F8:AC",7,50001,62377,0,0,0,0,0,0,0,0,0,0,0,0,0,4,0
100,3,"/home/pqv/data/test/real_discord7.pcapng",1660161889.630773,2150,298,"99.178.376.298","99.178.376.298",17,85,43,1,0,0,0,85,43,1,1660161872.787418,"192.168.1.56","66.22.218.76","10:5B:AD:B2:81:B3","D0:6E:DE:6E:F8:AC",7,50001,62377,0,0,0,0,0,0,0,0,0,0,0,0,0,4,0
100,3,"/home/pqv/data/test/real_discord7.pcapng",1660161889.650684,2151,298,"99.178.376.298","99.178.376.298",17,85,43,1,0,0,0,85,43,1,1660161872.787418,"192.168.1.56","66.22.218.76","10:5B:AD:B2:81:B3","D0:6E:DE:6E:F8:AC",7,50001,62377,0,0,0,0,0,0,0,0,0,0,0,0,0,4,0
100,3,"/home/pqv/data/test/real_discord7.pcapng",1660161889.670377,2152,298,"99.178.376.298","99.178.376.298",17,85,43,1,0,0,0,85,43,1,1660161872.787418,"192.168.1.56","66.22.218.76","10:5B:AD:B2:81:B3","D0:6E:DE:6E:F8:AC",7,50001,62377,0,0,0,0,0,0,0,0,0,0,0,0,0,4,0
100,3,"/home/pqv/data/test/real_discord7.pcapng",1660161889.690082,2153,298,"99.178.376.298","99.178.376.298",17,85,43,1,0,0,0,85,43,1,1660161872.787418,"192.168.1.56","66.22.218.76","10:5B:AD:B2:81:B3","D0:6E:DE:6E:F8:AC",7,50001,62377,0,0,0,0,0,0,0,0,0,0,0,0,0,4,0
100,3,"/home/pqv/data/test/real_discord7.pcapng",1660161889.710067,2154,298,"99.178.376.298","99.178.376.298",17,85,43,1,0,0,0,85,43,1,1660161872.787418,"192.168.1.56","66.22.218.76","10:5B:AD:B2:81:B3","D0:6E:DE:6E:F8:AC",7,50001,62377,0,0,0,0,0,0,0,0,0,0,0,0,0,4,0
100,3,"/home/pqv/data/test/real_discord7.pcapng",1660161889.729540,2155,298,"99.178.376.298","99.178.376.298",17,243,201,1,0,0,0,243,201,1,1660161872.787418,"192.168.1.56","66.22.218.76","10:5B:AD:B2:81:B3","D0:6E:DE:6E:F8:AC",7,50001,62377,0,0,0,0,0,0,0,0,0,0,0,0,0,4,0
100,3,"/home/pqv/data/test/real_discord7.pcapng",1660161889.749438,2156,298,"99.178.376.298","99.178.376.298",17,243,201,1,0,0,0,243,201,1,1660161872.787418,"192.168.1.56","66.22.218.76","10:5B:AD:B2:81:B3","D0:6E:DE:6E:F8:AC",7,50001,62377,0,0,0,0,0,0,0,0,0,0,0,0,0,4,0
100,3,"/home/pqv/data/test/real_discord7.pcapng",1660161889.768766,2157,298,"99.178.376.298","99.178.376.298",17,243,201,1,0,0,0,243,201,1,1660161872.787418,"192.168.1.56","66.22.218.76","10:5B:AD:B2:81:B3","D0:6E:DE:6E:F8:AC",7,50001,62377,0,0,0,0,0,0,0,0,0,0,0,0,0,4,0
100,3,"/home/pqv/data/test/real_discord7.pcapng",1660161889.788555,2158,298,"99.178.376.298","99.178.376.298",17,243,201,1,0,0,0,243,201,1,1660161872.787418,"192.168.1.56","66.22.218.76","10:5B:AD:B2:81:B3","D0:6E:DE:6E:F8:AC",7,50001,62377,0,0,0,0,0,0,0,0,0,0,0,0,0,4,0
100,3,"/home/pqv/data/test/real_discord7.pcapng",1660161889.819761,2159,298,"99.178.376.298","99.178.376.298",17,243,201,1,0,0,0,243,201,1,1660161872.787418,"192.168.1.56","66.22.218.76","10:5B:AD:B2:81:B3","D0:6E:DE:6E:F8:AC",7,50001,62377,0,0,0,0,0,0,0,0,0,0,0,0,0,4,0
100,3,"/home/pqv/data/test/real_discord7.pcapng",1660161889.828394,2160,298,"99.178.376.298","99.178.376.298",17,221,179,1,0,0,0,221,179,1,1660161872.787418,"192.168.1.56","66.22.218.76","10:5B:AD:B2:81:B3","D0:6E:DE:6E:F8:AC",7,50001,62377,0,0,0,0,0,0,0,0,0,0,0,0,0,4,0
100,3,"/home/pqv/data/test/real_discord7.pcapng",1660161889.857998,2161,298,"99.178.376.298","99.178.376.298",17,218,176,1,0,0,0,218,176,1,1660161872.787418,"192.168.1.56","66.22.218.76","10:5B:AD:B2:81:B3","D0:6E:DE:6E:F8:AC",7,50001,62377,0,0,0,0,0,0,0,0,0,0,0,0,0,4,0
100,3,"/home/pqv/data/test/real_discord7.pcapng",1660161889.862605,2162,298,"99.178.376.298","99.178.376.298",17,235,193,1,0,0,0,235,193,1,1660161872.787418,"192.168.1.56","66.22.218.76","10:5B:AD:B2:81:B3","D0:6E:DE:6E:F8:AC",7,50001,62377,0,0,0,0,0,0,0,0,0,0,0,0,0,4,0
100,3,"/home/pqv/data/test/real_discord7.pcapng",1660161889.881782,2163,298,"99.178.376.298","99.178.376.298",17,256,214,1,0,0,0,256,214,1,1660161872.787418,"192.168.1.56","66.22.218.76","10:5B:AD:B2:81:B3","D0:6E:DE:6E:F8:AC",7,50001,62377,0,0,0,0,0,0,0,0,0,0,0,0,0,4,0
100,3,"/home/pqv/data/test/real_discord7.pcapng",1660161889.902439,2164,298,"99.178.376.298","99.178.376.298",17,249,207,1,0,0,0,249,207,1,1660161872.787418,"192.168.1.56","66.22.218.76","10:5B:AD:B2:81:B3","D0:6E:DE:6E:F8:AC",7,50001,62377,0,0,0,0,0,0,0,0,0,0,0,0,0,4,0
100,3,"/home/pqv/data/test/real_discord7.pcapng",1660161889.915768,2165,298,"99.178.376.298","99.178.376.298",17,94,52,1,0,0,0,94,52,1,1660161872.787418,"192.168.1.56","66.22.218.76","10:5B:AD:B2:81:B3","D0:6E:DE:6E:F8:AC",7,50001,62377,0,0,0,0,0,0,0,0,0,0,0,0,0,4,0
100,3,"/home/pqv/data/test/real_discord7.pcapng",1660161889.921049,2167,298,"99.178.376.298","99.178.376.298",17,256,214,1,0,0,0,256,214,1,1660161872.787418,"192.168.1.56","66.22.218.76","10:5B:AD:B2:81:B3","D0:6E:DE:6E:F8:AC",7,50001,62377,0,0,0,0,0,0,0,0,0,0,0,0,0,4,0
100,3,"/home/pqv/data/test/real_discord7.pcapng",1660161889.950278,2168,298,"99.178.376.298","99.178.376.298",17,250,208,1,0,0,0,250,208,1,1660161872.787418,"192.168.1.56","66.22.218.76","10:5B:AD:B2:81:B3","D0:6E:DE:6E:F8:AC",7,50001,62377,0,0,0,0,0,0,0,0,0,0,0,0,0,4,0
100,3,"/home/pqv/data/test/real_discord7.pcapng",1660161889.959964,2169,298,"99.178.376.298","99.178.376.298",17,218,176,1,0,0,0,218,176,1,1660161872.787418,"192.168.1.56","66.22.218.76","10:5B:AD:B2:81:B3","D0:6E:DE:6E:F8:AC",7,50001,62377,0,0,0,0,0,0,0,0,0,0,0,0,0,4,0
100,3,"/home/pqv/data/test/real_discord7.pcapng",1660161889.990032,2170,298,"99.178.376.298","99.178.376.298",17,222,180,1,0,0,0,222,180,1,1660161872.787418,"192.168.1.56","66.22.218.76","10:5B:AD:B2:81:B3","D0:6E:DE:6E:F8:AC",7,50001,62377,0,0,0,0,0,0,0,0,0,0,0,0,0,4,0
100,3,"/home/pqv/data/test/real_discord7.pcapng",1660161890.009344,2171,298,"99.178.376.298","99.178.376.298",17,208,166,1,0,0,0,208,166,1,1660161872.787418,"192.168.1.56","66.22.218.76","10:5B:AD:B2:81:B3","D0:6E:DE:6E:F8:AC",7,50001,62377,0,0,0,0,0,0,0,0,0,0,0,0,0,4,0
100,3,"/home/pqv/data/test/real_discord7.pcapng",1660161890.029337,2172,298,"99.178.376.298","99.178.376.298",17,291,249,1,0,0,0,291,249,1,1660161872.787418,"192.168.1.56","66.22.218.76","10:5B:AD:B2:81:B3","D0:6E:DE:6E:F8:AC",7,50001,62377,0,0,0,0,0,0,0,0,0,0,0,0,0,4,0
100,3,"/home/pqv/data/test/real_discord7.pcapng",1660161890.048553,2173,298,"99.178.376.298","99.178.376.298",17,286,244,1,0,0,0,286,244,1,1660161872.787418,"192.168.1.56","66.22.218.76","10:5B:AD:B2:81:B3","D0:6E:DE:6E:F8:AC",7,50001,62377,0,0,0,0,0,0,0,0,0,0,0,0,0,4,0
100,3,"/home/pqv/data/test/real_discord7.pcapng",1660161890.068549,2174,298,"99.178.376.298","99.178.376.298",17,249,207,1,0,0,0,249,207,1,1660161872.787418,"192.168.1.56","66.22.218.76","10:5B:AD:B2:81:B3","D0:6E:DE:6E:F8:AC",7,50001,62377,0,0,0,0,0,0,0,0,0,0,0,0,0,4,0
100,3,"/home/pqv/data/test/real_discord7.pcapng",1660161890.088355,2175,298,"99.178.376.298","99.178.376.298",17,243,201,1,0,0,0,243,201,1,1660161872.787418,"192.168.1.56","66.22.218.76","10:5B:AD:B2:81:B3","D0:6E:DE:6E:F8:AC",7,50001,62377,0,0,0,0,0,0,0,0,0,0,0,0,0,4,0
100,3,"/home/pqv/data/test/real_discord7.pcapng",1660161890.108192,2176,298,"99.178.376.298","99.178.376.298",17,243,201,1,0,0,0,243,201,1,1660161872.787418,"192.168.1.56","66.22.218.76","10:5B:AD:B2:81:B3","D0:6E:DE:6E:F8:AC",7,50001,62377,0,0,0,0,0,0,0,0,0,0,0,0,0,4,0
100,3,"/home/pqv/data/test/real_discord7.pcapng",1660161890.137405,2177,298,"99.178.376.298","99.178.376.298",17,243,201,1,0,0,0,243,201,1,1660161872.787418,"192.168.1.56","66.22.218.76","10:5B:AD:B2:81:B3","D0:6E:DE:6E:F8:AC",7,50001,62377,0,0,0,0,0,0,0,0,0,0,0,0,0,4,0
100,3,"/home/pqv/data/test/real_discord7.pcapng",1660161890.147204,2178,298,"99.178.376.298","99.178.376.298",17,243,201,1,0,0,0,243,201,1,1660161872.787418,"192.168.1.56","66.22.218.76","10:5B:AD:B2:81:B3","D0:6E:DE:6E:F8:AC",7,50001,62377,0,0,0,0,0,0,0,0,0,0,0,0,0,4,0
100,3,"/home/pqv/data/test/real_discord7.pcapng",1660161890.167158,2179,298,"99.178.376.298","99.178.376.298",17,243,201,1,0,0,0,243,201,1,1660161872.787418,"192.168.1.56","66.22.218.76","10:5B:AD:B2:81:B3","D0:6E:DE:6E:F8:AC",7,50001,62377,0,0,0,0,0,0,0,0,0,0,0,0,0,4,0
100,3,"/home/pqv/data/test/real_discord7.pcapng",1660161890.186405,2180,298,"99.178.376.298","99.178.376.298",17,243,201,1,0,0,0,243,201,1,1660161872.787418,"192.168.1.56","66.22.218.76","10:5B:AD:B2:81:B3","D0:6E:DE:6E:F8:AC",7,50001,62377,0,0,0,0,0,0,0,0,0,0,0,0,0,4,0
100,3,"/home/pqv/data/test/real_discord7.pcapng",1660161890.206316,2181,298,"99.178.376.298","99.178.376.298",17,243,201,1,0,0,0,243,201,1,1660161872.787418,"192.168.1.56","66.22.218.76","10:5B:AD:B2:81:B3","D0:6E:DE:6E:F8:AC",7,50001,62377,0,0,0,0,0,0,0,0,0,0,0,0,0,4,0
100,3,"/home/pqv/data/test/real_discord7.pcapng",1660161890.227008,2182,298,"99.178.376.298","99.178.376.298",17,243,201,1,0,0,0,243,201,1,1660161872.787418,"192.168.1.56","66.22.218.76","10:5B:AD:B2:81:B3","D0:6E:DE:6E:F8:AC",7,50001,62377,0,0,0,0,0,0,0,0,0,0,0,0,0,4,0
100,3,"/home/pqv/data/test/real_discord7.pcapng",1660161890.246044,2183,298,"99.178.376.298","99.178.376.298",17,243,201,1,0,0,0,243,201,1,1660161872.787418,"192.168.1.56","66.22.218.76","10:5B:AD:B2:81:B3","D0:6E:DE:6E:F8:AC",7,50001,62377,0,0,0,0,0,0,0,0,0,0,0,0,0,4,0
100,3,"/home/pqv/data/test/real_discord7.pcapng",1660161890.275208,2184,298,"99.178.376.298","99.178.376.298",17,243,201,1,0,0,0,243,201,1,1660161872.787418,"192.168.1.56","66.22.218.76","10:5B:AD:B2:81:B3","D0:6E:DE:6E:F8:AC",7,50001,62377,0,0,0,0,0,0,0,0,0,0,0,0,0,4,0
100,3,"/home/pqv/data/test/real_discord7.pcapng",1660161890.285176,2185,298,"99.178.376.298","99.178.376.298",17,243,201,1,0,0,0,243,201,1,1660161872.787418,"192.168.1.56","66.22.218.76","10:5B:AD:B2:81:B3","D0:6E:DE:6E:F8:AC",7,50001,62377,0,0,0,0,0,0,0,0,0,0,0,0,0,4,0
100,3,"/home/pqv/data/test/real_discord7.pcapng",1660161890.305167,2186,298,"99.178.376.298","99.178.376.298",17,243,201,1,0,0,0,243,201,1,1660161872.787418,"192.168.1.56","66.22.218.76","10:5B:AD:B2:81:B3","D0:6E:DE:6E:F8:AC",7,50001,62377,0,0,0,0,0,0,0,0,0,0,0,0,0,4,0
100,3,"/home/pqv/data/test/real_discord7.pcapng",1660161890.324219,2187,298,"99.178.376.298","99.178.376.298",17,243,201,1,0,0,0,243,201,1,1660161872.787418,"192.168.1.56","66.22.218.76","10:5B:AD:B2:81:B3","D0:6E:DE:6E:F8:AC",7,50001,62377,0,0,0,0,0,0,0,0,0,0,0,0,0,4,0
100,3,"/home/pqv/data/test/real_discord7.pcapng",1660161890.344217,2189,298,"99.178.376.298","99.178.376.298",17,243,201,1,0,0,0,243,201,1,1660161872.787418,"192.168.1.56","66.22.218.76","10:5B:AD:B2:81:B3","D0:6E:DE:6E:F8:AC",7,50001,62377,0,0,0,0,0,0,0,0,0,0,0,0,0,4,0
100,3,"/home/pqv/data/test/real_discord7.pcapng",1660161890.363991,2190,298,"99.178.376.298","99.178.376.298",17,243,201,1,0,0,0,243,201,1,1660161872.787418,"192.168.1.56","66.22.218.76","10:5B:AD:B2:81:B3","D0:6E:DE:6E:F8:AC",7,50001,62377,0,0,0,0,0,0,0,0,0,0,0,0,0,4,0
100,3,"/home/pqv/data/test/real_discord7.pcapng",1660161890.383987,2191,298,"99.178.376.298","99.178.376.298",17,243,201,1,0,0,0,243,201,1,1660161872.787418,"192.168.1.56","66.22.218.76","10:5B:AD:B2:81:B3","D0:6E:DE:6E:F8:AC",7,50001,62377,0,0,0,0,0,0,0,0,0,0,0,0,0,4,0
100,3,"/home/pqv/data/test/real_discord7.pcapng",1660161890.404165,2192,298,"99.178.376.298","99.178.376.298",17,243,201,1,0,0,0,243,201,1,1660161872.787418,"192.168.1.56","66.22.218.76","10:5B:AD:B2:81:B3","D0:6E:DE:6E:F8:AC",7,50001,62377,0,0,0,0,0,0,0,0,0,0,0,0,0,4,0
100,3,"/home/pqv/data/test/real_discord7.pcapng",1660161890.422788,2193,298,"99.178.376.298","99.178.376.298",17,243,201,1,0,0,0,243,201,1,1660161872.787418,"192.168.1.56","66.22.218.76","10:5B:AD:B2:81:B3","D0:6E:DE:6E:F8:AC",7,50001,62377,0,0,0,0,0,0,0,0,0,0,0,0,0,4,0
100,3,"/home/pqv/data/test/real_discord7.pcapng",1660161890.452543,2194,298,"99.178.376.298","99.178.376.298",17,243,201,1,0,0,0,243,201,1,1660161872.787418,"192.168.1.56","66.22.218.76","10:5B:AD:B2:81:B3","D0:6E:DE:6E:F8:AC",7,50001,62377,0,0,0,0,0,0,0,0,0,0,0,0,0,4,0
100,3,"/home/pqv/data/test/real_discord7.pcapng",1660161890.466088,2195,298,"99.178.376.298","99.178.376.298",17,243,201,1,0,0,0,243,201,1,1660161872.787418,"192.168.1.56","66.22.218.76","10:5B:AD:B2:81:B3","D0:6E:DE:6E:F8:AC",7,50001,62377,0,0,0,0,0,0,0,0,0,0,0,0,0,4,0
100,3,"/home/pqv/data/test/real_discord7.pcapng",1660161890.482060,2196,298,"99.178.376.298","99.178.376.298",17,243,201,1,0,0,0,243,201,1,1660161872.787418,"192.168.1.56","66.22.218.76","10:5B:AD:B2:81:B3","D0:6E:DE:6E:F8:AC",7,50001,62377,0,0,0,0,0,0,0,0,0,0,0,0,0,4,0
100,3,"/home/pqv/data/test/real_discord7.pcapng",1660161890.503489,2197,298,"99.178.376.298","99.178.376.298",17,243,201,1,0,0,0,243,201,1,1660161872.787418,"192.168.1.56","66.22.218.76","10:5B:AD:B2:81:B3","D0:6E:DE:6E:F8:AC",7,50001,62377,0,0,0,0,0,0,0,0,0,0,0,0,0,4,0
100,3,"/home/pqv/data/test/real_discord7.pcapng",1660161890.521980,2198,298,"99.178.376.298","99.178.376.298",17,243,201,1,0,0,0,243,201,1,1660161872.787418,"192.168.1.56","66.22.218.76","10:5B:AD:B2:81:B3","D0:6E:DE:6E:F8:AC",7,50001,62377,0,0,0,0,0,0,0,0,0,0,0,0,0,4,0
100,3,"/home/pqv/data/test/real_discord7.pcapng",1660161890.541389,2199,298,"99.178.376.298","99.178.376.298",17,243,201,1,0,0,0,243,201,1,1660161872.787418,"192.168.1.56","66.22.218.76","10:5B:AD:B2:81:B3","D0:6E:DE:6E:F8:AC",7,50001,62377,0,0,0,0,0,0,0,0,0,0,0,0,0,4,0
100,3,"/home/pqv/data/test/real_discord7.pcapng",1660161890.570854,2200,298,"99.178.376.298","99.178.376.298",17,243,201,1,0,0,0,243,201,1,1660161872.787418,"192.168.1.56","66.22.218.76","10:5B:AD:B2:81:B3","D0:6E:DE:6E:F8:AC",7,50001,62377,0,0,0,0,0,0,0,0,0,0,0,0,0,4,0
100,3,"/home/pqv/data/test/real_discord7.pcapng",1660161890.580395,2201,298,"99.178.376.298","99.178.376.298",17,243,201,1,0,0,0,243,201,1,1660161872.787418,"192.168.1.56","66.22.218.76","10:5B:AD:B2:81:B3","D0:6E:DE:6E:F8:AC",7,50001,62377,0,0,0,0,0,0,0,0,0,0,0,0,0,4,0
100,3,"/home/pqv/data/test/real_discord7.pcapng",1660161890.609963,2202,298,"99.178.376.298","99.178.376.298",17,243,201,1,0,0,0,243,201,1,1660161872.787418,"192.168.1.56","66.22.218.76","10:5B:AD:B2:81:B3","D0:6E:DE:6E:F8:AC",7,50001,62377,0,0,0,0,0,0,0,0,0,0,0,0,0,4,0
100,3,"/home/pqv/data/test/real_discord7.pcapng",1660161890.619643,2203,298,"99.178.376.298","99.178.376.298",17,243,201,1,0,0,0,243,201,1,1660161872.787418,"192.168.1.56","66.22.218.76","10:5B:AD:B2:81:B3","D0:6E:DE:6E:F8:AC",7,50001,62377,0,0,0,0,0,0,0,0,0,0,0,0,0,4,0
100,3,"/home/pqv/data/test/real_discord7.pcapng",1660161890.649393,2204,298,"99.178.376.298","99.178.376.298",17,243,201,1,0,0,0,243,201,1,1660161872.787418,"192.168.1.56","66.22.218.76","10:5B:AD:B2:81:B3","D0:6E:DE:6E:F8:AC",7,50001,62377,0,0,0,0,0,0,0,0,0,0,0,0,0,4,0
100,3,"/home/pqv/data/test/real_discord7.pcapng",1660161890.658954,2205,298,"99.178.376.298","99.178.376.298",17,243,201,1,0,0,0,243,201,1,1660161872.787418,"192.168.1.56","66.22.218.76","10:5B:AD:B2:81:B3","D0:6E:DE:6E:F8:AC",7,50001,62377,0,0,0,0,0,0,0,0,0,0,0,0,0,4,0
100,3,"/home/pqv/data/test/real_discord7.pcapng",1660161890.688602,2206,298,"99.178.376.298","99.178.376.298",17,243,201,1,0,0,0,243,201,1,1660161872.787418,"192.168.1.56","66.22.218.76","10:5B:AD:B2:81:B3","D0:6E:DE:6E:F8:AC",7,50001,62377,0,0,0,0,0,0,0,0,0,0,0,0,0,4,0
100,3,"/home/pqv/data/test/real_discord7.pcapng",1660161890.698418,2207,298,"99.178.376.298","99.178.376.298",17,243,201,1,0,0,0,243,201,1,1660161872.787418,"192.168.1.56","66.22.218.76","10:5B:AD:B2:81:B3","D0:6E:DE:6E:F8:AC",7,50001,62377,0,0,0,0,0,0,0,0,0,0,0,0,0,4,0
100,3,"/home/pqv/data/test/real_discord7.pcapng",1660161890.728376,2208,298,"99.178.376.298","99.178.376.298",17,243,201,1,0,0,0,243,201,1,1660161872.787418,"192.168.1.56","66.22.218.76","10:5B:AD:B2:81:B3","D0:6E:DE:6E:F8:AC",7,50001,62377,0,0,0,0,0,0,0,0,0,0,0,0,0,4,0
100,3,"/home/pqv/data/test/real_discord7.pcapng",1660161890.748364,2209,298,"99.178.376.298","99.178.376.298",17,243,201,1,0,0,0,243,201,1,1660161872.787418,"192.168.1.56","66.22.218.76","10:5B:AD:B2:81:B3","D0:6E:DE:6E:F8:AC",7,50001,62377,0,0,0,0,0,0,0,0,0,0,0,0,0,4,0
100,3,"/home/pqv/data/test/real_discord7.pcapng",1660161890.767373,2210,298,"99.178.376.298","99.178.376.298",17,243,201,1,0,0,0,243,201,1,1660161872.787418,"192.168.1.56","66.22.218.76","10:5B:AD:B2:81:B3","D0:6E:DE:6E:F8:AC",7,50001,62377,0,0,0,0,0,0,0,0,0,0,0,0,0,4,0
100,3,"/home/pqv/data/test/real_discord7.pcapng",1660161890.787134,2211,298,"99.178.376.298","99.178.376.298",17,243,201,1,0,0,0,243,201,1,1660161872.787418,"192.168.1.56","66.22.218.76","10:5B:AD:B2:81:B3","D0:6E:DE:6E:F8:AC",7,50001,62377,0,0,0,0,0,0,0,0,0,0,0,0,0,4,0
100,3,"/home/pqv/data/test/real_discord7.pcapng",1660161890.811642,2212,298,"99.178.376.298","99.178.376.298",17,243,201,1,0,0,0,243,201,1,1660161872.787418,"192.168.1.56","66.22.218.76","10:5B:AD:B2:81:B3","D0:6E:DE:6E:F8:AC",7,50001,62377,0,0,0,0,0,0,0,0,0,0,0,0,0,4,0
100,3,"/home/pqv/data/test/real_discord7.pcapng",1660161890.826532,2213,298,"99.178.376.298","99.178.376.298",17,243,201,1,0,0,0,243,201,1,1660161872.787418,"192.168.1.56","66.22.218.76","10:5B:AD:B2:81:B3","D0:6E:DE:6E:F8:AC",7,50001,62377,0,0,0,0,0,0,0,0,0,0,0,0,0,4,0
100,3,"/home/pqv/data/test/real_discord7.pcapng",1660161890.846627,2214,298,"99.178.376.298","99.178.376.298",17,243,201,1,0,0,0,243,201,1,1660161872.787418,"192.168.1.56","66.22.218.76","10:5B:AD:B2:81:B3","D0:6E:DE:6E:F8:AC",7,50001,62377,0,0,0,0,0,0,0,0,0,0,0,0,0,4,0
100,3,"/home/pqv/data/test/real_discord7.pcapng",1660161890.866248,2215,298,"99.178.376.298","99.178.376.298",17,243,201,1,0,0,0,243,201,1,1660161872.787418,"192.168.1.56","66.22.218.76","10:5B:AD:B2:81:B3","D0:6E:DE:6E:F8:AC",7,50001,62377,0,0,0,0,0,0,0,0,0,0,0,0,0,4,0
100,3,"/home/pqv/data/test/real_discord7.pcapng",1660161890.885661,2216,298,"99.178.376.298","99.178.376.298",17,240,198,1,0,0,0,240,198,1,1660161872.787418,"192.168.1.56","66.22.218.76","10:5B:AD:B2:81:B3","D0:6E:DE:6E:F8:AC",7,50001,62377,0,0,0,0,0,0,0,0,0,0,0,0,0,4,0
100,3,"/home/pqv/data/test/real_discord7.pcapng",1660161890.894788,2217,298,"99.178.376.298","99.178.376.298",17,102,60,1,102,60,1,0,0,0,1660161872.787418,"192.168.1.56","66.22.218.76","10:5B:AD:B2:81:B3","D0:6E:DE:6E:F8:AC",7,50001,62377,0,0,0,0,0,0,0,0,0,0,0,0,0,4,0
100,3,"/home/pqv/data/test/real_discord7.pcapng",1660161890.905227,2218,298,"99.178.376.298","99.178.376.298",17,228,186,1,0,0,0,228,186,1,1660161872.787418,"192.168.1.56","66.22.218.76","10:5B:AD:B2:81:B3","D0:6E:DE:6E:F8:AC",7,50001,62377,0,0,0,0,0,0,0,0,0,0,0,0,0,4,0
100,3,"/home/pqv/data/test/real_discord7.pcapng",1660161890.915549,2219,298,"99.178.376.298","99.178.376.298",17,94,52,1,0,0,0,94,52,1,1660161872.787418,"192.168.1.56","66.22.218.76","10:5B:AD:B2:81:B3","D0:6E:DE:6E:F8:AC",7,50001,62377,0,0,0,0,0,0,0,0,0,0,0,0,0,4,0
100,3,"/home/pqv/data/test/real_discord7.pcapng",1660161890.925628,2220,298,"99.178.376.298","99.178.376.298",17,223,181,1,0,0,0,223,181,1,1660161872.787418,"192.168.1.56","66.22.218.76","10:5B:AD:B2:81:B3","D0:6E:DE:6E:F8:AC",7,50001,62377,0,0,0,0,0,0,0,0,0,0,0,0,0,4,0
100,3,"/home/pqv/data/test/real_discord7.pcapng",1660161890.945300,2223,298,"99.178.376.298","99.178.376.298",17,216,174,1,0,0,0,216,174,1,1660161872.787418,"192.168.1.56","66.22.218.76","10:5B:AD:B2:81:B3","D0:6E:DE:6E:F8:AC",7,50001,62377,0,0,0,0,0,0,0,0,0,0,0,0,0,4,0
100,3,"/home/pqv/data/test/real_discord7.pcapng",1660161890.964928,2224,298,"99.178.376.298","99.178.376.298",17,209,167,1,0,0,0,209,167,1,1660161872.787418,"192.168.1.56","66.22.218.76","10:5B:AD:B2:81:B3","D0:6E:DE:6E:F8:AC",7,50001,62377,0,0,0,0,0,0,0,0,0,0,0,0,0,4,0
100,3,"/home/pqv/data/test/real_discord7.pcapng",1660161890.984178,2225,298,"99.178.376.298","99.178.376.298",17,284,242,1,0,0,0,284,242,1,1660161872.787418,"192.168.1.56","66.22.218.76","10:5B:AD:B2:81:B3","D0:6E:DE:6E:F8:AC",7,50001,62377,0,0,0,0,0,0,0,0,0,0,0,0,0,4,0
100,3,"/home/pqv/data/test/real_discord7.pcapng",1660161890.992289,2226,298,"99.178.376.298","99.178.376.298",17,70,28,1,70,28,1,0,0,0,1660161872.787418,"192.168.1.56","66.22.218.76","10:5B:AD:B2:81:B3","D0:6E:DE:6E:F8:AC",7,50001,62377,0,0,0,0,0,0,0,0,0,0,0,0,0,4,0
100,3,"/home/pqv/data/test/real_discord7.pcapng",1660161891.003534,2227,298,"99.178.376.298","99.178.376.298",17,209,167,1,0,0,0,209,167,1,1660161872.787418,"192.168.1.56","66.22.218.76","10:5B:AD:B2:81:B3","D0:6E:DE:6E:F8:AC",7,50001,62377,0,0,0,0,0,0,0,0,0,0,0,0,0,4,0
100,3,"/home/pqv/data/test/real_discord7.pcapng",1660161891.025591,2228,298,"99.178.376.298","99.178.376.298",17,208,166,1,0,0,0,208,166,1,1660161872.787418,"192.168.1.56","66.22.218.76","10:5B:AD:B2:81:B3","D0:6E:DE:6E:F8:AC",7,50001,62377,0,0,0,0,0,0,0,0,0,0,0,0,0,4,0
100,3,"/home/pqv/data/test/real_discord7.pcapng",1660161891.044937,2229,298,"99.178.376.298","99.178.376.298",17,210,168,1,0,0,0,210,168,1,1660161872.787418,"192.168.1.56","66.22.218.76","10:5B:AD:B2:81:B3","D0:6E:DE:6E:F8:AC",7,50001,62377,0,0,0,0,0,0,0,0,0,0,0,0,0,4,0
100,3,"/home/pqv/data/test/real_discord7.pcapng",1660161891.065427,2230,298,"99.178.376.298","99.178.376.298",17,243,201,1,0,0,0,243,201,1,1660161872.787418,"192.168.1.56","66.22.218.76","10:5B:AD:B2:81:B3","D0:6E:DE:6E:F8:AC",7,50001,62377,0,0,0,0,0,0,0,0,0,0,0,0,0,4,0
100,3,"/home/pqv/data/test/real_discord7.pcapng",1660161891.085534,2231,298,"99.178.376.298","99.178.376.298",17,243,201,1,0,0,0,243,201,1,1660161872.787418,"192.168.1.56","66.22.218.76","10:5B:AD:B2:81:B3","D0:6E:DE:6E:F8:AC",7,50001,62377,0,0,0,0,0,0,0,0,0,0,0,0,0,4,0
100,3,"/home/pqv/data/test/real_discord7.pcapng",1660161891.105429,2232,298,"99.178.376.298","99.178.376.298",17,243,201,1,0,0,0,243,201,1,1660161872.787418,"192.168.1.56","66.22.218.76","10:5B:AD:B2:81:B3","D0:6E:DE:6E:F8:AC",7,50001,62377,0,0,0,0,0,0,0,0,0,0,0,0,0,4,0
100,3,"/home/pqv/data/test/real_discord7.pcapng",1660161891.131572,2233,298,"99.178.376.298","99.178.376.298",17,243,201,1,0,0,0,243,201,1,1660161872.787418,"192.168.1.56","66.22.218.76","10:5B:AD:B2:81:B3","D0:6E:DE:6E:F8:AC",7,50001,62377,0,0,0,0,0,0,0,0,0,0,0,0,0,4,0
100,3,"/home/pqv/data/test/real_discord7.pcapng",1660161891.151804,2234,298,"99.178.376.298","99.178.376.298",17,243,201,1,0,0,0,243,201,1,1660161872.787418,"192.168.1.56","66.22.218.76","10:5B:AD:B2:81:B3","D0:6E:DE:6E:F8:AC",7,50001,62377,0,0,0,0,0,0,0,0,0,0,0,0,0,4,0
100,3,"/home/pqv/data/test/real_discord7.pcapng",1660161891.171008,2235,298,"99.178.376.298","99.178.376.298",17,243,201,1,0,0,0,243,201,1,1660161872.787418,"192.168.1.56","66.22.218.76","10:5B:AD:B2:81:B3","D0:6E:DE:6E:F8:AC",7,50001,62377,0,0,0,0,0,0,0,0,0,0,0,0,0,4,0
100,3,"/home/pqv/data/test/real_discord7.pcapng",1660161891.181015,2236,298,"99.178.376.298","99.178.376.298",17,243,201,1,0,0,0,243,201,1,1660161872.787418,"192.168.1.56","66.22.218.76","10:5B:AD:B2:81:B3","D0:6E:DE:6E:F8:AC",7,50001,62377,0,0,0,0,0,0,0,0,0,0,0,0,0,4,0
100,3,"/home/pqv/data/test/real_discord7.pcapng",1660161891.200948,2237,298,"99.178.376.298","99.178.376.298",17,336,294,1,0,0,0,336,294,1,1660161872.787418,"192.168.1.56","66.22.218.76","10:5B:AD:B2:81:B3","D0:6E:DE:6E:F8:AC",7,50001,62377,0,0,0,0,0,0,0,0,0,0,0,0,0,4,0
100,3,"/home/pqv/data/test/real_discord7.pcapng",1660161891.220418,2238,298,"99.178.376.298","99.178.376.298",17,240,198,1,0,0,0,240,198,1,1660161872.787418,"192.168.1.56","66.22.218.76","10:5B:AD:B2:81:B3","D0:6E:DE:6E:F8:AC",7,50001,62377,0,0,0,0,0,0,0,0,0,0,0,0,0,4,0
100,3,"/home/pqv/data/test/real_discord7.pcapng",1660161891.251268,2239,298,"99.178.376.298","99.178.376.298",17,237,195,1,0,0,0,237,195,1,1660161872.787418,"192.168.1.56","66.22.218.76","10:5B:AD:B2:81:B3","D0:6E:DE:6E:F8:AC",7,50001,62377,0,0,0,0,0,0,0,0,0,0,0,0,0,4,0
100,3,"/home/pqv/data/test/real_discord7.pcapng",1660161891.260053,2240,298,"99.178.376.298","99.178.376.298",17,289,247,1,0,0,0,289,247,1,1660161872.787418,"192.168.1.56","66.22.218.76","10:5B:AD:B2:81:B3","D0:6E:DE:6E:F8:AC",7,50001,62377,0,0,0,0,0,0,0,0,0,0,0,0,0,4,0
100,3,"/home/pqv/data/test/real_discord7.pcapng",1660161891.289346,2241,298,"99.178.376.298","99.178.376.298",17,273,231,1,0,0,0,273,231,1,1660161872.787418,"192.168.1.56","66.22.218.76","10:5B:AD:B2:81:B3","D0:6E:DE:6E:F8:AC",7,50001,62377,0,0,0,0,0,0,0,0,0,0,0,0,0,4,0
100,3,"/home/pqv/data/test/real_discord7.pcapng",1660161891.309224,2242,298,"99.178.376.298","99.178.376.298",17,243,201,1,0,0,0,243,201,1,1660161872.787418,"192.168.1.56","66.22.218.76","10:5B:AD:B2:81:B3","D0:6E:DE:6E:F8:AC",7,50001,62377,0,0,0,0,0,0,0,0,0,0,0,0,0,4,0
100,3,"/home/pqv/data/test/real_discord7.pcapng",1660161891.330635,2243,298,"99.178.376.298","99.178.376.298",17,243,201,1,0,0,0,243,201,1,1660161872.787418,"192.168.1.56","66.22.218.76","10:5B:AD:B2:81:B3","D0:6E:DE:6E:F8:AC",7,50001,62377,0,0,0,0,0,0,0,0,0,0,0,0,0,4,0
100,3,"/home/pqv/data/test/real_discord7.pcapng",1660161891.348397,2244,298,"99.178.376.298","99.178.376.298",17,243,201,1,0,0,0,243,201,1,1660161872.787418,"192.168.1.56","66.22.218.76","10:5B:AD:B2:81:B3","D0:6E:DE:6E:F8:AC",7,50001,62377,0,0,0,0,0,0,0,0,0,0,0,0,0,4,0
100,3,"/home/pqv/data/test/real_discord7.pcapng",1660161891.368397,2245,298,"99.178.376.298","99.178.376.298",17,243,201,1,0,0,0,243,201,1,1660161872.787418,"192.168.1.56","66.22.218.76","10:5B:AD:B2:81:B3","D0:6E:DE:6E:F8:AC",7,50001,62377,0,0,0,0,0,0,0,0,0,0,0,0,0,4,0
100,3,"/home/pqv/data/test/real_discord7.pcapng",1660161891.387587,2246,298,"99.178.376.298","99.178.376.298",17,243,201,1,0,0,0,243,201,1,1660161872.787418,"192.168.1.56","66.22.218.76","10:5B:AD:B2:81:B3","D0:6E:DE:6E:F8:AC",7,50001,62377,0,0,0,0,0,0,0,0,0,0,0,0,0,4,0
100,3,"/home/pqv/data/test/real_discord7.pcapng",1660161891.407438,2247,298,"99.178.376.298","99.178.376.298",17,243,201,1,0,0,0,243,201,1,1660161872.787418,"192.168.1.56","66.22.218.76","10:5B:AD:B2:81:B3","D0:6E:DE:6E:F8:AC",7,50001,62377,0,0,0,0,0,0,0,0,0,0,0,0,0,4,0
100,3,"/home/pqv/data/test/real_discord7.pcapng",1660161891.427190,2248,298,"99.178.376.298","99.178.376.298",17,243,201,1,0,0,0,243,201,1,1660161872.787418,"192.168.1.56","66.22.218.76","10:5B:AD:B2:81:B3","D0:6E:DE:6E:F8:AC",7,50001,62377,0,0,0,0,0,0,0,0,0,0,0,0,0,4,0
100,3,"/home/pqv/data/test/real_discord7.pcapng",1660161891.446876,2249,298,"99.178.376.298","99.178.376.298",17,243,201,1,0,0,0,243,201,1,1660161872.787418,"192.168.1.56","66.22.218.76","10:5B:AD:B2:81:B3","D0:6E:DE:6E:F8:AC",7,50001,62377,0,0,0,0,0,0,0,0,0,0,0,0,0,4,0
100,3,"/home/pqv/data/test/real_discord7.pcapng",1660161891.466470,2250,298,"99.178.376.298","99.178.376.298",17,243,201,1,0,0,0,243,201,1,1660161872.787418,"192.168.1.56","66.22.218.76","10:5B:AD:B2:81:B3","D0:6E:DE:6E:F8:AC",7,50001,62377,0,0,0,0,0,0,0,0,0,0,0,0,0,4,0
100,3,"/home/pqv/data/test/real_discord7.pcapng",1660161891.486712,2251,298,"99.178.376.298","99.178.376.298",17,243,201,1,0,0,0,243,201,1,1660161872.787418,"192.168.1.56","66.22.218.76","10:5B:AD:B2:81:B3","D0:6E:DE:6E:F8:AC",7,50001,62377,0,0,0,0,0,0,0,0,0,0,0,0,0,4,0
100,3,"/home/pqv/data/test/real_discord7.pcapng",1660161891.506495,2252,298,"99.178.376.298","99.178.376.298",17,243,201,1,0,0,0,243,201,1,1660161872.787418,"192.168.1.56","66.22.218.76","10:5B:AD:B2:81:B3","D0:6E:DE:6E:F8:AC",7,50001,62377,0,0,0,0,0,0,0,0,0,0,0,0,0,4,0
100,3,"/home/pqv/data/test/real_discord7.pcapng",1660161891.525934,2253,298,"99.178.376.298","99.178.376.298",17,243,201,1,0,0,0,243,201,1,1660161872.787418,"192.168.1.56","66.22.218.76","10:5B:AD:B2:81:B3","D0:6E:DE:6E:F8:AC",7,50001,62377,0,0,0,0,0,0,0,0,0,0,0,0,0,4,0
100,3,"/home/pqv/data/test/real_discord7.pcapng",1660161891.545800,2254,298,"99.178.376.298","99.178.376.298",17,243,201,1,0,0,0,243,201,1,1660161872.787418,"192.168.1.56","66.22.218.76","10:5B:AD:B2:81:B3","D0:6E:DE:6E:F8:AC",7,50001,62377,0,0,0,0,0,0,0,0,0,0,0,0,0,4,0
100,3,"/home/pqv/data/test/real_discord7.pcapng",1660161891.558103,2255,218,"99.182.376.218","",18,95,33,1,95,33,1,0,0,0,1660161891.558103,"fe80::c43:8782:e85c:b881","ff02::fb","2E:A6:F9:DD:C6:4C","33:33:00:00:00:FB",18,5353,5353,0,0,0,0,0,0,0,0,0,0,0,0,0,10,0
100,3,"/home/pqv/data/test/real_discord7.pcapng",1660161891.565315,2256,298,"99.178.376.298","99.178.376.298",18,243,201,1,0,0,0,243,201,1,1660161872.787418,"192.168.1.56","66.22.218.76","10:5B:AD:B2:81:B3","D0:6E:DE:6E:F8:AC",7,50001,62377,0,0,0,0,0,0,0,0,0,0,0,0,0,4,0
100,3,"/home/pqv/data/test/real_discord7.pcapng",1660161891.585066,2257,298,"99.178.376.298","99.178.376.298",18,243,201,1,0,0,0,243,201,1,1660161872.787418,"192.168.1.56","66.22.218.76","10:5B:AD:B2:81:B3","D0:6E:DE:6E:F8:AC",7,50001,62377,0,0,0,0,0,0,0,0,0,0,0,0,0,4,0
100,3,"/home/pqv/data/test/real_discord7.pcapng",1660161891.604447,2258,298,"99.178.376.298","99.178.376.298",18,243,201,1,0,0,0,243,201,1,1660161872.787418,"192.168.1.56","66.22.218.76","10:5B:AD:B2:81:B3","D0:6E:DE:6E:F8:AC",7,50001,62377,0,0,0,0,0,0,0,0,0,0,0,0,0,4,0
100,3,"/home/pqv/data/test/real_discord7.pcapng",1660161891.624292,2259,298,"99.178.376.298","99.178.376.298",18,243,201,1,0,0,0,243,201,1,1660161872.787418,"192.168.1.56","66.22.218.76","10:5B:AD:B2:81:B3","D0:6E:DE:6E:F8:AC",7,50001,62377,0,0,0,0,0,0,0,0,0,0,0,0,0,4,0
100,3,"/home/pqv/data/test/real_discord7.pcapng",1660161891.644221,2260,298,"99.178.376.298","99.178.376.298",18,243,201,1,0,0,0,243,201,1,1660161872.787418,"192.168.1.56","66.22.218.76","10:5B:AD:B2:81:B3","D0:6E:DE:6E:F8:AC",7,50001,62377,0,0,0,0,0,0,0,0,0,0,0,0,0,4,0
100,3,"/home/pqv/data/test/real_discord7.pcapng",1660161891.673370,2261,298,"99.178.376.298","99.178.376.298",18,243,201,1,0,0,0,243,201,1,1660161872.787418,"192.168.1.56","66.22.218.76","10:5B:AD:B2:81:B3","D0:6E:DE:6E:F8:AC",7,50001,62377,0,0,0,0,0,0,0,0,0,0,0,0,0,4,0
100,3,"/home/pqv/data/test/real_discord7.pcapng",1660161891.684946,2262,298,"99.178.376.298","99.178.376.298",18,243,201,1,0,0,0,243,201,1,1660161872.787418,"192.168.1.56","66.22.218.76","10:5B:AD:B2:81:B3","D0:6E:DE:6E:F8:AC",7,50001,62377,0,0,0,0,0,0,0,0,0,0,0,0,0,4,0
100,3,"/home/pqv/data/test/real_discord7.pcapng",1660161891.704776,2263,298,"99.178.376.298","99.178.376.298",18,243,201,1,0,0,0,243,201,1,1660161872.787418,"192.168.1.56","66.22.218.76","10:5B:AD:B2:81:B3","D0:6E:DE:6E:F8:AC",7,50001,62377,0,0,0,0,0,0,0,0,0,0,0,0,0,4,0
100,3,"/home/pqv/data/test/real_discord7.pcapng",1660161891.725004,2264,298,"99.178.376.298","99.178.376.298",18,243,201,1,0,0,0,243,201,1,1660161872.787418,"192.168.1.56","66.22.218.76","10:5B:AD:B2:81:B3","D0:6E:DE:6E:F8:AC",7,50001,62377,0,0,0,0,0,0,0,0,0,0,0,0,0,4,0
100,3,"/home/pqv/data/test/real_discord7.pcapng",1660161891.744924,2265,298,"99.178.376.298","99.178.376.298",18,243,201,1,0,0,0,243,201,1,1660161872.787418,"192.168.1.56","66.22.218.76","10:5B:AD:B2:81:B3","D0:6E:DE:6E:F8:AC",7,50001,62377,0,0,0,0,0,0,0,0,0,0,0,0,0,4,0
100,3,"/home/pqv/data/test/real_discord7.pcapng",1660161891.772117,2266,298,"99.178.376.298","99.178.376.298",18,243,201,1,0,0,0,243,201,1,1660161872.787418,"192.168.1.56","66.22.218.76","10:5B:AD:B2:81:B3","D0:6E:DE:6E:F8:AC",7,50001,62377,0,0,0,0,0,0,0,0,0,0,0,0,0,4,0
100,3,"/home/pqv/data/test/real_discord7.pcapng",1660161891.791376,2267,298,"99.178.376.298","99.178.376.298",18,243,201,1,0,0,0,243,201,1,1660161872.787418,"192.168.1.56","66.22.218.76","10:5B:AD:B2:81:B3","D0:6E:DE:6E:F8:AC",7,50001,62377,0,0,0,0,0,0,0,0,0,0,0,0,0,4,0
100,3,"/home/pqv/data/test/real_discord7.pcapng",1660161891.801207,2268,298,"99.178.376.298","99.178.376.298",18,243,201,1,0,0,0,243,201,1,1660161872.787418,"192.168.1.56","66.22.218.76","10:5B:AD:B2:81:B3","D0:6E:DE:6E:F8:AC",7,50001,62377,0,0,0,0,0,0,0,0,0,0,0,0,0,4,0
100,3,"/home/pqv/data/test/real_discord7.pcapng",1660161891.820982,2269,298,"99.178.376.298","99.178.376.298",18,243,201,1,0,0,0,243,201,1,1660161872.787418,"192.168.1.56","66.22.218.76","10:5B:AD:B2:81:B3","D0:6E:DE:6E:F8:AC",7,50001,62377,0,0,0,0,0,0,0,0,0,0,0,0,0,4,0
100,3,"/home/pqv/data/test/real_discord7.pcapng",1660161891.840585,2270,298,"99.178.376.298","99.178.376.298",18,243,201,1,0,0,0,243,201,1,1660161872.787418,"192.168.1.56","66.22.218.76","10:5B:AD:B2:81:B3","D0:6E:DE:6E:F8:AC",7,50001,62377,0,0,0,0,0,0,0,0,0,0,0,0,0,4,0
100,3,"/home/pqv/data/test/real_discord7.pcapng",1660161891.870345,2271,298,"99.178.376.298","99.178.376.298",18,243,201,1,0,0,0,243,201,1,1660161872.787418,"192.168.1.56","66.22.218.76","10:5B:AD:B2:81:B3","D0:6E:DE:6E:F8:AC",7,50001,62377,0,0,0,0,0,0,0,0,0,0,0,0,0,4,0
100,3,"/home/pqv/data/test/real_discord7.pcapng",1660161891.890218,2272,298,"99.178.376.298","99.178.376.298",18,243,201,1,0,0,0,243,201,1,1660161872.787418,"192.168.1.56","66.22.218.76","10:5B:AD:B2:81:B3","D0:6E:DE:6E:F8:AC",7,50001,62377,0,0,0,0,0,0,0,0,0,0,0,0,0,4,0
100,3,"/home/pqv/data/test/real_discord7.pcapng",1660161891.909512,2273,298,"99.178.376.298","99.178.376.298",18,243,201,1,0,0,0,243,201,1,1660161872.787418,"192.168.1.56","66.22.218.76","10:5B:AD:B2:81:B3","D0:6E:DE:6E:F8:AC",7,50001,62377,0,0,0,0,0,0,0,0,0,0,0,0,0,4,0
100,3,"/home/pqv/data/test/real_discord7.pcapng",1660161891.915415,2274,298,"99.178.376.298","99.178.376.298",18,94,52,1,0,0,0,94,52,1,1660161872.787418,"192.168.1.56","66.22.218.76","10:5B:AD:B2:81:B3","D0:6E:DE:6E:F8:AC",7,50001,62377,0,0,0,0,0,0,0,0,0,0,0,0,0,4,0
100,3,"/home/pqv/data/test/real_discord7.pcapng",1660161891.919262,2275,298,"99.178.376.298","99.178.376.298",18,243,201,1,0,0,0,243,201,1,1660161872.787418,"192.168.1.56","66.22.218.76","10:5B:AD:B2:81:B3","D0:6E:DE:6E:F8:AC",7,50001,62377,0,0,0,0,0,0,0,0,0,0,0,0,0,4,0
100,3,"/home/pqv/data/test/real_discord7.pcapng",1660161891.949770,2276,298,"99.178.376.298","99.178.376.298",18,243,201,1,0,0,0,243,201,1,1660161872.787418,"192.168.1.56","66.22.218.76","10:5B:AD:B2:81:B3","D0:6E:DE:6E:F8:AC",7,50001,62377,0,0,0,0,0,0,0,0,0,0,0,0,0,4,0
100,3,"/home/pqv/data/test/real_discord7.pcapng",1660161891.958809,2277,298,"99.178.376.298","99.178.376.298",18,243,201,1,0,0,0,243,201,1,1660161872.787418,"192.168.1.56","66.22.218.76","10:5B:AD:B2:81:B3","D0:6E:DE:6E:F8:AC",7,50001,62377,0,0,0,0,0,0,0,0,0,0,0,0,0,4,0
100,3,"/home/pqv/data/test/real_discord7.pcapng",1660161891.988514,2280,298,"99.178.376.298","99.178.376.298",18,243,201,1,0,0,0,243,201,1,1660161872.787418,"192.168.1.56","66.22.218.76","10:5B:AD:B2:81:B3","D0:6E:DE:6E:F8:AC",7,50001,62377,0,0,0,0,0,0,0,0,0,0,0,0,0,4,0
100,3,"/home/pqv/data/test/real_discord7.pcapng",1660161892.008051,2281,298,"99.178.376.298","99.178.376.298",18,243,201,1,0,0,0,243,201,1,1660161872.787418,"192.168.1.56","66.22.218.76","10:5B:AD:B2:81:B3","D0:6E:DE:6E:F8:AC",7,50001,62377,0,0,0,0,0,0,0,0,0,0,0,0,0,4,0
100,3,"/home/pqv/data/test/real_discord7.pcapng",1660161892.028193,2282,298,"99.178.376.298","99.178.376.298",18,243,201,1,0,0,0,243,201,1,1660161872.787418,"192.168.1.56","66.22.218.76","10:5B:AD:B2:81:B3","D0:6E:DE:6E:F8:AC",7,50001,62377,0,0,0,0,0,0,0,0,0,0,0,0,0,4,0
100,3,"/home/pqv/data/test/real_discord7.pcapng",1660161892.047285,2283,298,"99.178.376.298","99.178.376.298",18,243,201,1,0,0,0,243,201,1,1660161872.787418,"192.168.1.56","66.22.218.76","10:5B:AD:B2:81:B3","D0:6E:DE:6E:F8:AC",7,50001,62377,0,0,0,0,0,0,0,0,0,0,0,0,0,4,0
100,3,"/home/pqv/data/test/real_discord7.pcapng",1660161892.067353,2284,298,"99.178.376.298","99.178.376.298",18,243,201,1,0,0,0,243,201,1,1660161872.787418,"192.168.1.56","66.22.218.76","10:5B:AD:B2:81:B3","D0:6E:DE:6E:F8:AC",7,50001,62377,0,0,0,0,0,0,0,0,0,0,0,0,0,4,0
100,3,"/home/pqv/data/test/real_discord7.pcapng",1660161892.086897,2285,298,"99.178.376.298","99.178.376.298",18,243,201,1,0,0,0,243,201,1,1660161872.787418,"192.168.1.56","66.22.218.76","10:5B:AD:B2:81:B3","D0:6E:DE:6E:F8:AC",7,50001,62377,0,0,0,0,0,0,0,0,0,0,0,0,0,4,0
100,3,"/home/pqv/data/test/real_discord7.pcapng",1660161892.106922,2286,298,"99.178.376.298","99.178.376.298",18,231,189,1,0,0,0,231,189,1,1660161872.787418,"192.168.1.56","66.22.218.76","10:5B:AD:B2:81:B3","D0:6E:DE:6E:F8:AC",7,50001,62377,0,0,0,0,0,0,0,0,0,0,0,0,0,4,0
100,3,"/home/pqv/data/test/real_discord7.pcapng",1660161892.126425,2287,298,"99.178.376.298","99.178.376.298",18,253,211,1,0,0,0,253,211,1,1660161872.787418,"192.168.1.56","66.22.218.76","10:5B:AD:B2:81:B3","D0:6E:DE:6E:F8:AC",7,50001,62377,0,0,0,0,0,0,0,0,0,0,0,0,0,4,0
100,3,"/home/pqv/data/test/real_discord7.pcapng",1660161892.146106,2288,298,"99.178.376.298","99.178.376.298",18,245,203,1,0,0,0,245,203,1,1660161872.787418,"192.168.1.56","66.22.218.76","10:5B:AD:B2:81:B3","D0:6E:DE:6E:F8:AC",7,50001,62377,0,0,0,0,0,0,0,0,0,0,0,0,0,4,0
100,3,"/home/pqv/data/test/real_discord7.pcapng",1660161892.165482,2289,298,"99.178.376.298","99.178.376.298",18,231,189,1,0,0,0,231,189,1,1660161872.787418,"192.168.1.56","66.22.218.76","10:5B:AD:B2:81:B3","D0:6E:DE:6E:F8:AC",7,50001,62377,0,0,0,0,0,0,0,0,0,0,0,0,0,4,0
100,3,"/home/pqv/data/test/real_discord7.pcapng",1660161892.185611,2290,298,"99.178.376.298","99.178.376.298",18,235,193,1,0,0,0,235,193,1,1660161872.787418,"192.168.1.56","66.22.218.76","10:5B:AD:B2:81:B3","D0:6E:DE:6E:F8:AC",7,50001,62377,0,0,0,0,0,0,0,0,0,0,0,0,0,4,0
100,3,"/home/pqv/data/test/real_discord7.pcapng",1660161892.205255,2291,298,"99.178.376.298","99.178.376.298",18,232,190,1,0,0,0,232,190,1,1660161872.787418,"192.168.1.56","66.22.218.76","10:5B:AD:B2:81:B3","D0:6E:DE:6E:F8:AC",7,50001,62377,0,0,0,0,0,0,0,0,0,0,0,0,0,4,0
100,3,"/home/pqv/data/test/real_discord7.pcapng",1660161892.224882,2292,298,"99.178.376.298","99.178.376.298",18,274,232,1,0,0,0,274,232,1,1660161872.787418,"192.168.1.56","66.22.218.76","10:5B:AD:B2:81:B3","D0:6E:DE:6E:F8:AC",7,50001,62377,0,0,0,0,0,0,0,0,0,0,0,0,0,4,0
100,3,"/home/pqv/data/test/real_discord7.pcapng",1660161892.244849,2293,298,"99.178.376.298","99.178.376.298",18,243,201,1,0,0,0,243,201,1,1660161872.787418,"192.168.1.56","66.22.218.76","10:5B:AD:B2:81:B3","D0:6E:DE:6E:F8:AC",7,50001,62377,0,0,0,0,0,0,0,0,0,0,0,0,0,4,0
100,3,"/home/pqv/data/test/real_discord7.pcapng",1660161892.264196,2294,298,"99.178.376.298","99.178.376.298",18,243,201,1,0,0,0,243,201,1,1660161872.787418,"192.168.1.56","66.22.218.76","10:5B:AD:B2:81:B3","D0:6E:DE:6E:F8:AC",7,50001,62377,0,0,0,0,0,0,0,0,0,0,0,0,0,4,0
100,3,"/home/pqv/data/test/real_discord7.pcapng",1660161892.283693,2295,298,"99.178.376.298","99.178.376.298",18,243,201,1,0,0,0,243,201,1,1660161872.787418,"192.168.1.56","66.22.218.76","10:5B:AD:B2:81:B3","D0:6E:DE:6E:F8:AC",7,50001,62377,0,0,0,0,0,0,0,0,0,0,0,0,0,4,0
100,3,"/home/pqv/data/test/real_discord7.pcapng",1660161892.313262,2296,298,"99.178.376.298","99.178.376.298",18,243,201,1,0,0,0,243,201,1,1660161872.787418,"192.168.1.56","66.22.218.76","10:5B:AD:B2:81:B3","D0:6E:DE:6E:F8:AC",7,50001,62377,0,0,0,0,0,0,0,0,0,0,0,0,0,4,0
100,3,"/home/pqv/data/test/real_discord7.pcapng",1660161892.324893,2297,298,"99.178.376.298","99.178.376.298",18,208,166,1,0,0,0,208,166,1,1660161872.787418,"192.168.1.56","66.22.218.76","10:5B:AD:B2:81:B3","D0:6E:DE:6E:F8:AC",7,50001,62377,0,0,0,0,0,0,0,0,0,0,0,0,0,4,0
100,3,"/home/pqv/data/test/real_discord7.pcapng",1660161892.344802,2298,298,"99.178.376.298","99.178.376.298",18,278,236,1,0,0,0,278,236,1,1660161872.787418,"192.168.1.56","66.22.218.76","10:5B:AD:B2:81:B3","D0:6E:DE:6E:F8:AC",7,50001,62377,0,0,0,0,0,0,0,0,0,0,0,0,0,4,0
100,3,"/home/pqv/data/test/real_discord7.pcapng",1660161892.364863,2299,298,"99.178.376.298","99.178.376.298",18,243,201,1,0,0,0,243,201,1,1660161872.787418,"192.168.1.56","66.22.218.76","10:5B:AD:B2:81:B3","D0:6E:DE:6E:F8:AC",7,50001,62377,0,0,0,0,0,0,0,0,0,0,0,0,0,4,0
100,3,"/home/pqv/data/test/real_discord7.pcapng",1660161892.392313,2300,298,"99.178.376.298","99.178.376.298",18,243,201,1,0,0,0,243,201,1,1660161872.787418,"192.168.1.56","66.22.218.76","10:5B:AD:B2:81:B3","D0:6E:DE:6E:F8:AC",7,50001,62377,0,0,0,0,0,0,0,0,0,0,0,0,0,4,0
100,3,"/home/pqv/data/test/real_discord7.pcapng",1660161892.404611,2301,298,"99.178.376.298","99.178.376.298",18,208,166,1,0,0,0,208,166,1,1660161872.787418,"192.168.1.56","66.22.218.76","10:5B:AD:B2:81:B3","D0:6E:DE:6E:F8:AC",7,50001,62377,0,0,0,0,0,0,0,0,0,0,0,0,0,4,0
100,3,"/home/pqv/data/test/real_discord7.pcapng",1660161892.432196,2302,298,"99.178.376.298","99.178.376.298",18,209,167,1,0,0,0,209,167,1,1660161872.787418,"192.168.1.56","66.22.218.76","10:5B:AD:B2:81:B3","D0:6E:DE:6E:F8:AC",7,50001,62377,0,0,0,0,0,0,0,0,0,0,0,0,0,4,0
100,3,"/home/pqv/data/test/real_discord7.pcapng",1660161892.453317,2303,298,"99.178.376.298","99.178.376.298",18,207,165,1,0,0,0,207,165,1,1660161872.787418,"192.168.1.56","66.22.218.76","10:5B:AD:B2:81:B3","D0:6E:DE:6E:F8:AC",7,50001,62377,0,0,0,0,0,0,0,0,0,0,0,0,0,4,0
100,3,"/home/pqv/data/test/real_discord7.pcapng",1660161892.470707,2304,298,"99.178.376.298","99.178.376.298",18,208,166,1,0,0,0,208,166,1,1660161872.787418,"192.168.1.56","66.22.218.76","10:5B:AD:B2:81:B3","D0:6E:DE:6E:F8:AC",7,50001,62377,0,0,0,0,0,0,0,0,0,0,0,0,0,4,0
100,3,"/home/pqv/data/test/real_discord7.pcapng",1660161892.491067,2305,298,"99.178.376.298","99.178.376.298",18,223,181,1,0,0,0,223,181,1,1660161872.787418,"192.168.1.56","66.22.218.76","10:5B:AD:B2:81:B3","D0:6E:DE:6E:F8:AC",7,50001,62377,0,0,0,0,0,0,0,0,0,0,0,0,0,4,0
100,3,"/home/pqv/data/test/real_discord7.pcapng",1660161892.510211,2306,298,"99.178.376.298","99.178.376.298",18,243,201,1,0,0,0,243,201,1,1660161872.787418,"192.168.1.56","66.22.218.76","10:5B:AD:B2:81:B3","D0:6E:DE:6E:F8:AC",7,50001,62377,0,0,0,0,0,0,0,0,0,0,0,0,0,4,0
100,3,"/home/pqv/data/test/real_discord7.pcapng",1660161892.520491,2307,298,"99.178.376.298","99.178.376.298",18,243,201,1,0,0,0,243,201,1,1660161872.787418,"192.168.1.56","66.22.218.76","10:5B:AD:B2:81:B3","D0:6E:DE:6E:F8:AC",7,50001,62377,0,0,0,0,0,0,0,0,0,0,0,0,0,4,0
100,3,"/home/pqv/data/test/real_discord7.pcapng",1660161892.549520,2308,298,"99.178.376.298","99.178.376.298",18,243,201,1,0,0,0,243,201,1,1660161872.787418,"192.168.1.56","66.22.218.76","10:5B:AD:B2:81:B3","D0:6E:DE:6E:F8:AC",7,50001,62377,0,0,0,0,0,0,0,0,0,0,0,0,0,4,0
100,3,"/home/pqv/data/test/real_discord7.pcapng",1660161892.569456,2309,298,"99.178.376.298","99.178.376.298",18,243,201,1,0,0,0,243,201,1,1660161872.787418,"192.168.1.56","66.22.218.76","10:5B:AD:B2:81:B3","D0:6E:DE:6E:F8:AC",7,50001,62377,0,0,0,0,0,0,0,0,0,0,0,0,0,4,0
100,3,"/home/pqv/data/test/real_discord7.pcapng",1660161892.582122,2310,218,"99.178.376.218","",19,75,33,1,75,33,1,0,0,0,1660161892.582122,"192.168.1.45","224.0.0.251","2E:A6:F9:DD:C6:4C","01:00:5E:00:00:FB",19,5353,5353,0,0,0,0,0,0,0,0,0,0,0,0,0,10,0
100,3,"/home/pqv/data/test/real_discord7.pcapng",1660161892.582278,2311,218,"99.182.376.218","",19,95,33,1,95,33,1,0,0,0,1660161891.558103,"fe80::c43:8782:e85c:b881","ff02::fb","2E:A6:F9:DD:C6:4C","33:33:00:00:00:FB",18,5353,5353,0,0,0,0,0,0,0,0,0,0,0,0,0,10,0
100,3,"/home/pqv/data/test/real_discord7.pcapng",1660161892.589288,2312,298,"99.178.376.298","99.178.376.298",19,85,43,1,0,0,0,85,43,1,1660161872.787418,"192.168.1.56","66.22.218.76","10:5B:AD:B2:81:B3","D0:6E:DE:6E:F8:AC",7,50001,62377,0,0,0,0,0,0,0,0,0,0,0,0,0,4,0
100,3,"/home/pqv/data/test/real_discord7.pcapng",1660161892.598931,2313,298,"99.178.376.298","99.178.376.298",19,85,43,1,0,0,0,85,43,1,1660161872.787418,"192.168.1.56","66.22.218.76","10:5B:AD:B2:81:B3","D0:6E:DE:6E:F8:AC",7,50001,62377,0,0,0,0,0,0,0,0,0,0,0,0,0,4,0
100,3,"/home/pqv/data/test/real_discord7.pcapng",1660161892.628332,2314,298,"99.178.376.298","99.178.376.298",19,85,43,1,0,0,0,85,43,1,1660161872.787418,"192.168.1.56","66.22.218.76","10:5B:AD:B2:81:B3","D0:6E:DE:6E:F8:AC",7,50001,62377,0,0,0,0,0,0,0,0,0,0,0,0,0,4,0
100,3,"/home/pqv/data/test/real_discord7.pcapng",1660161892.638458,2315,298,"99.178.376.298","99.178.376.298",19,85,43,1,0,0,0,85,43,1,1660161872.787418,"192.168.1.56","66.22.218.76","10:5B:AD:B2:81:B3","D0:6E:DE:6E:F8:AC",7,50001,62377,0,0,0,0,0,0,0,0,0,0,0,0,0,4,0
100,3,"/home/pqv/data/test/real_discord7.pcapng",1660161892.667455,2316,298,"99.178.376.298","99.178.376.298",19,85,43,1,0,0,0,85,43,1,1660161872.787418,"192.168.1.56","66.22.218.76","10:5B:AD:B2:81:B3","D0:6E:DE:6E:F8:AC",7,50001,62377,0,0,0,0,0,0,0,0,0,0,0,0,0,4,0
100,3,"/home/pqv/data/test/real_discord7.pcapng",1660161892.688038,2317,298,"99.178.376.298","99.178.376.298",19,85,43,1,0,0,0,85,43,1,1660161872.787418,"192.168.1.56","66.22.218.76","10:5B:AD:B2:81:B3","D0:6E:DE:6E:F8:AC",7,50001,62377,0,0,0,0,0,0,0,0,0,0,0,0,0,4,0
100,3,"/home/pqv/data/test/real_discord7.pcapng",1660161892.707172,2318,298,"99.178.376.298","99.178.376.298",19,85,43,1,0,0,0,85,43,1,1660161872.787418,"192.168.1.56","66.22.218.76","10:5B:AD:B2:81:B3","D0:6E:DE:6E:F8:AC",7,50001,62377,0,0,0,0,0,0,0,0,0,0,0,0,0,4,0
100,3,"/home/pqv/data/test/real_discord7.pcapng",1660161892.726702,2319,298,"99.178.376.298","99.178.376.298",19,85,43,1,0,0,0,85,43,1,1660161872.787418,"192.168.1.56","66.22.218.76","10:5B:AD:B2:81:B3","D0:6E:DE:6E:F8:AC",7,50001,62377,0,0,0,0,0,0,0,0,0,0,0,0,0,4,0
100,3,"/home/pqv/data/test/real_discord7.pcapng",1660161892.746944,2320,298,"99.178.376.298","99.178.376.298",19,85,43,1,0,0,0,85,43,1,1660161872.787418,"192.168.1.56","66.22.218.76","10:5B:AD:B2:81:B3","D0:6E:DE:6E:F8:AC",7,50001,62377,0,0,0,0,0,0,0,0,0,0,0,0,0,4,0
100,3,"/home/pqv/data/test/real_discord7.pcapng",1660161892.766819,2321,298,"99.178.376.298","99.178.376.298",19,85,43,1,0,0,0,85,43,1,1660161872.787418,"192.168.1.56","66.22.218.76","10:5B:AD:B2:81:B3","D0:6E:DE:6E:F8:AC",7,50001,62377,0,0,0,0,0,0,0,0,0,0,0,0,0,4,0
100,3,"/home/pqv/data/test/real_discord7.pcapng",1660161892.915975,2322,298,"99.178.376.298","99.178.376.298",19,94,52,1,0,0,0,94,52,1,1660161872.787418,"192.168.1.56","66.22.218.76","10:5B:AD:B2:81:B3","D0:6E:DE:6E:F8:AC",7,50001,62377,0,0,0,0,0,0,0,0,0,0,0,0,0,4,0
100,3,"/home/pqv/data/test/real_discord7.pcapng",1660161892.934584,2323,298,"99.178.376.298","99.178.376.298",19,70,28,1,70,28,1,0,0,0,1660161872.787418,"192.168.1.56","66.22.218.76","10:5B:AD:B2:81:B3","D0:6E:DE:6E:F8:AC",7,50001,62377,0,0,0,0,0,0,0,0,0,0,0,0,0,4,0
100,3,"/home/pqv/data/test/real_discord7.pcapng",1660161892.934665,2324,298,"99.178.376.298","99.178.376.298",19,94,52,1,94,52,1,0,0,0,1660161872.787418,"192.168.1.56","66.22.218.76","10:5B:AD:B2:81:B3","D0:6E:DE:6E:F8:AC",7,50001,62377,0,0,0,0,0,0,0,0,0,0,0,0,0,4,0
100,3,"/home/pqv/data/test/real_discord7.pcapng",1660161893.193445,2326,0,"99.178.354.0","99.178.354.0",19,115,61,1,115,61,1,0,0,0,1660161863.762881,"192.168.1.56","162.159.128.235","10:5B:AD:B2:81:B3","D0:6E:DE:6E:F8:AC",1,443,49469,0,0,0,0,6466329,0,6466329,0,6466329,0,0,0,0,0,0
100,3,"/home/pqv/data/test/real_discord7.pcapng",1660161893.203716,2327,0,"99.178.354.0","99.178.354.0",19,60,0,1,0,0,0,60,0,1,1660161863.762881,"192.168.1.56","162.159.128.235","10:5B:AD:B2:81:B3","D0:6E:DE:6E:F8:AC",1,443,49469,0,0,0,0,0,10271,0,10271,0,10271,0,0,0,0,0
100,3,"/home/pqv/data/test/real_discord7.pcapng",1660161893.384428,2328,0,"99.178.354.0","99.178.354.0",19,162,108,1,162,108,1,0,0,0,1660161865.203667,"162.159.136.234","192.168.1.56","D0:6E:DE:6E:F8:AC","10:5B:AD:B2:81:B3",3,50656,443,0,0,0,0,0,4192613,0,4192613,0,4192613,0,0,0,0,0
100,3,"/home/pqv/data/test/real_discord7.pcapng",1660161893.392387,2329,0,"99.178.354.0","99.178.354.0",19,111,57,1,0,0,0,111,57,1,1660161863.762881,"192.168.1.56","162.159.128.235","10:5B:AD:B2:81:B3","D0:6E:DE:6E:F8:AC",1,443,49469,0,0,0,0,0,0,0,0,0,0,0,0,0,0,0
100,3,"/home/pqv/data/test/real_discord7.pcapng",1660161893.401173,2330,0,"99.178.376.0","",20,58,16,1,58,16,1,0,0,0,1660161893.401173,"192.168.1.46","255.255.255.255","5C:E0:C5:63:F3:94","FF:FF:FF:FF:FF:FF",20,8612,58513,0,0,0,0,0,0,0,0,0,0,0,0,0,0,0
100,3,"/home/pqv/data/test/real_discord7.pcapng",1660161893.401234,2331,0,"99.178.376.0","",20,58,16,1,58,16,1,0,0,0,1660161893.401173,"192.168.1.46","255.255.255.255","5C:E0:C5:63:F3:94","FF:FF:FF:FF:FF:FF",20,8612,58513,0,0,0,0,0,0,0,0,0,0,0,0,0,0,0
100,3,"/home/pqv/data/test/real_discord7.pcapng",1660161893.425458,2332,0,"99.178.354.0","99.178.354.0",20,54,0,1,0,0,0,54,0,1,1660161865.203667,"162.159.136.234","192.168.1.56","D0:6E:DE:6E:F8:AC","10:5B:AD:B2:81:B3",3,50656,443,0,0,0,0,41030,0,41030,0,41030,0,0,0,0,0,0
100,3,"/home/pqv/data/test/real_discord7.pcapng",1660161893.441547,2333,0,"99.178.354.0","99.178.354.0",20,54,0,1,54,0,1,0,0,0,1660161863.762881,"192.168.1.56","162.159.128.235","10:5B:AD:B2:81:B3","D0:6E:DE:6E:F8:AC",1,443,49469,0,0,0,0,49160,0,49160,0,49160,0,0,0,0,0,0
