100,3,"/home/pqv/data/test/real_wikipedia1.1.pcapng",1660816468.151000,2663,400,"99.178.354.341.400","99.178.354.341.400",1,153,99,1,153,99,1,0,0,0,1660816435.965901,"33.0.0.123","185.15.58.240","10:5B:AD:B2:81:B3","B8:27:EB:4A:CA:1B",1,443,64887,0,0,0,7194677,0,0,0,0,0,0,0,0,2,1,0,"upload.wikimedia.org",0
100,3,"/home/pqv/data/test/real_wikipedia1.1.pcapng",1660816468.163082,2664,400,"99.178.354.341.400","99.178.354.341.400",1,54,0,1,0,0,0,54,0,1,1660816435.965901,"33.0.0.123","185.15.58.240","10:5B:AD:B2:81:B3","B8:27:EB:4A:CA:1B",1,443,64887,0,0,0,12082,0,12082,0,12082,0,12082,0,0,2,1,0,"upload.wikimedia.org",0
100,3,"/home/pqv/data/test/real_wikipedia1.1.pcapng",1660816468.163891,2665,400,"99.178.354.341.400","99.178.354.341.400",1,1514,1460,1,0,0,0,1514,1460,1,1660816435.965901,"33.0.0.123","185.15.58.240","10:5B:AD:B2:81:B3","B8:27:EB:4A:CA:1B",1,443,64887,0,0,0,809,0,0,0,0,0,0,0,0,2,1,0,"upload.wikimedia.org",0
100,3,"/home/pqv/data/test/real_wikipedia1.1.pcapng",1660816468.164682,2666,400,"99.178.354.341.400","99.178.354.341.400",1,1514,1460,1,0,0,0,1514,1460,1,1660816435.965901,"33.0.0.123","185.15.58.240","10:5B:AD:B2:81:B3","B8:27:EB:4A:CA:1B",1,443,64887,0,0,0,791,0,0,0,0,0,0,0,0,2,1,0,"upload.wikimedia.org",0
100,3,"/home/pqv/data/test/real_wikipedia1.1.pcapng",1660816468.164703,2667,400,"99.178.354.341.400","99.178.354.341.400",1,54,0,1,54,0,1,0,0,0,1660816435.965901,"33.0.0.123","185.15.58.240","10:5B:AD:B2:81:B3","B8:27:EB:4A:CA:1B",1,443,64887,0,0,0,21,21,0,21,0,21,0,0,0,2,1,0,"upload.wikimedia.org",0
100,3,"/home/pqv/data/test/real_wikipedia1.1.pcapng",1660816468.164748,2668,400,"99.178.354.341.400","99.178.354.341.400",1,1514,1460,1,0,0,0,1514,1460,1,1660816435.965901,"33.0.0.123","185.15.58.240","10:5B:AD:B2:81:B3","B8:27:EB:4A:CA:1B",1,443,64887,0,0,0,45,0,45,0,45,0,45,0,0,2,1,0,"upload.wikimedia.org",0
100,3,"/home/pqv/data/test/real_wikipedia1.1.pcapng",1660816468.165820,2669,400,"99.178.354.341.400","99.178.354.341.400",1,1514,1460,1,0,0,0,1514,1460,1,1660816435.965901,"33.0.0.123","185.15.58.240","10:5B:AD:B2:81:B3","B8:27:EB:4A:CA:1B",1,443,64887,0,0,0,1072,0,0,0,0,0,0,0,0,2,1,0,"upload.wikimedia.org",0
100,3,"/home/pqv/data/test/real_wikipedia1.1.pcapng",1660816468.165834,2670,400,"99.178.354.341.400","99.178.354.341.400",1,54,0,1,54,0,1,0,0,0,1660816435.965901,"33.0.0.123","185.15.58.240","10:5B:AD:B2:81:B3","B8:27:EB:4A:CA:1B",1,443,64887,0,0,0,14,14,0,14,0,14,0,0,0,2,1,0,"upload.wikimedia.org",0
100,3,"/home/pqv/data/test/real_wikipedia1.1.pcapng",1660816468.166536,2671,400,"99.178.354.341.400","99.178.354.341.400",1,1514,1460,1,0,0,0,1514,1460,1,1660816435.965901,"33.0.0.123","185.15.58.240","10:5B:AD:B2:81:B3","B8:27:EB:4A:CA:1B",1,443,64887,0,0,0,702,0,702,0,702,0,702,0,0,2,1,0,"upload.wikimedia.org",0
100,3,"/home/pqv/data/test/real_wikipedia1.1.pcapng",1660816468.166734,2672,400,"99.178.354.341.400","99.178.354.341.400",1,1514,1460,1,0,0,0,1514,1460,1,1660816435.965901,"33.0.0.123","185.15.58.240","10:5B:AD:B2:81:B3","B8:27:EB:4A:CA:1B",1,443,64887,0,0,0,198,0,0,0,0,0,0,0,0,2,1,0,"upload.wikimedia.org",0
100,3,"/home/pqv/data/test/real_wikipedia1.1.pcapng",1660816468.166757,2673,400,"99.178.354.341.400","99.178.354.341.400",1,54,0,1,54,0,1,0,0,0,1660816435.965901,"33.0.0.123","185.15.58.240","10:5B:AD:B2:81:B3","B8:27:EB:4A:CA:1B",1,443,64887,0,0,0,23,23,0,23,0,23,0,0,0,2,1,0,"upload.wikimedia.org",0
100,3,"/home/pqv/data/test/real_wikipedia1.1.pcapng",1660816468.167441,2674,400,"99.178.354.341.400","99.178.354.341.400",1,1514,1460,1,0,0,0,1514,1460,1,1660816435.965901,"33.0.0.123","185.15.58.240","10:5B:AD:B2:81:B3","B8:27:EB:4A:CA:1B",1,443,64887,0,0,0,684,0,684,0,684,0,684,0,0,2,1,0,"upload.wikimedia.org",0
100,3,"/home/pqv/data/test/real_wikipedia1.1.pcapng",1660816468.168184,2675,400,"99.178.354.341.400","99.178.354.341.400",1,1514,1460,1,0,0,0,1514,1460,1,1660816435.965901,"33.0.0.123","185.15.58.240","10:5B:AD:B2:81:B3","B8:27:EB:4A:CA:1B",1,443,64887,0,0,0,743,0,0,0,0,0,0,0,0,2,1,0,"upload.wikimedia.org",0
100,3,"/home/pqv/data/test/real_wikipedia1.1.pcapng",1660816468.168219,2676,400,"99.178.354.341.400","99.178.354.341.400",1,54,0,1,54,0,1,0,0,0,1660816435.965901,"33.0.0.123","185.15.58.240","10:5B:AD:B2:81:B3","B8:27:EB:4A:CA:1B",1,443,64887,0,0,0,35,35,0,35,0,35,0,0,0,2,1,0,"upload.wikimedia.org",0
100,3,"/home/pqv/data/test/real_wikipedia1.1.pcapng",1660816468.168508,2677,400,"99.178.354.341.400","99.178.354.341.400",1,1514,1460,1,0,0,0,1514,1460,1,1660816435.965901,"33.0.0.123","185.15.58.240","10:5B:AD:B2:81:B3","B8:27:EB:4A:CA:1B",1,443,64887,0,0,0,289,0,289,0,289,0,289,0,0,2,1,0,"upload.wikimedia.org",0
100,3,"/home/pqv/data/test/real_wikipedia1.1.pcapng",1660816468.170565,2678,400,"99.178.354.341.400","99.178.354.341.400",1,1514,1460,1,0,0,0,1514,1460,1,1660816435.965901,"33.0.0.123","185.15.58.240","10:5B:AD:B2:81:B3","B8:27:EB:4A:CA:1B",1,443,64887,0,0,0,2057,0,0,0,0,0,0,0,0,2,1,0,"upload.wikimedia.org",0
100,3,"/home/pqv/data/test/real_wikipedia1.1.pcapng",1660816468.170603,2679,400,"99.178.354.341.400","99.178.354.341.400",1,54,0,1,54,0,1,0,0,0,1660816435.965901,"33.0.0.123","185.15.58.240","10:5B:AD:B2:81:B3","B8:27:EB:4A:CA:1B",1,443,64887,0,0,0,38,38,0,38,0,38,0,0,0,2,1,0,"upload.wikimedia.org",0
100,3,"/home/pqv/data/test/real_wikipedia1.1.pcapng",1660816468.170763,2680,400,"99.178.354.341.400","99.178.354.341.400",1,1514,1460,1,0,0,0,1514,1460,1,1660816435.965901,"33.0.0.123","185.15.58.240","10:5B:AD:B2:81:B3","B8:27:EB:4A:CA:1B",1,443,64887,0,0,0,160,0,160,0,160,0,160,0,0,2,1,0,"upload.wikimedia.org",0
100,3,"/home/pqv/data/test/real_wikipedia1.1.pcapng",1660816468.171513,2681,400,"99.178.354.341.400","99.178.354.341.400",1,1514,1460,1,0,0,0,1514,1460,1,1660816435.965901,"33.0.0.123","185.15.58.240","10:5B:AD:B2:81:B3","B8:27:EB:4A:CA:1B",1,443,64887,0,0,0,750,0,0,0,0,0,0,0,0,2,1,0,"upload.wikimedia.org",0
100,3,"/home/pqv/data/test/real_wikipedia1.1.pcapng",1660816468.171551,2682,400,"99.178.354.341.400","99.178.354.341.400",1,54,0,1,54,0,1,0,0,0,1660816435.965901,"33.0.0.123","185.15.58.240","10:5B:AD:B2:81:B3","B8:27:EB:4A:CA:1B",1,443,64887,0,0,0,38,38,0,38,0,38,0,0,0,2,1,0,"upload.wikimedia.org",0
100,3,"/home/pqv/data/test/real_wikipedia1.1.pcapng",1660816468.171671,2683,400,"99.178.354.341.400","99.178.354.341.400",1,89,35,1,89,35,1,0,0,0,1660816435.965901,"33.0.0.123","185.15.58.240","10:5B:AD:B2:81:B3","B8:27:EB:4A:CA:1B",1,443,64887,0,0,0,120,0,0,0,0,0,0,0,0,2,1,0,"upload.wikimedia.org",0
100,3,"/home/pqv/data/test/real_wikipedia1.1.pcapng",1660816468.171932,2684,400,"99.178.354.341.400","99.178.354.341.400",1,1514,1460,1,0,0,0,1514,1460,1,1660816435.965901,"33.0.0.123","185.15.58.240","10:5B:AD:B2:81:B3","B8:27:EB:4A:CA:1B",1,443,64887,0,0,0,261,0,381,0,381,0,381,0,0,2,1,0,"upload.wikimedia.org",0
100,3,"/home/pqv/data/test/real_wikipedia1.1.pcapng",1660816468.171954,2685,400,"99.178.354.341.400","99.178.354.341.400",1,54,0,1,54,0,1,0,0,0,1660816435.965901,"33.0.0.123","185.15.58.240","10:5B:AD:B2:81:B3","B8:27:EB:4A:CA:1B",1,443,64887,0,0,0,22,22,0,22,0,22,0,0,0,2,1,0,"upload.wikimedia.org",0
100,3,"/home/pqv/data/test/real_wikipedia1.1.pcapng",1660816468.173492,2686,400,"99.178.354.341.400","99.178.354.341.400",1,1514,1460,1,0,0,0,1514,1460,1,1660816435.965901,"33.0.0.123","185.15.58.240","10:5B:AD:B2:81:B3","B8:27:EB:4A:CA:1B",1,443,64887,0,0,0,1538,0,0,0,0,0,0,0,0,2,1,0,"upload.wikimedia.org",0
100,3,"/home/pqv/data/test/real_wikipedia1.1.pcapng",1660816468.173544,2687,400,"99.178.354.341.400","99.178.354.341.400",1,54,0,1,54,0,1,0,0,0,1660816435.965901,"33.0.0.123","185.15.58.240","10:5B:AD:B2:81:B3","B8:27:EB:4A:CA:1B",1,443,64887,0,0,0,52,52,0,52,0,52,0,0,0,2,1,0,"upload.wikimedia.org",0
100,3,"/home/pqv/data/test/real_wikipedia1.1.pcapng",1660816468.174251,2688,400,"99.178.354.341.400","99.178.354.341.400",1,1514,1460,1,0,0,0,1514,1460,1,1660816435.965901,"33.0.0.123","185.15.58.240","10:5B:AD:B2:81:B3","B8:27:EB:4A:CA:1B",1,443,64887,0,0,0,707,0,0,0,0,0,0,0,0,2,1,0,"upload.wikimedia.org",0
100,3,"/home/pqv/data/test/real_wikipedia1.1.pcapng",1660816468.174301,2689,400,"99.178.354.341.400","99.178.354.341.400",1,54,0,1,54,0,1,0,0,0,1660816435.965901,"33.0.0.123","185.15.58.240","10:5B:AD:B2:81:B3","B8:27:EB:4A:CA:1B",1,443,64887,0,0,0,50,50,0,50,0,50,0,0,0,2,1,0,"upload.wikimedia.org",0
100,3,"/home/pqv/data/test/real_wikipedia1.1.pcapng",1660816468.175112,2690,400,"99.178.354.341.400","99.178.354.341.400",1,1514,1460,1,0,0,0,1514,1460,1,1660816435.965901,"33.0.0.123","185.15.58.240","10:5B:AD:B2:81:B3","B8:27:EB:4A:CA:1B",1,443,64887,0,0,0,811,0,0,0,0,0,0,0,0,2,1,0,"upload.wikimedia.org",0
100,3,"/home/pqv/data/test/real_wikipedia1.1.pcapng",1660816468.175147,2691,400,"99.178.354.341.400","99.178.354.341.400",1,54,0,1,54,0,1,0,0,0,1660816435.965901,"33.0.0.123","185.15.58.240","10:5B:AD:B2:81:B3","B8:27:EB:4A:CA:1B",1,443,64887,0,0,0,35,35,0,35,0,35,0,0,0,2,1,0,"upload.wikimedia.org",0
100,3,"/home/pqv/data/test/real_wikipedia1.1.pcapng",1660816468.175480,2692,400,"99.178.354.341.400","99.178.354.341.400",1,1514,1460,1,0,0,0,1514,1460,1,1660816435.965901,"33.0.0.123","185.15.58.240","10:5B:AD:B2:81:B3","B8:27:EB:4A:CA:1B",1,443,64887,0,0,0,333,0,0,0,0,0,0,0,0,2,1,0,"upload.wikimedia.org",0
100,3,"/home/pqv/data/test/real_wikipedia1.1.pcapng",1660816468.175517,2693,400,"99.178.354.341.400","99.178.354.341.400",1,54,0,1,54,0,1,0,0,0,1660816435.965901,"33.0.0.123","185.15.58.240","10:5B:AD:B2:81:B3","B8:27:EB:4A:CA:1B",1,443,64887,0,0,0,37,37,0,37,0,37,0,0,0,2,1,0,"upload.wikimedia.org",0
100,3,"/home/pqv/data/test/real_wikipedia1.1.pcapng",1660816468.176420,2694,400,"99.178.354.341.400","99.178.354.341.400",1,1514,1460,1,0,0,0,1514,1460,1,1660816435.965901,"33.0.0.123","185.15.58.240","10:5B:AD:B2:81:B3","B8:27:EB:4A:CA:1B",1,443,64887,0,0,0,903,0,0,0,0,0,0,0,0,2,1,0,"upload.wikimedia.org",0
100,3,"/home/pqv/data/test/real_wikipedia1.1.pcapng",1660816468.176458,2695,400,"99.178.354.341.400","99.178.354.341.400",1,54,0,1,54,0,1,0,0,0,1660816435.965901,"33.0.0.123","185.15.58.240","10:5B:AD:B2:81:B3","B8:27:EB:4A:CA:1B",1,443,64887,0,0,0,38,38,0,38,0,38,0,0,0,2,1,0,"upload.wikimedia.org",0
100,3,"/home/pqv/data/test/real_wikipedia1.1.pcapng",1660816468.179586,2696,400,"99.178.354.341.400","99.178.354.341.400",1,1514,1460,1,0,0,0,1514,1460,1,1660816435.965901,"33.0.0.123","185.15.58.240","10:5B:AD:B2:81:B3","B8:27:EB:4A:CA:1B",1,443,64887,0,0,0,3128,0,0,0,0,0,0,0,0,2,1,0,"upload.wikimedia.org",0
100,3,"/home/pqv/data/test/real_wikipedia1.1.pcapng",1660816468.179607,2697,400,"99.178.354.341.400","99.178.354.341.400",1,54,0,1,54,0,1,0,0,0,1660816435.965901,"33.0.0.123","185.15.58.240","10:5B:AD:B2:81:B3","B8:27:EB:4A:CA:1B",1,443,64887,0,0,0,21,21,0,21,0,21,0,0,0,2,1,0,"upload.wikimedia.org",0
100,3,"/home/pqv/data/test/real_wikipedia1.1.pcapng",1660816468.179640,2698,400,"99.178.354.341.400","99.178.354.341.400",1,1514,1460,1,0,0,0,1514,1460,1,1660816435.965901,"33.0.0.123","185.15.58.240","10:5B:AD:B2:81:B3","B8:27:EB:4A:CA:1B",1,443,64887,0,0,0,33,0,0,0,0,0,0,0,0,2,1,0,"upload.wikimedia.org",0
100,3,"/home/pqv/data/test/real_wikipedia1.1.pcapng",1660816468.179648,2699,400,"99.178.354.341.400","99.178.354.341.400",1,54,0,1,54,0,1,0,0,0,1660816435.965901,"33.0.0.123","185.15.58.240","10:5B:AD:B2:81:B3","B8:27:EB:4A:CA:1B",1,443,64887,0,0,0,8,8,0,8,0,8,0,0,0,2,1,0,"upload.wikimedia.org",0
100,3,"/home/pqv/data/test/real_wikipedia1.1.pcapng",1660816468.179686,2700,400,"99.178.354.341.400","99.178.354.341.400",1,1514,1460,1,0,0,0,1514,1460,1,1660816435.965901,"33.0.0.123","185.15.58.240","10:5B:AD:B2:81:B3","B8:27:EB:4A:CA:1B",1,443,64887,0,0,0,38,0,0,0,0,0,0,0,0,2,1,0,"upload.wikimedia.org",0
100,3,"/home/pqv/data/test/real_wikipedia1.1.pcapng",1660816468.179693,2701,400,"99.178.354.341.400","99.178.354.341.400",1,54,0,1,54,0,1,0,0,0,1660816435.965901,"33.0.0.123","185.15.58.240","10:5B:AD:B2:81:B3","B8:27:EB:4A:CA:1B",1,443,64887,0,0,0,7,7,0,7,0,7,0,0,0,2,1,0,"upload.wikimedia.org",0
100,3,"/home/pqv/data/test/real_wikipedia1.1.pcapng",1660816468.179725,2702,400,"99.178.354.341.400","99.178.354.341.400",1,1514,1460,1,0,0,0,1514,1460,1,1660816435.965901,"33.0.0.123","185.15.58.240","10:5B:AD:B2:81:B3","B8:27:EB:4A:CA:1B",1,443,64887,0,0,0,32,0,0,0,0,0,0,0,0,2,1,0,"upload.wikimedia.org",0
100,3,"/home/pqv/data/test/real_wikipedia1.1.pcapng",1660816468.179736,2703,400,"99.178.354.341.400","99.178.354.341.400",1,54,0,1,54,0,1,0,0,0,1660816435.965901,"33.0.0.123","185.15.58.240","10:5B:AD:B2:81:B3","B8:27:EB:4A:CA:1B",1,443,64887,0,0,0,11,11,0,11,0,11,0,0,0,2,1,0,"upload.wikimedia.org",0
100,3,"/home/pqv/data/test/real_wikipedia1.1.pcapng",1660816468.179770,2704,400,"99.178.354.341.400","99.178.354.341.400",1,1514,1460,1,0,0,0,1514,1460,1,1660816435.965901,"33.0.0.123","185.15.58.240","10:5B:AD:B2:81:B3","B8:27:EB:4A:CA:1B",1,443,64887,0,0,0,34,0,0,0,0,0,0,0,0,2,1,0,"upload.wikimedia.org",0
100,3,"/home/pqv/data/test/real_wikipedia1.1.pcapng",1660816468.179776,2705,400,"99.178.354.341.400","99.178.354.341.400",1,54,0,1,54,0,1,0,0,0,1660816435.965901,"33.0.0.123","185.15.58.240","10:5B:AD:B2:81:B3","B8:27:EB:4A:CA:1B",1,443,64887,0,0,0,6,6,0,6,0,6,0,0,0,2,1,0,"upload.wikimedia.org",0
100,3,"/home/pqv/data/test/real_wikipedia1.1.pcapng",1660816468.179915,2706,400,"99.178.354.341.400","99.178.354.341.400",1,1514,1460,1,0,0,0,1514,1460,1,1660816435.965901,"33.0.0.123","185.15.58.240","10:5B:AD:B2:81:B3","B8:27:EB:4A:CA:1B",1,443,64887,0,0,0,139,0,0,0,0,0,0,0,0,2,1,0,"upload.wikimedia.org",0
100,3,"/home/pqv/data/test/real_wikipedia1.1.pcapng",1660816468.179930,2707,400,"99.178.354.341.400","99.178.354.341.400",1,54,0,1,54,0,1,0,0,0,1660816435.965901,"33.0.0.123","185.15.58.240","10:5B:AD:B2:81:B3","B8:27:EB:4A:CA:1B",1,443,64887,0,0,0,15,15,0,15,0,15,0,0,0,2,1,0,"upload.wikimedia.org",0
100,3,"/home/pqv/data/test/real_wikipedia1.1.pcapng",1660816468.180933,2708,400,"99.178.354.341.400","99.178.354.341.400",1,1514,1460,1,0,0,0,1514,1460,1,1660816435.965901,"33.0.0.123","185.15.58.240","10:5B:AD:B2:81:B3","B8:27:EB:4A:CA:1B",1,443,64887,0,0,0,1003,0,0,0,0,0,0,0,0,2,1,0,"upload.wikimedia.org",0
100,3,"/home/pqv/data/test/real_wikipedia1.1.pcapng",1660816468.180969,2709,400,"99.178.354.341.400","99.178.354.341.400",1,54,0,1,54,0,1,0,0,0,1660816435.965901,"33.0.0.123","185.15.58.240","10:5B:AD:B2:81:B3","B8:27:EB:4A:CA:1B",1,443,64887,0,0,0,36,36,0,36,0,36,0,0,0,2,1,0,"upload.wikimedia.org",0
100,3,"/home/pqv/data/test/real_wikipedia1.1.pcapng",1660816468.181452,2710,400,"99.178.354.341.400","99.178.354.341.400",1,1514,1460,1,0,0,0,1514,1460,1,1660816435.965901,"33.0.0.123","185.15.58.240","10:5B:AD:B2:81:B3","B8:27:EB:4A:CA:1B",1,443,64887,0,0,0,483,0,0,0,0,0,0,0,0,2,1,0,"upload.wikimedia.org",0
100,3,"/home/pqv/data/test/real_wikipedia1.1.pcapng",1660816468.181500,2711,400,"99.178.354.341.400","99.178.354.341.400",1,54,0,1,54,0,1,0,0,0,1660816435.965901,"33.0.0.123","185.15.58.240","10:5B:AD:B2:81:B3","B8:27:EB:4A:CA:1B",1,443,64887,0,0,0,48,48,0,48,0,48,0,0,0,2,1,0,"upload.wikimedia.org",0
100,3,"/home/pqv/data/test/real_wikipedia1.1.pcapng",1660816468.183820,2712,400,"99.178.354.341.400","99.178.354.341.400",1,1514,1460,1,0,0,0,1514,1460,1,1660816435.965901,"33.0.0.123","185.15.58.240","10:5B:AD:B2:81:B3","B8:27:EB:4A:CA:1B",1,443,64887,0,0,0,2320,0,0,0,0,0,0,0,0,2,1,0,"upload.wikimedia.org",0
100,3,"/home/pqv/data/test/real_wikipedia1.1.pcapng",1660816468.183877,2713,400,"99.178.354.341.400","99.178.354.341.400",1,54,0,1,54,0,1,0,0,0,1660816435.965901,"33.0.0.123","185.15.58.240","10:5B:AD:B2:81:B3","B8:27:EB:4A:CA:1B",1,443,64887,0,0,0,57,57,0,57,0,57,0,0,0,2,1,0,"upload.wikimedia.org",0
100,3,"/home/pqv/data/test/real_wikipedia1.1.pcapng",1660816468.186463,2714,400,"99.178.354.341.400","99.178.354.341.400",1,1514,1460,1,0,0,0,1514,1460,1,1660816435.965901,"33.0.0.123","185.15.58.240","10:5B:AD:B2:81:B3","B8:27:EB:4A:CA:1B",1,443,64887,0,0,0,2586,0,0,0,0,0,0,0,0,2,1,0,"upload.wikimedia.org",0
100,3,"/home/pqv/data/test/real_wikipedia1.1.pcapng",1660816468.186501,2715,400,"99.178.354.341.400","99.178.354.341.400",1,54,0,1,54,0,1,0,0,0,1660816435.965901,"33.0.0.123","185.15.58.240","10:5B:AD:B2:81:B3","B8:27:EB:4A:CA:1B",1,443,64887,0,0,0,38,38,0,38,0,38,0,0,0,2,1,0,"upload.wikimedia.org",0
100,3,"/home/pqv/data/test/real_wikipedia1.1.pcapng",1660816468.187281,2716,400,"99.178.354.341.400","99.178.354.341.400",1,1514,1460,1,0,0,0,1514,1460,1,1660816435.965901,"33.0.0.123","185.15.58.240","10:5B:AD:B2:81:B3","B8:27:EB:4A:CA:1B",1,443,64887,0,0,0,780,0,0,0,0,0,0,0,0,2,1,0,"upload.wikimedia.org",0
100,3,"/home/pqv/data/test/real_wikipedia1.1.pcapng",1660816468.187317,2717,400,"99.178.354.341.400","99.178.354.341.400",1,54,0,1,54,0,1,0,0,0,1660816435.965901,"33.0.0.123","185.15.58.240","10:5B:AD:B2:81:B3","B8:27:EB:4A:CA:1B",1,443,64887,0,0,0,36,36,0,36,0,36,0,0,0,2,1,0,"upload.wikimedia.org",0
100,3,"/home/pqv/data/test/real_wikipedia1.1.pcapng",1660816468.187581,2718,400,"99.178.354.341.400","99.178.354.341.400",1,689,635,1,0,0,0,689,635,1,1660816435.965901,"33.0.0.123","185.15.58.240","10:5B:AD:B2:81:B3","B8:27:EB:4A:CA:1B",1,443,64887,0,0,0,264,0,0,0,0,0,0,0,0,2,1,0,"upload.wikimedia.org",0
100,3,"/home/pqv/data/test/real_wikipedia1.1.pcapng",1660816468.187601,2719,400,"99.178.354.341.400","99.178.354.341.400",1,54,0,1,54,0,1,0,0,0,1660816435.965901,"33.0.0.123","185.15.58.240","10:5B:AD:B2:81:B3","B8:27:EB:4A:CA:1B",1,443,64887,0,0,0,20,20,0,20,0,20,0,0,0,2,1,0,"upload.wikimedia.org",0
100,3,"/home/pqv/data/test/real_wikipedia1.1.pcapng",1660816468.227060,2720,400,"99.178.354.341.400","99.178.354.341.400",1,54,0,1,0,0,0,54,0,1,1660816435.965901,"33.0.0.123","185.15.58.240","10:5B:AD:B2:81:B3","B8:27:EB:4A:CA:1B",1,443,64887,0,0,0,39459,0,39459,0,39459,0,39459,0,0,2,1,0,"upload.wikimedia.org",0
100,3,"/home/pqv/data/test/real_wikipedia1.1.pcapng",1660816471.544841,2721,400,"99.178.354.341.400","99.178.354.341.400",1,209,155,1,209,155,1,0,0,0,1660816435.965901,"33.0.0.123","185.15.58.240","10:5B:AD:B2:81:B3","B8:27:EB:4A:CA:1B",1,443,64887,0,0,0,3317781,3317781,0,3317781,0,3317781,0,0,0,2,1,0,"upload.wikimedia.org",0
100,3,"/home/pqv/data/test/real_wikipedia1.1.pcapng",1660816471.557006,2722,400,"99.178.354.341.400","99.178.354.341.400",1,54,0,1,0,0,0,54,0,1,1660816435.965901,"33.0.0.123","185.15.58.240","10:5B:AD:B2:81:B3","B8:27:EB:4A:CA:1B",1,443,64887,0,0,0,12165,0,12165,0,12165,0,12165,0,0,2,1,0,"upload.wikimedia.org",0
100,3,"/home/pqv/data/test/real_wikipedia1.1.pcapng",1660816471.559170,2723,400,"99.178.354.341.400","99.178.354.341.400",1,1514,1460,1,0,0,0,1514,1460,1,1660816435.965901,"33.0.0.123","185.15.58.240","10:5B:AD:B2:81:B3","B8:27:EB:4A:CA:1B",1,443,64887,0,0,0,2164,0,0,0,0,0,0,0,0,2,1,0,"upload.wikimedia.org",0
100,3,"/home/pqv/data/test/real_wikipedia1.1.pcapng",1660816471.559713,2724,400,"99.178.354.341.400","99.178.354.341.400",1,1514,1460,1,0,0,0,1514,1460,1,1660816435.965901,"33.0.0.123","185.15.58.240","10:5B:AD:B2:81:B3","B8:27:EB:4A:CA:1B",1,443,64887,0,0,0,543,0,0,0,0,0,0,0,0,2,1,0,"upload.wikimedia.org",0
100,3,"/home/pqv/data/test/real_wikipedia1.1.pcapng",1660816471.559749,2725,400,"99.178.354.341.400","99.178.354.341.400",1,54,0,1,54,0,1,0,0,0,1660816435.965901,"33.0.0.123","185.15.58.240","10:5B:AD:B2:81:B3","B8:27:EB:4A:CA:1B",1,443,64887,0,0,0,36,36,0,36,0,36,0,0,0,2,1,0,"upload.wikimedia.org",0
100,3,"/home/pqv/data/test/real_wikipedia1.1.pcapng",1660816471.560117,2726,400,"99.178.354.341.400","99.178.354.341.400",1,1514,1460,1,0,0,0,1514,1460,1,1660816435.965901,"33.0.0.123","185.15.58.240","10:5B:AD:B2:81:B3","B8:27:EB:4A:CA:1B",1,443,64887,0,0,0,368,0,368,0,368,0,368,0,0,2,1,0,"upload.wikimedia.org",0
100,3,"/home/pqv/data/test/real_wikipedia1.1.pcapng",1660816471.560785,2727,400,"99.178.354.341.400","99.178.354.341.400",1,1514,1460,1,0,0,0,1514,1460,1,1660816435.965901,"33.0.0.123","185.15.58.240","10:5B:AD:B2:81:B3","B8:27:EB:4A:CA:1B",1,443,64887,0,0,0,668,0,0,0,0,0,0,0,0,2,1,0,"upload.wikimedia.org",0
100,3,"/home/pqv/data/test/real_wikipedia1.1.pcapng",1660816471.560822,2728,400,"99.178.354.341.400","99.178.354.341.400",1,54,0,1,54,0,1,0,0,0,1660816435.965901,"33.0.0.123","185.15.58.240","10:5B:AD:B2:81:B3","B8:27:EB:4A:CA:1B",1,443,64887,0,0,0,37,37,0,37,0,37,0,0,0,2,1,0,"upload.wikimedia.org",0
100,3,"/home/pqv/data/test/real_wikipedia1.1.pcapng",1660816471.560982,2729,400,"99.178.354.341.400","99.178.354.341.400",1,1514,1460,1,0,0,0,1514,1460,1,1660816435.965901,"33.0.0.123","185.15.58.240","10:5B:AD:B2:81:B3","B8:27:EB:4A:CA:1B",1,443,64887,0,0,0,160,0,160,0,160,0,160,0,0,2,1,0,"upload.wikimedia.org",0
100,3,"/home/pqv/data/test/real_wikipedia1.1.pcapng",1660816471.561641,2730,400,"99.178.354.341.400","99.178.354.341.400",1,1514,1460,1,0,0,0,1514,1460,1,1660816435.965901,"33.0.0.123","185.15.58.240","10:5B:AD:B2:81:B3","B8:27:EB:4A:CA:1B",1,443,64887,0,0,0,659,0,0,0,0,0,0,0,0,2,1,0,"upload.wikimedia.org",0
100,3,"/home/pqv/data/test/real_wikipedia1.1.pcapng",1660816471.561679,2731,400,"99.178.354.341.400","99.178.354.341.400",1,54,0,1,54,0,1,0,0,0,1660816435.965901,"33.0.0.123","185.15.58.240","10:5B:AD:B2:81:B3","B8:27:EB:4A:CA:1B",1,443,64887,0,0,0,38,38,0,38,0,38,0,0,0,2,1,0,"upload.wikimedia.org",0
100,3,"/home/pqv/data/test/real_wikipedia1.1.pcapng",1660816471.562342,2732,400,"99.178.354.341.400","99.178.354.341.400",1,1514,1460,1,0,0,0,1514,1460,1,1660816435.965901,"33.0.0.123","185.15.58.240","10:5B:AD:B2:81:B3","B8:27:EB:4A:CA:1B",1,443,64887,0,0,0,663,0,663,0,663,0,663,0,0,2,1,0,"upload.wikimedia.org",0
100,3,"/home/pqv/data/test/real_wikipedia1.1.pcapng",1660816471.562403,2733,400,"99.178.354.341.400","99.178.354.341.400",1,1514,1460,1,0,0,0,1514,1460,1,1660816435.965901,"33.0.0.123","185.15.58.240","10:5B:AD:B2:81:B3","B8:27:EB:4A:CA:1B",1,443,64887,0,0,0,61,0,0,0,0,0,0,0,0,2,1,0,"upload.wikimedia.org",0
100,3,"/home/pqv/data/test/real_wikipedia1.1.pcapng",1660816471.562418,2734,400,"99.178.354.341.400","99.178.354.341.400",1,54,0,1,54,0,1,0,0,0,1660816435.965901,"33.0.0.123","185.15.58.240","10:5B:AD:B2:81:B3","B8:27:EB:4A:CA:1B",1,443,64887,0,0,0,15,15,0,15,0,15,0,0,0,2,1,0,"upload.wikimedia.org",0
100,3,"/home/pqv/data/test/real_wikipedia1.1.pcapng",1660816471.563042,2735,400,"99.178.354.341.400","99.178.354.341.400",1,1514,1460,1,0,0,0,1514,1460,1,1660816435.965901,"33.0.0.123","185.15.58.240","10:5B:AD:B2:81:B3","B8:27:EB:4A:CA:1B",1,443,64887,0,0,0,624,0,624,0,624,0,624,0,0,2,1,0,"upload.wikimedia.org",0
100,3,"/home/pqv/data/test/real_wikipedia1.1.pcapng",1660816471.563256,2736,400,"99.178.354.341.400","99.178.354.341.400",1,1278,1224,1,0,0,0,1278,1224,1,1660816435.965901,"33.0.0.123","185.15.58.240","10:5B:AD:B2:81:B3","B8:27:EB:4A:CA:1B",1,443,64887,0,0,0,214,0,0,0,0,0,0,0,0,2,1,0,"upload.wikimedia.org",0
100,3,"/home/pqv/data/test/real_wikipedia1.1.pcapng",1660816471.563289,2737,400,"99.178.354.341.400","99.178.354.341.400",1,54,0,1,54,0,1,0,0,0,1660816435.965901,"33.0.0.123","185.15.58.240","10:5B:AD:B2:81:B3","B8:27:EB:4A:CA:1B",1,443,64887,0,0,0,33,33,0,33,0,33,0,0,0,2,1,0,"upload.wikimedia.org",0
