100,3,"/home/pqv/data/test/real_discord23.pcap",1660163635.758532,3232,0,"99.178.376.0","99.178.376.0",21,211,169,1,0,0,0,211,169,1,1660163612.795232,"192.168.1.56","66.22.218.76","10:5B:AD:B2:81:B3","D0:6E:DE:6E:F8:AC",14,50001,64954,0,0,0,0,0,0,0,0,0,0,0,0,0,0,0
100,3,"/home/pqv/data/test/real_discord23.pcap",1660163635.778740,3233,0,"99.178.376.0","99.178.376.0",21,200,158,1,0,0,0,200,158,1,1660163612.795232,"192.168.1.56","66.22.218.76","10:5B:AD:B2:81:B3","D0:6E:DE:6E:F8:AC",14,50001,64954,0,0,0,0,0,0,0,0,0,0,0,0,0,0,0
100,3,"/home/pqv/data/test/real_discord23.pcap",1660163635.798146,3234,0,"99.178.376.0","99.178.376.0",21,229,187,1,0,0,0,229,187,1,1660163612.795232,"192.168.1.56","66.22.218.76","10:5B:AD:B2:81:B3","D0:6E:DE:6E:F8:AC",14,50001,64954,0,0,0,0,0,0,0,0,0,0,0,0,0,0,0
100,3,"/home/pqv/data/test/real_discord23.pcap",1660163635.817846,3235,0,"99.178.376.0","99.178.376.0",21,207,165,1,0,0,0,207,165,1,1660163612.795232,"192.168.1.56","66.22.218.76","10:5B:AD:B2:81:B3","D0:6E:DE:6E:F8:AC",14,50001,64954,0,0,0,0,0,0,0,0,0,0,0,0,0,0,0
100,3,"/home/pqv/data/test/real_discord23.pcap",1660163635.837611,3236,0,"99.178.376.0","99.178.376.0",21,192,150,1,0,0,0,192,150,1,1660163612.795232,"192.168.1.56","66.22.218.76","10:5B:AD:B2:81:B3","D0:6E:DE:6E:F8:AC",14,50001,64954,0,0,0,0,0,0,0,0,0,0,0,0,0,0,0
100,3,"/home/pqv/data/test/real_discord23.pcap",1660163635.857173,3237,0,"99.178.376.0","99.178.376.0",21,180,138,1,0,0,0,180,138,1,1660163612.795232,"192.168.1.56","66.22.218.76","10:5B:AD:B2:81:B3","D0:6E:DE:6E:F8:AC",14,50001,64954,0,0,0,0,0,0,0,0,0,0,0,0,0,0,0
100,3,"/home/pqv/data/test/real_discord23.pcap",1660163635.876785,3238,0,"99.178.376.0","99.178.376.0",21,173,131,1,0,0,0,173,131,1,1660163612.795232,"192.168.1.56","66.22.218.76","10:5B:AD:B2:81:B3","D0:6E:DE:6E:F8:AC",14,50001,64954,0,0,0,0,0,0,0,0,0,0,0,0,0,0,0
100,3,"/home/pqv/data/test/real_discord23.pcap",1660163635.896930,3239,0,"99.178.376.0","99.178.376.0",21,170,128,1,0,0,0,170,128,1,1660163612.795232,"192.168.1.56","66.22.218.76","10:5B:AD:B2:81:B3","D0:6E:DE:6E:F8:AC",14,50001,64954,0,0,0,0,0,0,0,0,0,0,0,0,0,0,0
100,3,"/home/pqv/data/test/real_discord23.pcap",1660163635.916570,3240,0,"99.178.376.0","99.178.376.0",21,166,124,1,0,0,0,166,124,1,1660163612.795232,"192.168.1.56","66.22.218.76","10:5B:AD:B2:81:B3","D0:6E:DE:6E:F8:AC",14,50001,64954,0,0,0,0,0,0,0,0,0,0,0,0,0,0,0
100,3,"/home/pqv/data/test/real_discord23.pcap",1660163635.932689,3241,0,"99.178.376.0","99.178.376.0",21,94,52,1,0,0,0,94,52,1,1660163612.795232,"192.168.1.56","66.22.218.76","10:5B:AD:B2:81:B3","D0:6E:DE:6E:F8:AC",14,50001,64954,0,0,0,0,0,0,0,0,0,0,0,0,0,0,0
100,3,"/home/pqv/data/test/real_discord23.pcap",1660163635.936778,3242,0,"99.178.376.0","99.178.376.0",21,148,106,1,0,0,0,148,106,1,1660163612.795232,"192.168.1.56","66.22.218.76","10:5B:AD:B2:81:B3","D0:6E:DE:6E:F8:AC",14,50001,64954,0,0,0,0,0,0,0,0,0,0,0,0,0,0,0
100,3,"/home/pqv/data/test/real_discord23.pcap",1660163635.959576,3243,0,"99.178.376.0","99.178.376.0",21,141,99,1,0,0,0,141,99,1,1660163612.795232,"192.168.1.56","66.22.218.76","10:5B:AD:B2:81:B3","D0:6E:DE:6E:F8:AC",14,50001,64954,0,0,0,0,0,0,0,0,0,0,0,0,0,0,0
100,3,"/home/pqv/data/test/real_discord23.pcap",1660163635.975582,3245,0,"99.178.376.0","99.178.376.0",21,85,43,1,0,0,0,85,43,1,1660163612.795232,"192.168.1.56","66.22.218.76","10:5B:AD:B2:81:B3","D0:6E:DE:6E:F8:AC",14,50001,64954,0,0,0,0,0,0,0,0,0,0,0,0,0,0,0
100,3,"/home/pqv/data/test/real_discord23.pcap",1660163635.995032,3246,0,"99.178.376.0","99.178.376.0",21,85,43,1,0,0,0,85,43,1,1660163612.795232,"192.168.1.56","66.22.218.76","10:5B:AD:B2:81:B3","D0:6E:DE:6E:F8:AC",14,50001,64954,0,0,0,0,0,0,0,0,0,0,0,0,0,0,0
100,3,"/home/pqv/data/test/real_discord23.pcap",1660163636.014757,3247,0,"99.178.376.0","99.178.376.0",21,85,43,1,0,0,0,85,43,1,1660163612.795232,"192.168.1.56","66.22.218.76","10:5B:AD:B2:81:B3","D0:6E:DE:6E:F8:AC",14,50001,64954,0,0,0,0,0,0,0,0,0,0,0,0,0,0,0
100,3,"/home/pqv/data/test/real_discord23.pcap",1660163636.034828,3248,0,"99.178.376.0","99.178.376.0",21,85,43,1,0,0,0,85,43,1,1660163612.795232,"192.168.1.56","66.22.218.76","10:5B:AD:B2:81:B3","D0:6E:DE:6E:F8:AC",14,50001,64954,0,0,0,0,0,0,0,0,0,0,0,0,0,0,0
100,3,"/home/pqv/data/test/real_discord23.pcap",1660163636.054395,3249,0,"99.178.376.0","99.178.376.0",21,85,43,1,0,0,0,85,43,1,1660163612.795232,"192.168.1.56","66.22.218.76","10:5B:AD:B2:81:B3","D0:6E:DE:6E:F8:AC",14,50001,64954,0,0,0,0,0,0,0,0,0,0,0,0,0,0,0
100,3,"/home/pqv/data/test/real_discord23.pcap",1660163636.083626,3250,0,"99.178.376.0","99.178.376.0",21,85,43,1,0,0,0,85,43,1,1660163612.795232,"192.168.1.56","66.22.218.76","10:5B:AD:B2:81:B3","D0:6E:DE:6E:F8:AC",14,50001,64954,0,0,0,0,0,0,0,0,0,0,0,0,0,0,0
100,3,"/home/pqv/data/test/real_discord23.pcap",1660163636.093742,3251,0,"99.178.376.0","99.178.376.0",21,85,43,1,0,0,0,85,43,1,1660163612.795232,"192.168.1.56","66.22.218.76","10:5B:AD:B2:81:B3","D0:6E:DE:6E:F8:AC",14,50001,64954,0,0,0,0,0,0,0,0,0,0,0,0,0,0,0
100,3,"/home/pqv/data/test/real_discord23.pcap",1660163636.123009,3252,0,"99.178.376.0","99.178.376.0",21,85,43,1,0,0,0,85,43,1,1660163612.795232,"192.168.1.56","66.22.218.76","10:5B:AD:B2:81:B3","D0:6E:DE:6E:F8:AC",14,50001,64954,0,0,0,0,0,0,0,0,0,0,0,0,0,0,0
100,3,"/home/pqv/data/test/real_discord23.pcap",1660163636.133633,3253,0,"99.178.376.0","99.178.376.0",21,85,43,1,0,0,0,85,43,1,1660163612.795232,"192.168.1.56","66.22.218.76","10:5B:AD:B2:81:B3","D0:6E:DE:6E:F8:AC",14,50001,64954,0,0,0,0,0,0,0,0,0,0,0,0,0,0,0
100,3,"/home/pqv/data/test/real_discord23.pcap",1660163636.143946,3254,0,"99.178.376.0","99.178.376.0",21,70,28,1,70,28,1,0,0,0,1660163612.795232,"192.168.1.56","66.22.218.76","10:5B:AD:B2:81:B3","D0:6E:DE:6E:F8:AC",14,50001,64954,0,0,0,0,0,0,0,0,0,0,0,0,0,0,0
100,3,"/home/pqv/data/test/real_discord23.pcap",1660163636.162660,3255,0,"99.178.376.0","99.178.376.0",21,85,43,1,0,0,0,85,43,1,1660163612.795232,"192.168.1.56","66.22.218.76","10:5B:AD:B2:81:B3","D0:6E:DE:6E:F8:AC",14,50001,64954,0,0,0,0,0,0,0,0,0,0,0,0,0,0,0
100,3,"/home/pqv/data/test/real_discord23.pcap",1660163636.319956,3256,0,"99.178.376.0","99.178.376.0",21,178,136,1,0,0,0,178,136,1,1660163612.795232,"192.168.1.56","66.22.218.76","10:5B:AD:B2:81:B3","D0:6E:DE:6E:F8:AC",14,50001,64954,0,0,0,0,0,0,0,0,0,0,0,0,0,0,0
100,3,"/home/pqv/data/test/real_discord23.pcap",1660163636.359831,3257,0,"99.178.376.0","99.178.376.0",21,177,135,1,0,0,0,177,135,1,1660163612.795232,"192.168.1.56","66.22.218.76","10:5B:AD:B2:81:B3","D0:6E:DE:6E:F8:AC",14,50001,64954,0,0,0,0,0,0,0,0,0,0,0,0,0,0,0
100,3,"/home/pqv/data/test/real_discord23.pcap",1660163636.359831,3258,0,"99.178.376.0","99.178.376.0",21,202,160,1,0,0,0,202,160,1,1660163612.795232,"192.168.1.56","66.22.218.76","10:5B:AD:B2:81:B3","D0:6E:DE:6E:F8:AC",14,50001,64954,0,0,0,0,0,0,0,0,0,0,0,0,0,0,0
100,3,"/home/pqv/data/test/real_discord23.pcap",1660163636.388878,3259,0,"99.178.376.0","99.178.376.0",21,246,204,1,0,0,0,246,204,1,1660163612.795232,"192.168.1.56","66.22.218.76","10:5B:AD:B2:81:B3","D0:6E:DE:6E:F8:AC",14,50001,64954,0,0,0,0,0,0,0,0,0,0,0,0,0,0,0
100,3,"/home/pqv/data/test/real_discord23.pcap",1660163636.398773,3260,0,"99.178.376.0","99.178.376.0",21,235,193,1,0,0,0,235,193,1,1660163612.795232,"192.168.1.56","66.22.218.76","10:5B:AD:B2:81:B3","D0:6E:DE:6E:F8:AC",14,50001,64954,0,0,0,0,0,0,0,0,0,0,0,0,0,0,0
100,3,"/home/pqv/data/test/real_discord23.pcap",1660163636.418337,3261,0,"99.178.376.0","99.178.376.0",21,240,198,1,0,0,0,240,198,1,1660163612.795232,"192.168.1.56","66.22.218.76","10:5B:AD:B2:81:B3","D0:6E:DE:6E:F8:AC",14,50001,64954,0,0,0,0,0,0,0,0,0,0,0,0,0,0,0
100,3,"/home/pqv/data/test/real_discord23.pcap",1660163636.438427,3262,0,"99.178.376.0","99.178.376.0",21,258,216,1,0,0,0,258,216,1,1660163612.795232,"192.168.1.56","66.22.218.76","10:5B:AD:B2:81:B3","D0:6E:DE:6E:F8:AC",14,50001,64954,0,0,0,0,0,0,0,0,0,0,0,0,0,0,0
100,3,"/home/pqv/data/test/real_discord23.pcap",1660163636.458009,3263,0,"99.178.376.0","99.178.376.0",21,262,220,1,0,0,0,262,220,1,1660163612.795232,"192.168.1.56","66.22.218.76","10:5B:AD:B2:81:B3","D0:6E:DE:6E:F8:AC",14,50001,64954,0,0,0,0,0,0,0,0,0,0,0,0,0,0,0
100,3,"/home/pqv/data/test/real_discord23.pcap",1660163636.477731,3264,0,"99.178.376.0","99.178.376.0",21,261,219,1,0,0,0,261,219,1,1660163612.795232,"192.168.1.56","66.22.218.76","10:5B:AD:B2:81:B3","D0:6E:DE:6E:F8:AC",14,50001,64954,0,0,0,0,0,0,0,0,0,0,0,0,0,0,0
100,3,"/home/pqv/data/test/real_discord23.pcap",1660163636.497566,3265,0,"99.178.376.0","99.178.376.0",21,252,210,1,0,0,0,252,210,1,1660163612.795232,"192.168.1.56","66.22.218.76","10:5B:AD:B2:81:B3","D0:6E:DE:6E:F8:AC",14,50001,64954,0,0,0,0,0,0,0,0,0,0,0,0,0,0,0
100,3,"/home/pqv/data/test/real_discord23.pcap",1660163636.516917,3266,0,"99.178.376.0","99.178.376.0",21,243,201,1,0,0,0,243,201,1,1660163612.795232,"192.168.1.56","66.22.218.76","10:5B:AD:B2:81:B3","D0:6E:DE:6E:F8:AC",14,50001,64954,0,0,0,0,0,0,0,0,0,0,0,0,0,0,0
100,3,"/home/pqv/data/test/real_discord23.pcap",1660163636.536884,3267,0,"99.178.376.0","99.178.376.0",21,247,205,1,0,0,0,247,205,1,1660163612.795232,"192.168.1.56","66.22.218.76","10:5B:AD:B2:81:B3","D0:6E:DE:6E:F8:AC",14,50001,64954,0,0,0,0,0,0,0,0,0,0,0,0,0,0,0
100,3,"/home/pqv/data/test/real_discord23.pcap",1660163636.556149,3268,0,"99.178.376.0","99.178.376.0",21,241,199,1,0,0,0,241,199,1,1660163612.795232,"192.168.1.56","66.22.218.76","10:5B:AD:B2:81:B3","D0:6E:DE:6E:F8:AC",14,50001,64954,0,0,0,0,0,0,0,0,0,0,0,0,0,0,0
100,3,"/home/pqv/data/test/real_discord23.pcap",1660163636.585899,3269,0,"99.178.376.0","99.178.376.0",21,230,188,1,0,0,0,230,188,1,1660163612.795232,"192.168.1.56","66.22.218.76","10:5B:AD:B2:81:B3","D0:6E:DE:6E:F8:AC",14,50001,64954,0,0,0,0,0,0,0,0,0,0,0,0,0,0,0
100,3,"/home/pqv/data/test/real_discord23.pcap",1660163636.595662,3270,0,"99.178.376.0","99.178.376.0",21,231,189,1,0,0,0,231,189,1,1660163612.795232,"192.168.1.56","66.22.218.76","10:5B:AD:B2:81:B3","D0:6E:DE:6E:F8:AC",14,50001,64954,0,0,0,0,0,0,0,0,0,0,0,0,0,0,0
100,3,"/home/pqv/data/test/real_discord23.pcap",1660163636.625514,3271,0,"99.178.376.0","99.178.376.0",21,226,184,1,0,0,0,226,184,1,1660163612.795232,"192.168.1.56","66.22.218.76","10:5B:AD:B2:81:B3","D0:6E:DE:6E:F8:AC",14,50001,64954,0,0,0,0,0,0,0,0,0,0,0,0,0,0,0
100,3,"/home/pqv/data/test/real_discord23.pcap",1660163636.634856,3272,0,"99.178.376.0","99.178.376.0",21,243,201,1,0,0,0,243,201,1,1660163612.795232,"192.168.1.56","66.22.218.76","10:5B:AD:B2:81:B3","D0:6E:DE:6E:F8:AC",14,50001,64954,0,0,0,0,0,0,0,0,0,0,0,0,0,0,0
100,3,"/home/pqv/data/test/real_discord23.pcap",1660163636.664885,3273,0,"99.178.376.0","99.178.376.0",21,245,203,1,0,0,0,245,203,1,1660163612.795232,"192.168.1.56","66.22.218.76","10:5B:AD:B2:81:B3","D0:6E:DE:6E:F8:AC",14,50001,64954,0,0,0,0,0,0,0,0,0,0,0,0,0,0,0
100,3,"/home/pqv/data/test/real_discord23.pcap",1660163636.674763,3274,0,"99.178.376.0","99.178.376.0",21,223,181,1,0,0,0,223,181,1,1660163612.795232,"192.168.1.56","66.22.218.76","10:5B:AD:B2:81:B3","D0:6E:DE:6E:F8:AC",14,50001,64954,0,0,0,0,0,0,0,0,0,0,0,0,0,0,0
100,3,"/home/pqv/data/test/real_discord23.pcap",1660163636.703969,3275,0,"99.178.376.0","99.178.376.0",21,216,174,1,0,0,0,216,174,1,1660163612.795232,"192.168.1.56","66.22.218.76","10:5B:AD:B2:81:B3","D0:6E:DE:6E:F8:AC",14,50001,64954,0,0,0,0,0,0,0,0,0,0,0,0,0,0,0
100,3,"/home/pqv/data/test/real_discord23.pcap",1660163636.713552,3276,0,"99.178.376.0","99.178.376.0",21,241,199,1,0,0,0,241,199,1,1660163612.795232,"192.168.1.56","66.22.218.76","10:5B:AD:B2:81:B3","D0:6E:DE:6E:F8:AC",14,50001,64954,0,0,0,0,0,0,0,0,0,0,0,0,0,0,0
100,3,"/home/pqv/data/test/real_discord23.pcap",1660163636.743836,3277,0,"99.178.376.0","99.178.376.0",21,218,176,1,0,0,0,218,176,1,1660163612.795232,"192.168.1.56","66.22.218.76","10:5B:AD:B2:81:B3","D0:6E:DE:6E:F8:AC",14,50001,64954,0,0,0,0,0,0,0,0,0,0,0,0,0,0,0
100,3,"/home/pqv/data/test/real_discord23.pcap",1660163636.763030,3278,0,"99.178.376.0","99.178.376.0",21,204,162,1,0,0,0,204,162,1,1660163612.795232,"192.168.1.56","66.22.218.76","10:5B:AD:B2:81:B3","D0:6E:DE:6E:F8:AC",14,50001,64954,0,0,0,0,0,0,0,0,0,0,0,0,0,0,0
100,3,"/home/pqv/data/test/real_discord23.pcap",1660163636.782576,3279,0,"99.178.376.0","99.178.376.0",21,197,155,1,0,0,0,197,155,1,1660163612.795232,"192.168.1.56","66.22.218.76","10:5B:AD:B2:81:B3","D0:6E:DE:6E:F8:AC",14,50001,64954,0,0,0,0,0,0,0,0,0,0,0,0,0,0,0
100,3,"/home/pqv/data/test/real_discord23.pcap",1660163636.792986,3280,0,"99.178.376.0","99.178.376.0",21,220,178,1,0,0,0,220,178,1,1660163612.795232,"192.168.1.56","66.22.218.76","10:5B:AD:B2:81:B3","D0:6E:DE:6E:F8:AC",14,50001,64954,0,0,0,0,0,0,0,0,0,0,0,0,0,0,0
100,3,"/home/pqv/data/test/real_discord23.pcap",1660163636.822241,3281,0,"99.178.376.0","99.178.376.0",21,209,167,1,0,0,0,209,167,1,1660163612.795232,"192.168.1.56","66.22.218.76","10:5B:AD:B2:81:B3","D0:6E:DE:6E:F8:AC",14,50001,64954,0,0,0,0,0,0,0,0,0,0,0,0,0,0,0
100,3,"/home/pqv/data/test/real_discord23.pcap",1660163636.842057,3282,0,"99.178.376.0","99.178.376.0",21,234,192,1,0,0,0,234,192,1,1660163612.795232,"192.168.1.56","66.22.218.76","10:5B:AD:B2:81:B3","D0:6E:DE:6E:F8:AC",14,50001,64954,0,0,0,0,0,0,0,0,0,0,0,0,0,0,0
100,3,"/home/pqv/data/test/real_discord23.pcap",1660163636.861367,3283,0,"99.178.376.0","99.178.376.0",21,242,200,1,0,0,0,242,200,1,1660163612.795232,"192.168.1.56","66.22.218.76","10:5B:AD:B2:81:B3","D0:6E:DE:6E:F8:AC",14,50001,64954,0,0,0,0,0,0,0,0,0,0,0,0,0,0,0
100,3,"/home/pqv/data/test/real_discord23.pcap",1660163636.881298,3284,0,"99.178.376.0","99.178.376.0",21,237,195,1,0,0,0,237,195,1,1660163612.795232,"192.168.1.56","66.22.218.76","10:5B:AD:B2:81:B3","D0:6E:DE:6E:F8:AC",14,50001,64954,0,0,0,0,0,0,0,0,0,0,0,0,0,0,0
100,3,"/home/pqv/data/test/real_discord23.pcap",1660163636.900768,3285,0,"99.178.376.0","99.178.376.0",21,229,187,1,0,0,0,229,187,1,1660163612.795232,"192.168.1.56","66.22.218.76","10:5B:AD:B2:81:B3","D0:6E:DE:6E:F8:AC",14,50001,64954,0,0,0,0,0,0,0,0,0,0,0,0,0,0,0
100,3,"/home/pqv/data/test/real_discord23.pcap",1660163636.920542,3286,0,"99.178.376.0","99.178.376.0",21,224,182,1,0,0,0,224,182,1,1660163612.795232,"192.168.1.56","66.22.218.76","10:5B:AD:B2:81:B3","D0:6E:DE:6E:F8:AC",14,50001,64954,0,0,0,0,0,0,0,0,0,0,0,0,0,0,0
100,3,"/home/pqv/data/test/real_discord23.pcap",1660163636.931387,3287,0,"99.178.376.0","99.178.376.0",21,94,52,1,0,0,0,94,52,1,1660163612.795232,"192.168.1.56","66.22.218.76","10:5B:AD:B2:81:B3","D0:6E:DE:6E:F8:AC",14,50001,64954,0,0,0,0,0,0,0,0,0,0,0,0,0,0,0
100,3,"/home/pqv/data/test/real_discord23.pcap",1660163636.940157,3288,0,"99.178.376.0","99.178.376.0",21,241,199,1,0,0,0,241,199,1,1660163612.795232,"192.168.1.56","66.22.218.76","10:5B:AD:B2:81:B3","D0:6E:DE:6E:F8:AC",14,50001,64954,0,0,0,0,0,0,0,0,0,0,0,0,0,0,0
100,3,"/home/pqv/data/test/real_discord23.pcap",1660163636.960148,3289,0,"99.178.376.0","99.178.376.0",21,235,193,1,0,0,0,235,193,1,1660163612.795232,"192.168.1.56","66.22.218.76","10:5B:AD:B2:81:B3","D0:6E:DE:6E:F8:AC",14,50001,64954,0,0,0,0,0,0,0,0,0,0,0,0,0,0,0
100,3,"/home/pqv/data/test/real_discord23.pcap",1660163636.979656,3290,0,"99.178.376.0","99.178.376.0",21,243,201,1,0,0,0,243,201,1,1660163612.795232,"192.168.1.56","66.22.218.76","10:5B:AD:B2:81:B3","D0:6E:DE:6E:F8:AC",14,50001,64954,0,0,0,0,0,0,0,0,0,0,0,0,0,0,0
100,3,"/home/pqv/data/test/real_discord23.pcap",1660163636.999764,3292,0,"99.178.376.0","99.178.376.0",21,253,211,1,0,0,0,253,211,1,1660163612.795232,"192.168.1.56","66.22.218.76","10:5B:AD:B2:81:B3","D0:6E:DE:6E:F8:AC",14,50001,64954,0,0,0,0,0,0,0,0,0,0,0,0,0,0,0
100,3,"/home/pqv/data/test/real_discord23.pcap",1660163637.019205,3293,0,"99.178.376.0","99.178.376.0",21,233,191,1,0,0,0,233,191,1,1660163612.795232,"192.168.1.56","66.22.218.76","10:5B:AD:B2:81:B3","D0:6E:DE:6E:F8:AC",14,50001,64954,0,0,0,0,0,0,0,0,0,0,0,0,0,0,0
100,3,"/home/pqv/data/test/real_discord23.pcap",1660163637.038676,3294,0,"99.178.376.0","99.178.376.0",21,236,194,1,0,0,0,236,194,1,1660163612.795232,"192.168.1.56","66.22.218.76","10:5B:AD:B2:81:B3","D0:6E:DE:6E:F8:AC",14,50001,64954,0,0,0,0,0,0,0,0,0,0,0,0,0,0,0
100,3,"/home/pqv/data/test/real_discord23.pcap",1660163637.058670,3295,0,"99.178.376.0","99.178.376.0",21,228,186,1,0,0,0,228,186,1,1660163612.795232,"192.168.1.56","66.22.218.76","10:5B:AD:B2:81:B3","D0:6E:DE:6E:F8:AC",14,50001,64954,0,0,0,0,0,0,0,0,0,0,0,0,0,0,0
100,3,"/home/pqv/data/test/real_discord23.pcap",1660163637.078209,3296,0,"99.178.376.0","99.178.376.0",21,222,180,1,0,0,0,222,180,1,1660163612.795232,"192.168.1.56","66.22.218.76","10:5B:AD:B2:81:B3","D0:6E:DE:6E:F8:AC",14,50001,64954,0,0,0,0,0,0,0,0,0,0,0,0,0,0,0
100,3,"/home/pqv/data/test/real_discord23.pcap",1660163637.097748,3297,0,"99.178.376.0","99.178.376.0",21,208,166,1,0,0,0,208,166,1,1660163612.795232,"192.168.1.56","66.22.218.76","10:5B:AD:B2:81:B3","D0:6E:DE:6E:F8:AC",14,50001,64954,0,0,0,0,0,0,0,0,0,0,0,0,0,0,0
100,3,"/home/pqv/data/test/real_discord23.pcap",1660163637.117732,3298,0,"99.178.376.0","99.178.376.0",21,175,133,1,0,0,0,175,133,1,1660163612.795232,"192.168.1.56","66.22.218.76","10:5B:AD:B2:81:B3","D0:6E:DE:6E:F8:AC",14,50001,64954,0,0,0,0,0,0,0,0,0,0,0,0,0,0,0
100,3,"/home/pqv/data/test/real_discord23.pcap",1660163637.147149,3299,0,"99.178.376.0","99.178.376.0",21,162,120,1,0,0,0,162,120,1,1660163612.795232,"192.168.1.56","66.22.218.76","10:5B:AD:B2:81:B3","D0:6E:DE:6E:F8:AC",14,50001,64954,0,0,0,0,0,0,0,0,0,0,0,0,0,0,0
100,3,"/home/pqv/data/test/real_discord23.pcap",1660163637.156738,3300,0,"99.178.376.0","99.178.376.0",21,152,110,1,0,0,0,152,110,1,1660163612.795232,"192.168.1.56","66.22.218.76","10:5B:AD:B2:81:B3","D0:6E:DE:6E:F8:AC",14,50001,64954,0,0,0,0,0,0,0,0,0,0,0,0,0,0,0
100,3,"/home/pqv/data/test/real_discord23.pcap",1660163637.176337,3301,0,"99.178.376.0","99.178.376.0",21,156,114,1,0,0,0,156,114,1,1660163612.795232,"192.168.1.56","66.22.218.76","10:5B:AD:B2:81:B3","D0:6E:DE:6E:F8:AC",14,50001,64954,0,0,0,0,0,0,0,0,0,0,0,0,0,0,0
100,3,"/home/pqv/data/test/real_discord23.pcap",1660163637.196243,3302,0,"99.178.376.0","99.178.376.0",21,145,103,1,0,0,0,145,103,1,1660163612.795232,"192.168.1.56","66.22.218.76","10:5B:AD:B2:81:B3","D0:6E:DE:6E:F8:AC",14,50001,64954,0,0,0,0,0,0,0,0,0,0,0,0,0,0,0
100,3,"/home/pqv/data/test/real_discord23.pcap",1660163637.225896,3303,0,"99.178.376.0","99.178.376.0",21,150,108,1,0,0,0,150,108,1,1660163612.795232,"192.168.1.56","66.22.218.76","10:5B:AD:B2:81:B3","D0:6E:DE:6E:F8:AC",14,50001,64954,0,0,0,0,0,0,0,0,0,0,0,0,0,0,0
100,3,"/home/pqv/data/test/real_discord23.pcap",1660163637.247950,3304,0,"99.178.376.0","99.178.376.0",21,137,95,1,0,0,0,137,95,1,1660163612.795232,"192.168.1.56","66.22.218.76","10:5B:AD:B2:81:B3","D0:6E:DE:6E:F8:AC",14,50001,64954,0,0,0,0,0,0,0,0,0,0,0,0,0,0,0
100,3,"/home/pqv/data/test/real_discord23.pcap",1660163637.255588,3305,0,"99.178.376.0","99.178.376.0",21,137,95,1,0,0,0,137,95,1,1660163612.795232,"192.168.1.56","66.22.218.76","10:5B:AD:B2:81:B3","D0:6E:DE:6E:F8:AC",14,50001,64954,0,0,0,0,0,0,0,0,0,0,0,0,0,0,0
100,3,"/home/pqv/data/test/real_discord23.pcap",1660163637.284705,3306,0,"99.178.376.0","99.178.376.0",21,134,92,1,0,0,0,134,92,1,1660163612.795232,"192.168.1.56","66.22.218.76","10:5B:AD:B2:81:B3","D0:6E:DE:6E:F8:AC",14,50001,64954,0,0,0,0,0,0,0,0,0,0,0,0,0,0,0
100,3,"/home/pqv/data/test/real_discord23.pcap",1660163637.304536,3307,0,"99.178.376.0","99.178.376.0",21,134,92,1,0,0,0,134,92,1,1660163612.795232,"192.168.1.56","66.22.218.76","10:5B:AD:B2:81:B3","D0:6E:DE:6E:F8:AC",14,50001,64954,0,0,0,0,0,0,0,0,0,0,0,0,0,0,0
100,3,"/home/pqv/data/test/real_discord23.pcap",1660163637.324410,3308,0,"99.178.376.0","99.178.376.0",21,85,43,1,0,0,0,85,43,1,1660163612.795232,"192.168.1.56","66.22.218.76","10:5B:AD:B2:81:B3","D0:6E:DE:6E:F8:AC",14,50001,64954,0,0,0,0,0,0,0,0,0,0,0,0,0,0,0
100,3,"/home/pqv/data/test/real_discord23.pcap",1660163637.333788,3309,0,"99.178.376.0","99.178.376.0",21,85,43,1,0,0,0,85,43,1,1660163612.795232,"192.168.1.56","66.22.218.76","10:5B:AD:B2:81:B3","D0:6E:DE:6E:F8:AC",14,50001,64954,0,0,0,0,0,0,0,0,0,0,0,0,0,0,0
100,3,"/home/pqv/data/test/real_discord23.pcap",1660163637.363930,3310,0,"99.178.376.0","99.178.376.0",21,85,43,1,0,0,0,85,43,1,1660163612.795232,"192.168.1.56","66.22.218.76","10:5B:AD:B2:81:B3","D0:6E:DE:6E:F8:AC",14,50001,64954,0,0,0,0,0,0,0,0,0,0,0,0,0,0,0
100,3,"/home/pqv/data/test/real_discord23.pcap",1660163637.383661,3311,0,"99.178.376.0","99.178.376.0",21,135,93,1,0,0,0,135,93,1,1660163612.795232,"192.168.1.56","66.22.218.76","10:5B:AD:B2:81:B3","D0:6E:DE:6E:F8:AC",14,50001,64954,0,0,0,0,0,0,0,0,0,0,0,0,0,0,0
100,3,"/home/pqv/data/test/real_discord23.pcap",1660163637.393712,3312,0,"99.178.376.0","99.178.376.0",21,140,98,1,0,0,0,140,98,1,1660163612.795232,"192.168.1.56","66.22.218.76","10:5B:AD:B2:81:B3","D0:6E:DE:6E:F8:AC",14,50001,64954,0,0,0,0,0,0,0,0,0,0,0,0,0,0,0
100,3,"/home/pqv/data/test/real_discord23.pcap",1660163637.423565,3313,0,"99.178.376.0","99.178.376.0",21,209,167,1,0,0,0,209,167,1,1660163612.795232,"192.168.1.56","66.22.218.76","10:5B:AD:B2:81:B3","D0:6E:DE:6E:F8:AC",14,50001,64954,0,0,0,0,0,0,0,0,0,0,0,0,0,0,0
100,3,"/home/pqv/data/test/real_discord23.pcap",1660163637.432400,3314,0,"99.178.376.0","99.178.376.0",21,235,193,1,0,0,0,235,193,1,1660163612.795232,"192.168.1.56","66.22.218.76","10:5B:AD:B2:81:B3","D0:6E:DE:6E:F8:AC",14,50001,64954,0,0,0,0,0,0,0,0,0,0,0,0,0,0,0
100,3,"/home/pqv/data/test/real_discord23.pcap",1660163637.451302,3315,0,"99.178.376.0","99.178.376.0",21,94,52,1,94,52,1,0,0,0,1660163612.795232,"192.168.1.56","66.22.218.76","10:5B:AD:B2:81:B3","D0:6E:DE:6E:F8:AC",14,50001,64954,0,0,0,0,0,0,0,0,0,0,0,0,0,0,0
100,3,"/home/pqv/data/test/real_discord23.pcap",1660163637.461931,3316,0,"99.178.376.0","99.178.376.0",21,238,196,1,0,0,0,238,196,1,1660163612.795232,"192.168.1.56","66.22.218.76","10:5B:AD:B2:81:B3","D0:6E:DE:6E:F8:AC",14,50001,64954,0,0,0,0,0,0,0,0,0,0,0,0,0,0,0
100,3,"/home/pqv/data/test/real_discord23.pcap",1660163637.481999,3317,0,"99.178.376.0","99.178.376.0",21,250,208,1,0,0,0,250,208,1,1660163612.795232,"192.168.1.56","66.22.218.76","10:5B:AD:B2:81:B3","D0:6E:DE:6E:F8:AC",14,50001,64954,0,0,0,0,0,0,0,0,0,0,0,0,0,0,0
100,3,"/home/pqv/data/test/real_discord23.pcap",1660163637.501960,3318,0,"99.178.376.0","99.178.376.0",21,243,201,1,0,0,0,243,201,1,1660163612.795232,"192.168.1.56","66.22.218.76","10:5B:AD:B2:81:B3","D0:6E:DE:6E:F8:AC",14,50001,64954,0,0,0,0,0,0,0,0,0,0,0,0,0,0,0
100,3,"/home/pqv/data/test/real_discord23.pcap",1660163637.512223,3319,0,"99.178.376.0","99.178.376.0",21,247,205,1,0,0,0,247,205,1,1660163612.795232,"192.168.1.56","66.22.218.76","10:5B:AD:B2:81:B3","D0:6E:DE:6E:F8:AC",14,50001,64954,0,0,0,0,0,0,0,0,0,0,0,0,0,0,0
100,3,"/home/pqv/data/test/real_discord23.pcap",1660163637.540631,3320,0,"99.178.376.0","99.178.376.0",21,251,209,1,0,0,0,251,209,1,1660163612.795232,"192.168.1.56","66.22.218.76","10:5B:AD:B2:81:B3","D0:6E:DE:6E:F8:AC",14,50001,64954,0,0,0,0,0,0,0,0,0,0,0,0,0,0,0
100,3,"/home/pqv/data/test/real_discord23.pcap",1660163637.560566,3321,0,"99.178.376.0","99.178.376.0",21,257,215,1,0,0,0,257,215,1,1660163612.795232,"192.168.1.56","66.22.218.76","10:5B:AD:B2:81:B3","D0:6E:DE:6E:F8:AC",14,50001,64954,0,0,0,0,0,0,0,0,0,0,0,0,0,0,0
100,3,"/home/pqv/data/test/real_discord23.pcap",1660163637.580239,3322,0,"99.178.376.0","99.178.376.0",21,245,203,1,0,0,0,245,203,1,1660163612.795232,"192.168.1.56","66.22.218.76","10:5B:AD:B2:81:B3","D0:6E:DE:6E:F8:AC",14,50001,64954,0,0,0,0,0,0,0,0,0,0,0,0,0,0,0
100,3,"/home/pqv/data/test/real_discord23.pcap",1660163637.599995,3323,0,"99.178.376.0","99.178.376.0",21,260,218,1,0,0,0,260,218,1,1660163612.795232,"192.168.1.56","66.22.218.76","10:5B:AD:B2:81:B3","D0:6E:DE:6E:F8:AC",14,50001,64954,0,0,0,0,0,0,0,0,0,0,0,0,0,0,0
100,3,"/home/pqv/data/test/real_discord23.pcap",1660163637.620130,3324,0,"99.178.376.0","99.178.376.0",21,245,203,1,0,0,0,245,203,1,1660163612.795232,"192.168.1.56","66.22.218.76","10:5B:AD:B2:81:B3","D0:6E:DE:6E:F8:AC",14,50001,64954,0,0,0,0,0,0,0,0,0,0,0,0,0,0,0
100,3,"/home/pqv/data/test/real_discord23.pcap",1660163637.640221,3325,0,"99.178.376.0","99.178.376.0",21,255,213,1,0,0,0,255,213,1,1660163612.795232,"192.168.1.56","66.22.218.76","10:5B:AD:B2:81:B3","D0:6E:DE:6E:F8:AC",14,50001,64954,0,0,0,0,0,0,0,0,0,0,0,0,0,0,0
100,3,"/home/pqv/data/test/real_discord23.pcap",1660163637.658649,3326,0,"99.178.376.0","99.178.376.0",21,239,197,1,0,0,0,239,197,1,1660163612.795232,"192.168.1.56","66.22.218.76","10:5B:AD:B2:81:B3","D0:6E:DE:6E:F8:AC",14,50001,64954,0,0,0,0,0,0,0,0,0,0,0,0,0,0,0
100,3,"/home/pqv/data/test/real_discord23.pcap",1660163637.678650,3327,0,"99.178.376.0","99.178.376.0",21,235,193,1,0,0,0,235,193,1,1660163612.795232,"192.168.1.56","66.22.218.76","10:5B:AD:B2:81:B3","D0:6E:DE:6E:F8:AC",14,50001,64954,0,0,0,0,0,0,0,0,0,0,0,0,0,0,0
100,3,"/home/pqv/data/test/real_discord23.pcap",1660163637.698725,3328,0,"99.178.376.0","99.178.376.0",21,245,203,1,0,0,0,245,203,1,1660163612.795232,"192.168.1.56","66.22.218.76","10:5B:AD:B2:81:B3","D0:6E:DE:6E:F8:AC",14,50001,64954,0,0,0,0,0,0,0,0,0,0,0,0,0,0,0
100,3,"/home/pqv/data/test/real_discord23.pcap",1660163637.717854,3329,0,"99.178.376.0","99.178.376.0",21,244,202,1,0,0,0,244,202,1,1660163612.795232,"192.168.1.56","66.22.218.76","10:5B:AD:B2:81:B3","D0:6E:DE:6E:F8:AC",14,50001,64954,0,0,0,0,0,0,0,0,0,0,0,0,0,0,0
100,3,"/home/pqv/data/test/real_discord23.pcap",1660163637.737617,3330,0,"99.178.376.0","99.178.376.0",21,252,210,1,0,0,0,252,210,1,1660163612.795232,"192.168.1.56","66.22.218.76","10:5B:AD:B2:81:B3","D0:6E:DE:6E:F8:AC",14,50001,64954,0,0,0,0,0,0,0,0,0,0,0,0,0,0,0
100,3,"/home/pqv/data/test/real_discord23.pcap",1660163637.757476,3331,0,"99.178.376.0","99.178.376.0",21,238,196,1,0,0,0,238,196,1,1660163612.795232,"192.168.1.56","66.22.218.76","10:5B:AD:B2:81:B3","D0:6E:DE:6E:F8:AC",14,50001,64954,0,0,0,0,0,0,0,0,0,0,0,0,0,0,0
100,3,"/home/pqv/data/test/real_discord23.pcap",1660163637.777370,3332,0,"99.178.376.0","99.178.376.0",21,256,214,1,0,0,0,256,214,1,1660163612.795232,"192.168.1.56","66.22.218.76","10:5B:AD:B2:81:B3","D0:6E:DE:6E:F8:AC",14,50001,64954,0,0,0,0,0,0,0,0,0,0,0,0,0,0,0
100,3,"/home/pqv/data/test/real_discord23.pcap",1660163637.796694,3333,0,"99.178.376.0","99.178.376.0",21,256,214,1,0,0,0,256,214,1,1660163612.795232,"192.168.1.56","66.22.218.76","10:5B:AD:B2:81:B3","D0:6E:DE:6E:F8:AC",14,50001,64954,0,0,0,0,0,0,0,0,0,0,0,0,0,0,0
100,3,"/home/pqv/data/test/real_discord23.pcap",1660163637.816571,3334,0,"99.178.376.0","99.178.376.0",21,247,205,1,0,0,0,247,205,1,1660163612.795232,"192.168.1.56","66.22.218.76","10:5B:AD:B2:81:B3","D0:6E:DE:6E:F8:AC",14,50001,64954,0,0,0,0,0,0,0,0,0,0,0,0,0,0,0
100,3,"/home/pqv/data/test/real_discord23.pcap",1660163637.836553,3335,0,"99.178.376.0","99.178.376.0",21,239,197,1,0,0,0,239,197,1,1660163612.795232,"192.168.1.56","66.22.218.76","10:5B:AD:B2:81:B3","D0:6E:DE:6E:F8:AC",14,50001,64954,0,0,0,0,0,0,0,0,0,0,0,0,0,0,0
100,3,"/home/pqv/data/test/real_discord23.pcap",1660163637.855830,3336,0,"99.178.376.0","99.178.376.0",21,242,200,1,0,0,0,242,200,1,1660163612.795232,"192.168.1.56","66.22.218.76","10:5B:AD:B2:81:B3","D0:6E:DE:6E:F8:AC",14,50001,64954,0,0,0,0,0,0,0,0,0,0,0,0,0,0,0
100,3,"/home/pqv/data/test/real_discord23.pcap",1660163637.875603,3337,0,"99.178.376.0","99.178.376.0",21,246,204,1,0,0,0,246,204,1,1660163612.795232,"192.168.1.56","66.22.218.76","10:5B:AD:B2:81:B3","D0:6E:DE:6E:F8:AC",14,50001,64954,0,0,0,0,0,0,0,0,0,0,0,0,0,0,0
100,3,"/home/pqv/data/test/real_discord23.pcap",1660163637.905419,3338,0,"99.178.376.0","99.178.376.0",21,262,220,1,0,0,0,262,220,1,1660163612.795232,"192.168.1.56","66.22.218.76","10:5B:AD:B2:81:B3","D0:6E:DE:6E:F8:AC",14,50001,64954,0,0,0,0,0,0,0,0,0,0,0,0,0,0,0
100,3,"/home/pqv/data/test/real_discord23.pcap",1660163637.914724,3339,0,"99.178.376.0","99.178.376.0",21,252,210,1,0,0,0,252,210,1,1660163612.795232,"192.168.1.56","66.22.218.76","10:5B:AD:B2:81:B3","D0:6E:DE:6E:F8:AC",14,50001,64954,0,0,0,0,0,0,0,0,0,0,0,0,0,0,0
100,3,"/home/pqv/data/test/real_discord23.pcap",1660163637.931336,3340,0,"99.178.376.0","99.178.376.0",21,94,52,1,0,0,0,94,52,1,1660163612.795232,"192.168.1.56","66.22.218.76","10:5B:AD:B2:81:B3","D0:6E:DE:6E:F8:AC",14,50001,64954,0,0,0,0,0,0,0,0,0,0,0,0,0,0,0
100,3,"/home/pqv/data/test/real_discord23.pcap",1660163637.934910,3341,0,"99.178.376.0","99.178.376.0",21,251,209,1,0,0,0,251,209,1,1660163612.795232,"192.168.1.56","66.22.218.76","10:5B:AD:B2:81:B3","D0:6E:DE:6E:F8:AC",14,50001,64954,0,0,0,0,0,0,0,0,0,0,0,0,0,0,0
100,3,"/home/pqv/data/test/real_discord23.pcap",1660163637.943999,3342,0,"99.178.376.0","99.178.376.0",21,94,52,1,94,52,1,0,0,0,1660163612.795232,"192.168.1.56","66.22.218.76","10:5B:AD:B2:81:B3","D0:6E:DE:6E:F8:AC",14,50001,64954,0,0,0,0,0,0,0,0,0,0,0,0,0,0,0
100,3,"/home/pqv/data/test/real_discord23.pcap",1660163637.954163,3343,0,"99.178.376.0","99.178.376.0",21,260,218,1,0,0,0,260,218,1,1660163612.795232,"192.168.1.56","66.22.218.76","10:5B:AD:B2:81:B3","D0:6E:DE:6E:F8:AC",14,50001,64954,0,0,0,0,0,0,0,0,0,0,0,0,0,0,0
100,3,"/home/pqv/data/test/real_discord23.pcap",1660163637.987650,3344,0,"99.178.376.0","99.178.376.0",21,257,215,1,0,0,0,257,215,1,1660163612.795232,"192.168.1.56","66.22.218.76","10:5B:AD:B2:81:B3","D0:6E:DE:6E:F8:AC",14,50001,64954,0,0,0,0,0,0,0,0,0,0,0,0,0,0,0
100,3,"/home/pqv/data/test/real_discord23.pcap",1660163637.994323,3345,0,"99.178.376.0","99.178.376.0",21,241,199,1,0,0,0,241,199,1,1660163612.795232,"192.168.1.56","66.22.218.76","10:5B:AD:B2:81:B3","D0:6E:DE:6E:F8:AC",14,50001,64954,0,0,0,0,0,0,0,0,0,0,0,0,0,0,0
100,3,"/home/pqv/data/test/real_discord23.pcap",1660163638.023877,3347,0,"99.178.376.0","99.178.376.0",21,237,195,1,0,0,0,237,195,1,1660163612.795232,"192.168.1.56","66.22.218.76","10:5B:AD:B2:81:B3","D0:6E:DE:6E:F8:AC",14,50001,64954,0,0,0,0,0,0,0,0,0,0,0,0,0,0,0
100,3,"/home/pqv/data/test/real_discord23.pcap",1660163638.032998,3348,0,"99.178.376.0","99.178.376.0",21,248,206,1,0,0,0,248,206,1,1660163612.795232,"192.168.1.56","66.22.218.76","10:5B:AD:B2:81:B3","D0:6E:DE:6E:F8:AC",14,50001,64954,0,0,0,0,0,0,0,0,0,0,0,0,0,0,0
100,3,"/home/pqv/data/test/real_discord23.pcap",1660163638.062447,3349,0,"99.178.376.0","99.178.376.0",21,257,215,1,0,0,0,257,215,1,1660163612.795232,"192.168.1.56","66.22.218.76","10:5B:AD:B2:81:B3","D0:6E:DE:6E:F8:AC",14,50001,64954,0,0,0,0,0,0,0,0,0,0,0,0,0,0,0
100,3,"/home/pqv/data/test/real_discord23.pcap",1660163638.072567,3350,0,"99.178.376.0","99.178.376.0",21,250,208,1,0,0,0,250,208,1,1660163612.795232,"192.168.1.56","66.22.218.76","10:5B:AD:B2:81:B3","D0:6E:DE:6E:F8:AC",14,50001,64954,0,0,0,0,0,0,0,0,0,0,0,0,0,0,0
100,3,"/home/pqv/data/test/real_discord23.pcap",1660163638.101864,3351,0,"99.178.376.0","99.178.376.0",21,247,205,1,0,0,0,247,205,1,1660163612.795232,"192.168.1.56","66.22.218.76","10:5B:AD:B2:81:B3","D0:6E:DE:6E:F8:AC",14,50001,64954,0,0,0,0,0,0,0,0,0,0,0,0,0,0,0
100,3,"/home/pqv/data/test/real_discord23.pcap",1660163638.121897,3352,0,"99.178.376.0","99.178.376.0",21,255,213,1,0,0,0,255,213,1,1660163612.795232,"192.168.1.56","66.22.218.76","10:5B:AD:B2:81:B3","D0:6E:DE:6E:F8:AC",14,50001,64954,0,0,0,0,0,0,0,0,0,0,0,0,0,0,0
100,3,"/home/pqv/data/test/real_discord23.pcap",1660163638.141718,3353,0,"99.178.376.0","99.178.376.0",21,239,197,1,0,0,0,239,197,1,1660163612.795232,"192.168.1.56","66.22.218.76","10:5B:AD:B2:81:B3","D0:6E:DE:6E:F8:AC",14,50001,64954,0,0,0,0,0,0,0,0,0,0,0,0,0,0,0
100,3,"/home/pqv/data/test/real_discord23.pcap",1660163638.161203,3354,0,"99.178.376.0","99.178.376.0",21,245,203,1,0,0,0,245,203,1,1660163612.795232,"192.168.1.56","66.22.218.76","10:5B:AD:B2:81:B3","D0:6E:DE:6E:F8:AC",14,50001,64954,0,0,0,0,0,0,0,0,0,0,0,0,0,0,0
100,3,"/home/pqv/data/test/real_discord23.pcap",1660163638.180862,3355,0,"99.178.376.0","99.178.376.0",21,252,210,1,0,0,0,252,210,1,1660163612.795232,"192.168.1.56","66.22.218.76","10:5B:AD:B2:81:B3","D0:6E:DE:6E:F8:AC",14,50001,64954,0,0,0,0,0,0,0,0,0,0,0,0,0,0,0
100,3,"/home/pqv/data/test/real_discord23.pcap",1660163638.200594,3356,0,"99.178.376.0","99.178.376.0",21,259,217,1,0,0,0,259,217,1,1660163612.795232,"192.168.1.56","66.22.218.76","10:5B:AD:B2:81:B3","D0:6E:DE:6E:F8:AC",14,50001,64954,0,0,0,0,0,0,0,0,0,0,0,0,0,0,0
100,3,"/home/pqv/data/test/real_discord23.pcap",1660163638.220277,3357,0,"99.178.376.0","99.178.376.0",21,250,208,1,0,0,0,250,208,1,1660163612.795232,"192.168.1.56","66.22.218.76","10:5B:AD:B2:81:B3","D0:6E:DE:6E:F8:AC",14,50001,64954,0,0,0,0,0,0,0,0,0,0,0,0,0,0,0
100,3,"/home/pqv/data/test/real_discord23.pcap",1660163638.240327,3358,0,"99.178.376.0","99.178.376.0",21,247,205,1,0,0,0,247,205,1,1660163612.795232,"192.168.1.56","66.22.218.76","10:5B:AD:B2:81:B3","D0:6E:DE:6E:F8:AC",14,50001,64954,0,0,0,0,0,0,0,0,0,0,0,0,0,0,0
100,3,"/home/pqv/data/test/real_discord23.pcap",1660163638.269532,3359,0,"99.178.376.0","99.178.376.0",21,249,207,1,0,0,0,249,207,1,1660163612.795232,"192.168.1.56","66.22.218.76","10:5B:AD:B2:81:B3","D0:6E:DE:6E:F8:AC",14,50001,64954,0,0,0,0,0,0,0,0,0,0,0,0,0,0,0
100,3,"/home/pqv/data/test/real_discord23.pcap",1660163638.279637,3360,0,"99.178.376.0","99.178.376.0",21,247,205,1,0,0,0,247,205,1,1660163612.795232,"192.168.1.56","66.22.218.76","10:5B:AD:B2:81:B3","D0:6E:DE:6E:F8:AC",14,50001,64954,0,0,0,0,0,0,0,0,0,0,0,0,0,0,0
100,3,"/home/pqv/data/test/real_discord23.pcap",1660163638.298949,3361,0,"99.178.376.0","99.178.376.0",21,240,198,1,0,0,0,240,198,1,1660163612.795232,"192.168.1.56","66.22.218.76","10:5B:AD:B2:81:B3","D0:6E:DE:6E:F8:AC",14,50001,64954,0,0,0,0,0,0,0,0,0,0,0,0,0,0,0
100,3,"/home/pqv/data/test/real_discord23.pcap",1660163638.318670,3362,0,"99.178.376.0","99.178.376.0",21,230,188,1,0,0,0,230,188,1,1660163612.795232,"192.168.1.56","66.22.218.76","10:5B:AD:B2:81:B3","D0:6E:DE:6E:F8:AC",14,50001,64954,0,0,0,0,0,0,0,0,0,0,0,0,0,0,0
100,3,"/home/pqv/data/test/real_discord23.pcap",1660163638.338732,3363,0,"99.178.376.0","99.178.376.0",21,227,185,1,0,0,0,227,185,1,1660163612.795232,"192.168.1.56","66.22.218.76","10:5B:AD:B2:81:B3","D0:6E:DE:6E:F8:AC",14,50001,64954,0,0,0,0,0,0,0,0,0,0,0,0,0,0,0
100,3,"/home/pqv/data/test/real_discord23.pcap",1660163638.359011,3364,0,"99.178.376.0","99.178.376.0",21,209,167,1,0,0,0,209,167,1,1660163612.795232,"192.168.1.56","66.22.218.76","10:5B:AD:B2:81:B3","D0:6E:DE:6E:F8:AC",14,50001,64954,0,0,0,0,0,0,0,0,0,0,0,0,0,0,0
100,3,"/home/pqv/data/test/real_discord23.pcap",1660163638.377932,3365,0,"99.178.376.0","99.178.376.0",21,184,142,1,0,0,0,184,142,1,1660163612.795232,"192.168.1.56","66.22.218.76","10:5B:AD:B2:81:B3","D0:6E:DE:6E:F8:AC",14,50001,64954,0,0,0,0,0,0,0,0,0,0,0,0,0,0,0
100,3,"/home/pqv/data/test/real_discord23.pcap",1660163638.397442,3366,0,"99.178.376.0","99.178.376.0",21,170,128,1,0,0,0,170,128,1,1660163612.795232,"192.168.1.56","66.22.218.76","10:5B:AD:B2:81:B3","D0:6E:DE:6E:F8:AC",14,50001,64954,0,0,0,0,0,0,0,0,0,0,0,0,0,0,0
100,3,"/home/pqv/data/test/real_discord23.pcap",1660163638.417196,3367,0,"99.178.376.0","99.178.376.0",21,156,114,1,0,0,0,156,114,1,1660163612.795232,"192.168.1.56","66.22.218.76","10:5B:AD:B2:81:B3","D0:6E:DE:6E:F8:AC",14,50001,64954,0,0,0,0,0,0,0,0,0,0,0,0,0,0,0
100,3,"/home/pqv/data/test/real_discord23.pcap",1660163638.436731,3368,0,"99.178.376.0","99.178.376.0",21,192,150,1,0,0,0,192,150,1,1660163612.795232,"192.168.1.56","66.22.218.76","10:5B:AD:B2:81:B3","D0:6E:DE:6E:F8:AC",14,50001,64954,0,0,0,0,0,0,0,0,0,0,0,0,0,0,0
100,3,"/home/pqv/data/test/real_discord23.pcap",1660163638.456817,3369,0,"99.178.376.0","99.178.376.0",21,240,198,1,0,0,0,240,198,1,1660163612.795232,"192.168.1.56","66.22.218.76","10:5B:AD:B2:81:B3","D0:6E:DE:6E:F8:AC",14,50001,64954,0,0,0,0,0,0,0,0,0,0,0,0,0,0,0
100,3,"/home/pqv/data/test/real_discord23.pcap",1660163638.476753,3370,0,"99.178.376.0","99.178.376.0",21,201,159,1,0,0,0,201,159,1,1660163612.795232,"192.168.1.56","66.22.218.76","10:5B:AD:B2:81:B3","D0:6E:DE:6E:F8:AC",14,50001,64954,0,0,0,0,0,0,0,0,0,0,0,0,0,0,0
100,3,"/home/pqv/data/test/real_discord23.pcap",1660163638.496040,3371,0,"99.178.376.0","99.178.376.0",21,205,163,1,0,0,0,205,163,1,1660163612.795232,"192.168.1.56","66.22.218.76","10:5B:AD:B2:81:B3","D0:6E:DE:6E:F8:AC",14,50001,64954,0,0,0,0,0,0,0,0,0,0,0,0,0,0,0
100,3,"/home/pqv/data/test/real_discord23.pcap",1660163638.527087,3372,0,"99.178.376.0","99.178.376.0",21,234,192,1,0,0,0,234,192,1,1660163612.795232,"192.168.1.56","66.22.218.76","10:5B:AD:B2:81:B3","D0:6E:DE:6E:F8:AC",14,50001,64954,0,0,0,0,0,0,0,0,0,0,0,0,0,0,0
100,3,"/home/pqv/data/test/real_discord23.pcap",1660163638.535314,3373,0,"99.178.376.0","99.178.376.0",21,173,131,1,0,0,0,173,131,1,1660163612.795232,"192.168.1.56","66.22.218.76","10:5B:AD:B2:81:B3","D0:6E:DE:6E:F8:AC",14,50001,64954,0,0,0,0,0,0,0,0,0,0,0,0,0,0,0
100,3,"/home/pqv/data/test/real_discord23.pcap",1660163638.564907,3374,0,"99.178.376.0","99.178.376.0",21,144,102,1,0,0,0,144,102,1,1660163612.795232,"192.168.1.56","66.22.218.76","10:5B:AD:B2:81:B3","D0:6E:DE:6E:F8:AC",14,50001,64954,0,0,0,0,0,0,0,0,0,0,0,0,0,0,0
100,3,"/home/pqv/data/test/real_discord23.pcap",1660163638.574715,3375,0,"99.178.376.0","99.178.376.0",21,143,101,1,0,0,0,143,101,1,1660163612.795232,"192.168.1.56","66.22.218.76","10:5B:AD:B2:81:B3","D0:6E:DE:6E:F8:AC",14,50001,64954,0,0,0,0,0,0,0,0,0,0,0,0,0,0,0
100,3,"/home/pqv/data/test/real_discord23.pcap",1660163638.604043,3376,0,"99.178.376.0","99.178.376.0",21,85,43,1,0,0,0,85,43,1,1660163612.795232,"192.168.1.56","66.22.218.76","10:5B:AD:B2:81:B3","D0:6E:DE:6E:F8:AC",14,50001,64954,0,0,0,0,0,0,0,0,0,0,0,0,0,0,0
100,3,"/home/pqv/data/test/real_discord23.pcap",1660163638.614077,3377,0,"99.178.376.0","99.178.376.0",21,85,43,1,0,0,0,85,43,1,1660163612.795232,"192.168.1.56","66.22.218.76","10:5B:AD:B2:81:B3","D0:6E:DE:6E:F8:AC",14,50001,64954,0,0,0,0,0,0,0,0,0,0,0,0,0,0,0
100,3,"/home/pqv/data/test/real_discord23.pcap",1660163638.643759,3378,0,"99.178.376.0","99.178.376.0",21,85,43,1,0,0,0,85,43,1,1660163612.795232,"192.168.1.56","66.22.218.76","10:5B:AD:B2:81:B3","D0:6E:DE:6E:F8:AC",14,50001,64954,0,0,0,0,0,0,0,0,0,0,0,0,0,0,0
100,3,"/home/pqv/data/test/real_discord23.pcap",1660163638.653515,3379,0,"99.178.376.0","99.178.376.0",21,85,43,1,0,0,0,85,43,1,1660163612.795232,"192.168.1.56","66.22.218.76","10:5B:AD:B2:81:B3","D0:6E:DE:6E:F8:AC",14,50001,64954,0,0,0,0,0,0,0,0,0,0,0,0,0,0,0
100,3,"/home/pqv/data/test/real_discord23.pcap",1660163638.682939,3380,0,"99.178.376.0","99.178.376.0",21,85,43,1,0,0,0,85,43,1,1660163612.795232,"192.168.1.56","66.22.218.76","10:5B:AD:B2:81:B3","D0:6E:DE:6E:F8:AC",14,50001,64954,0,0,0,0,0,0,0,0,0,0,0,0,0,0,0
100,3,"/home/pqv/data/test/real_discord23.pcap",1660163638.692702,3381,0,"99.178.376.0","99.178.376.0",21,85,43,1,0,0,0,85,43,1,1660163612.795232,"192.168.1.56","66.22.218.76","10:5B:AD:B2:81:B3","D0:6E:DE:6E:F8:AC",14,50001,64954,0,0,0,0,0,0,0,0,0,0,0,0,0,0,0
100,3,"/home/pqv/data/test/real_discord23.pcap",1660163638.722283,3382,0,"99.178.376.0","99.178.376.0",21,85,43,1,0,0,0,85,43,1,1660163612.795232,"192.168.1.56","66.22.218.76","10:5B:AD:B2:81:B3","D0:6E:DE:6E:F8:AC",14,50001,64954,0,0,0,0,0,0,0,0,0,0,0,0,0,0,0
100,3,"/home/pqv/data/test/real_discord23.pcap",1660163638.732082,3383,0,"99.178.376.0","99.178.376.0",21,85,43,1,0,0,0,85,43,1,1660163612.795232,"192.168.1.56","66.22.218.76","10:5B:AD:B2:81:B3","D0:6E:DE:6E:F8:AC",14,50001,64954,0,0,0,0,0,0,0,0,0,0,0,0,0,0,0
100,3,"/home/pqv/data/test/real_discord23.pcap",1660163638.761702,3384,0,"99.178.376.0","99.178.376.0",21,85,43,1,0,0,0,85,43,1,1660163612.795232,"192.168.1.56","66.22.218.76","10:5B:AD:B2:81:B3","D0:6E:DE:6E:F8:AC",14,50001,64954,0,0,0,0,0,0,0,0,0,0,0,0,0,0,0
100,3,"/home/pqv/data/test/real_discord23.pcap",1660163638.772662,3385,0,"99.178.376.0","99.178.376.0",21,85,43,1,0,0,0,85,43,1,1660163612.795232,"192.168.1.56","66.22.218.76","10:5B:AD:B2:81:B3","D0:6E:DE:6E:F8:AC",14,50001,64954,0,0,0,0,0,0,0,0,0,0,0,0,0,0,0
100,3,"/home/pqv/data/test/real_discord23.pcap",1660163638.895887,3386,0,"99.178.376.0","99.178.376.0",21,102,60,1,102,60,1,0,0,0,1660163612.795232,"192.168.1.56","66.22.218.76","10:5B:AD:B2:81:B3","D0:6E:DE:6E:F8:AC",14,50001,64954,0,0,0,0,0,0,0,0,0,0,0,0,0,0,0
100,3,"/home/pqv/data/test/real_discord23.pcap",1660163638.931664,3387,0,"99.178.376.0","99.178.376.0",21,94,52,1,0,0,0,94,52,1,1660163612.795232,"192.168.1.56","66.22.218.76","10:5B:AD:B2:81:B3","D0:6E:DE:6E:F8:AC",14,50001,64954,0,0,0,0,0,0,0,0,0,0,0,0,0,0,0
100,3,"/home/pqv/data/test/real_discord23.pcap",1660163639.156146,3389,0,"99.178.354.0","99.178.354.0",21,222,168,1,222,168,1,0,0,0,1660163593.913898,"162.159.130.234","192.168.1.56","D0:6E:DE:6E:F8:AC","10:5B:AD:B2:81:B3",2,60263,443,0,0,0,0,0,5739552,0,5739552,0,5739552,0,0,0,0,0
100,3,"/home/pqv/data/test/real_discord23.pcap",1660163639.205532,3390,0,"99.178.354.0","99.178.354.0",21,54,0,1,0,0,0,54,0,1,1660163593.913898,"162.159.130.234","192.168.1.56","D0:6E:DE:6E:F8:AC","10:5B:AD:B2:81:B3",2,60263,443,0,0,0,0,49386,0,49386,0,49386,0,0,0,0,0,0
100,3,"/home/pqv/data/test/real_discord23.pcap",1660163639.443760,3391,0,"99.178.354.0","99.178.354.0",21,115,61,1,115,61,1,0,0,0,1660163598.193779,"192.168.1.56","162.159.128.235","10:5B:AD:B2:81:B3","D0:6E:DE:6E:F8:AC",4,443,49469,0,0,0,0,4196023,0,4196023,0,4196023,0,0,0,0,0,0
100,3,"/home/pqv/data/test/real_discord23.pcap",1660163639.453054,3392,0,"99.178.354.0","99.178.354.0",21,60,0,1,0,0,0,60,0,1,1660163598.193779,"192.168.1.56","162.159.128.235","10:5B:AD:B2:81:B3","D0:6E:DE:6E:F8:AC",4,443,49469,0,0,0,0,0,9294,0,9294,0,9294,0,0,0,0,0
100,3,"/home/pqv/data/test/real_discord23.pcap",1660163639.553304,3393,0,"99.178.354.0","99.178.354.0",21,139,85,1,139,85,1,0,0,0,1660163598.193779,"192.168.1.56","162.159.128.235","10:5B:AD:B2:81:B3","D0:6E:DE:6E:F8:AC",4,443,49469,0,0,0,0,100250,0,100250,0,100250,0,0,0,0,0,0
100,3,"/home/pqv/data/test/real_discord23.pcap",1660163639.554294,3394,0,"99.178.376.0","99.178.376.0",21,259,217,1,259,217,1,0,0,0,1660163612.795232,"192.168.1.56","66.22.218.76","10:5B:AD:B2:81:B3","D0:6E:DE:6E:F8:AC",14,50001,64954,0,0,0,0,0,0,0,0,0,0,0,0,0,0,0
100,3,"/home/pqv/data/test/real_discord23.pcap",1660163639.563899,3395,0,"99.178.354.0","99.178.354.0",21,60,0,1,0,0,0,60,0,1,1660163598.193779,"192.168.1.56","162.159.128.235","10:5B:AD:B2:81:B3","D0:6E:DE:6E:F8:AC",4,443,49469,0,0,0,0,0,10595,0,10595,0,10595,0,0,0,0,0
100,3,"/home/pqv/data/test/real_discord23.pcap",1660163639.574907,3396,0,"99.178.376.0","99.178.376.0",21,252,210,1,252,210,1,0,0,0,1660163612.795232,"192.168.1.56","66.22.218.76","10:5B:AD:B2:81:B3","D0:6E:DE:6E:F8:AC",14,50001,64954,0,0,0,0,0,0,0,0,0,0,0,0,0,0,0
100,3,"/home/pqv/data/test/real_discord23.pcap",1660163639.595407,3397,0,"99.178.376.0","99.178.376.0",21,248,206,1,248,206,1,0,0,0,1660163612.795232,"192.168.1.56","66.22.218.76","10:5B:AD:B2:81:B3","D0:6E:DE:6E:F8:AC",14,50001,64954,0,0,0,0,0,0,0,0,0,0,0,0,0,0,0
100,3,"/home/pqv/data/test/real_discord23.pcap",1660163639.615973,3398,0,"99.178.376.0","99.178.376.0",21,243,201,1,243,201,1,0,0,0,1660163612.795232,"192.168.1.56","66.22.218.76","10:5B:AD:B2:81:B3","D0:6E:DE:6E:F8:AC",14,50001,64954,0,0,0,0,0,0,0,0,0,0,0,0,0,0,0
100,3,"/home/pqv/data/test/real_discord23.pcap",1660163639.633017,3399,0,"99.178.376.0","99.178.376.0",21,238,196,1,238,196,1,0,0,0,1660163612.795232,"192.168.1.56","66.22.218.76","10:5B:AD:B2:81:B3","D0:6E:DE:6E:F8:AC",14,50001,64954,0,0,0,0,0,0,0,0,0,0,0,0,0,0,0
100,3,"/home/pqv/data/test/real_discord23.pcap",1660163639.653396,3400,0,"99.178.354.0","99.178.354.0",21,111,57,1,0,0,0,111,57,1,1660163598.193779,"192.168.1.56","162.159.128.235","10:5B:AD:B2:81:B3","D0:6E:DE:6E:F8:AC",4,443,49469,0,0,0,0,0,0,0,0,0,0,0,0,0,0,0
100,3,"/home/pqv/data/test/real_discord23.pcap",1660163639.655750,3401,0,"99.178.376.0","99.178.376.0",21,240,198,1,240,198,1,0,0,0,1660163612.795232,"192.168.1.56","66.22.218.76","10:5B:AD:B2:81:B3","D0:6E:DE:6E:F8:AC",14,50001,64954,0,0,0,0,0,0,0,0,0,0,0,0,0,0,0
100,3,"/home/pqv/data/test/real_discord23.pcap",1660163639.678058,3402,0,"99.178.376.0","99.178.376.0",21,252,210,1,252,210,1,0,0,0,1660163612.795232,"192.168.1.56","66.22.218.76","10:5B:AD:B2:81:B3","D0:6E:DE:6E:F8:AC",14,50001,64954,0,0,0,0,0,0,0,0,0,0,0,0,0,0,0
100,3,"/home/pqv/data/test/real_discord23.pcap",1660163639.694432,3403,0,"99.178.376.0","99.178.376.0",21,254,212,1,254,212,1,0,0,0,1660163612.795232,"192.168.1.56","66.22.218.76","10:5B:AD:B2:81:B3","D0:6E:DE:6E:F8:AC",14,50001,64954,0,0,0,0,0,0,0,0,0,0,0,0,0,0,0
100,3,"/home/pqv/data/test/real_discord23.pcap",1660163639.708374,3404,0,"99.178.354.0","99.178.354.0",21,54,0,1,54,0,1,0,0,0,1660163598.193779,"192.168.1.56","162.159.128.235","10:5B:AD:B2:81:B3","D0:6E:DE:6E:F8:AC",4,443,49469,0,0,0,0,54978,0,54978,0,54978,0,0,0,0,0,0
100,3,"/home/pqv/data/test/real_discord23.pcap",1660163639.716702,3405,0,"99.178.376.0","99.178.376.0",21,248,206,1,248,206,1,0,0,0,1660163612.795232,"192.168.1.56","66.22.218.76","10:5B:AD:B2:81:B3","D0:6E:DE:6E:F8:AC",14,50001,64954,0,0,0,0,0,0,0,0,0,0,0,0,0,0,0
100,3,"/home/pqv/data/test/real_discord23.pcap",1660163639.734111,3406,0,"99.178.376.0","99.178.376.0",21,241,199,1,241,199,1,0,0,0,1660163612.795232,"192.168.1.56","66.22.218.76","10:5B:AD:B2:81:B3","D0:6E:DE:6E:F8:AC",14,50001,64954,0,0,0,0,0,0,0,0,0,0,0,0,0,0,0
100,3,"/home/pqv/data/test/real_discord23.pcap",1660163639.756512,3407,0,"99.178.376.0","99.178.376.0",21,246,204,1,246,204,1,0,0,0,1660163612.795232,"192.168.1.56","66.22.218.76","10:5B:AD:B2:81:B3","D0:6E:DE:6E:F8:AC",14,50001,64954,0,0,0,0,0,0,0,0,0,0,0,0,0,0,0
100,3,"/home/pqv/data/test/real_discord23.pcap",1660163639.778186,3408,0,"99.178.376.0","99.178.376.0",21,240,198,1,240,198,1,0,0,0,1660163612.795232,"192.168.1.56","66.22.218.76","10:5B:AD:B2:81:B3","D0:6E:DE:6E:F8:AC",14,50001,64954,0,0,0,0,0,0,0,0,0,0,0,0,0,0,0
100,3,"/home/pqv/data/test/real_discord23.pcap",1660163639.796477,3409,0,"99.178.376.0","99.178.376.0",21,237,195,1,237,195,1,0,0,0,1660163612.795232,"192.168.1.56","66.22.218.76","10:5B:AD:B2:81:B3","D0:6E:DE:6E:F8:AC",14,50001,64954,0,0,0,0,0,0,0,0,0,0,0,0,0,0,0
100,3,"/home/pqv/data/test/real_discord23.pcap",1660163639.813279,3410,0,"99.178.376.0","99.178.376.0",21,237,195,1,237,195,1,0,0,0,1660163612.795232,"192.168.1.56","66.22.218.76","10:5B:AD:B2:81:B3","D0:6E:DE:6E:F8:AC",14,50001,64954,0,0,0,0,0,0,0,0,0,0,0,0,0,0,0
100,3,"/home/pqv/data/test/real_discord23.pcap",1660163639.816234,3411,0,"99.178.376.0","99.178.376.0",21,132,90,1,0,0,0,132,90,1,1660163612.795232,"192.168.1.56","66.22.218.76","10:5B:AD:B2:81:B3","D0:6E:DE:6E:F8:AC",14,50001,64954,0,0,0,0,0,0,0,0,0,0,0,0,0,0,0
100,3,"/home/pqv/data/test/real_discord23.pcap",1660163639.834084,3412,0,"99.178.376.0","99.178.376.0",21,251,209,1,251,209,1,0,0,0,1660163612.795232,"192.168.1.56","66.22.218.76","10:5B:AD:B2:81:B3","D0:6E:DE:6E:F8:AC",14,50001,64954,0,0,0,0,0,0,0,0,0,0,0,0,0,0,0
100,3,"/home/pqv/data/test/real_discord23.pcap",1660163639.834956,3413,0,"99.178.376.0","99.178.376.0",21,193,151,1,0,0,0,193,151,1,1660163612.795232,"192.168.1.56","66.22.218.76","10:5B:AD:B2:81:B3","D0:6E:DE:6E:F8:AC",14,50001,64954,0,0,0,0,0,0,0,0,0,0,0,0,0,0,0
100,3,"/home/pqv/data/test/real_discord23.pcap",1660163639.854702,3414,0,"99.178.376.0","99.178.376.0",21,224,182,1,0,0,0,224,182,1,1660163612.795232,"192.168.1.56","66.22.218.76","10:5B:AD:B2:81:B3","D0:6E:DE:6E:F8:AC",14,50001,64954,0,0,0,0,0,0,0,0,0,0,0,0,0,0,0
100,3,"/home/pqv/data/test/real_discord23.pcap",1660163639.856239,3415,0,"99.178.376.0","99.178.376.0",21,252,210,1,252,210,1,0,0,0,1660163612.795232,"192.168.1.56","66.22.218.76","10:5B:AD:B2:81:B3","D0:6E:DE:6E:F8:AC",14,50001,64954,0,0,0,0,0,0,0,0,0,0,0,0,0,0,0
100,3,"/home/pqv/data/test/real_discord23.pcap",1660163639.872223,3416,0,"99.178.376.0","99.178.376.0",21,247,205,1,247,205,1,0,0,0,1660163612.795232,"192.168.1.56","66.22.218.76","10:5B:AD:B2:81:B3","D0:6E:DE:6E:F8:AC",14,50001,64954,0,0,0,0,0,0,0,0,0,0,0,0,0,0,0
100,3,"/home/pqv/data/test/real_discord23.pcap",1660163639.874163,3417,0,"99.178.376.0","99.178.376.0",21,219,177,1,0,0,0,219,177,1,1660163612.795232,"192.168.1.56","66.22.218.76","10:5B:AD:B2:81:B3","D0:6E:DE:6E:F8:AC",14,50001,64954,0,0,0,0,0,0,0,0,0,0,0,0,0,0,0
100,3,"/home/pqv/data/test/real_discord23.pcap",1660163639.893562,3418,0,"99.178.376.0","99.178.376.0",21,253,211,1,253,211,1,0,0,0,1660163612.795232,"192.168.1.56","66.22.218.76","10:5B:AD:B2:81:B3","D0:6E:DE:6E:F8:AC",14,50001,64954,0,0,0,0,0,0,0,0,0,0,0,0,0,0,0
100,3,"/home/pqv/data/test/real_discord23.pcap",1660163639.904080,3419,0,"99.178.376.0","99.178.376.0",21,239,197,1,0,0,0,239,197,1,1660163612.795232,"192.168.1.56","66.22.218.76","10:5B:AD:B2:81:B3","D0:6E:DE:6E:F8:AC",14,50001,64954,0,0,0,0,0,0,0,0,0,0,0,0,0,0,0
100,3,"/home/pqv/data/test/real_discord23.pcap",1660163639.913750,3420,0,"99.178.376.0","99.178.376.0",21,239,197,1,0,0,0,239,197,1,1660163612.795232,"192.168.1.56","66.22.218.76","10:5B:AD:B2:81:B3","D0:6E:DE:6E:F8:AC",14,50001,64954,0,0,0,0,0,0,0,0,0,0,0,0,0,0,0
100,3,"/home/pqv/data/test/real_discord23.pcap",1660163639.916969,3421,0,"99.178.376.0","99.178.376.0",21,242,200,1,242,200,1,0,0,0,1660163612.795232,"192.168.1.56","66.22.218.76","10:5B:AD:B2:81:B3","D0:6E:DE:6E:F8:AC",14,50001,64954,0,0,0,0,0,0,0,0,0,0,0,0,0,0,0
100,3,"/home/pqv/data/test/real_discord23.pcap",1660163639.931458,3422,0,"99.178.376.0","99.178.376.0",21,94,52,1,0,0,0,94,52,1,1660163612.795232,"192.168.1.56","66.22.218.76","10:5B:AD:B2:81:B3","D0:6E:DE:6E:F8:AC",14,50001,64954,0,0,0,0,0,0,0,0,0,0,0,0,0,0,0
100,3,"/home/pqv/data/test/real_discord23.pcap",1660163639.933934,3423,0,"99.178.376.0","99.178.376.0",21,234,192,1,234,192,1,0,0,0,1660163612.795232,"192.168.1.56","66.22.218.76","10:5B:AD:B2:81:B3","D0:6E:DE:6E:F8:AC",14,50001,64954,0,0,0,0,0,0,0,0,0,0,0,0,0,0,0
100,3,"/home/pqv/data/test/real_discord23.pcap",1660163639.943492,3424,0,"99.178.376.0","99.178.376.0",21,229,187,1,0,0,0,229,187,1,1660163612.795232,"192.168.1.56","66.22.218.76","10:5B:AD:B2:81:B3","D0:6E:DE:6E:F8:AC",14,50001,64954,0,0,0,0,0,0,0,0,0,0,0,0,0,0,0
100,3,"/home/pqv/data/test/real_discord23.pcap",1660163639.953190,3425,0,"99.178.376.0","99.178.376.0",21,248,206,1,0,0,0,248,206,1,1660163612.795232,"192.168.1.56","66.22.218.76","10:5B:AD:B2:81:B3","D0:6E:DE:6E:F8:AC",14,50001,64954,0,0,0,0,0,0,0,0,0,0,0,0,0,0,0
100,3,"/home/pqv/data/test/real_discord23.pcap",1660163639.955681,3426,0,"99.178.376.0","99.178.376.0",21,233,191,1,233,191,1,0,0,0,1660163612.795232,"192.168.1.56","66.22.218.76","10:5B:AD:B2:81:B3","D0:6E:DE:6E:F8:AC",14,50001,64954,0,0,0,0,0,0,0,0,0,0,0,0,0,0,0
100,3,"/home/pqv/data/test/real_discord23.pcap",1660163639.976928,3428,0,"99.178.376.0","99.178.376.0",21,244,202,1,244,202,1,0,0,0,1660163612.795232,"192.168.1.56","66.22.218.76","10:5B:AD:B2:81:B3","D0:6E:DE:6E:F8:AC",14,50001,64954,0,0,0,0,0,0,0,0,0,0,0,0,0,0,0
100,3,"/home/pqv/data/test/real_discord23.pcap",1660163639.983012,3429,0,"99.178.376.0","99.178.376.0",21,239,197,1,0,0,0,239,197,1,1660163612.795232,"192.168.1.56","66.22.218.76","10:5B:AD:B2:81:B3","D0:6E:DE:6E:F8:AC",14,50001,64954,0,0,0,0,0,0,0,0,0,0,0,0,0,0,0
100,3,"/home/pqv/data/test/real_discord23.pcap",1660163639.994329,3430,0,"99.178.376.0","99.178.376.0",21,255,213,1,255,213,1,0,0,0,1660163612.795232,"192.168.1.56","66.22.218.76","10:5B:AD:B2:81:B3","D0:6E:DE:6E:F8:AC",14,50001,64954,0,0,0,0,0,0,0,0,0,0,0,0,0,0,0
100,3,"/home/pqv/data/test/real_discord23.pcap",1660163640.012569,3431,0,"99.178.376.0","99.178.376.0",21,242,200,1,0,0,0,242,200,1,1660163612.795232,"192.168.1.56","66.22.218.76","10:5B:AD:B2:81:B3","D0:6E:DE:6E:F8:AC",14,50001,64954,0,0,0,0,0,0,0,0,0,0,0,0,0,0,0
100,3,"/home/pqv/data/test/real_discord23.pcap",1660163640.017288,3432,0,"99.178.376.0","99.178.376.0",21,250,208,1,250,208,1,0,0,0,1660163612.795232,"192.168.1.56","66.22.218.76","10:5B:AD:B2:81:B3","D0:6E:DE:6E:F8:AC",14,50001,64954,0,0,0,0,0,0,0,0,0,0,0,0,0,0,0
100,3,"/home/pqv/data/test/real_discord23.pcap",1660163640.027189,3433,0,"99.178.376.0","99.178.376.0",21,248,206,1,0,0,0,248,206,1,1660163612.795232,"192.168.1.56","66.22.218.76","10:5B:AD:B2:81:B3","D0:6E:DE:6E:F8:AC",14,50001,64954,0,0,0,0,0,0,0,0,0,0,0,0,0,0,0
100,3,"/home/pqv/data/test/real_discord23.pcap",1660163640.032516,3434,0,"99.178.376.0","99.178.376.0",21,245,203,1,0,0,0,245,203,1,1660163612.795232,"192.168.1.56","66.22.218.76","10:5B:AD:B2:81:B3","D0:6E:DE:6E:F8:AC",14,50001,64954,0,0,0,0,0,0,0,0,0,0,0,0,0,0,0
100,3,"/home/pqv/data/test/real_discord23.pcap",1660163640.034926,3435,0,"99.178.376.0","99.178.376.0",21,247,205,1,247,205,1,0,0,0,1660163612.795232,"192.168.1.56","66.22.218.76","10:5B:AD:B2:81:B3","D0:6E:DE:6E:F8:AC",14,50001,64954,0,0,0,0,0,0,0,0,0,0,0,0,0,0,0
100,3,"/home/pqv/data/test/real_discord23.pcap",1660163640.057200,3436,0,"99.178.376.0","99.178.376.0",21,254,212,1,254,212,1,0,0,0,1660163612.795232,"192.168.1.56","66.22.218.76","10:5B:AD:B2:81:B3","D0:6E:DE:6E:F8:AC",14,50001,64954,0,0,0,0,0,0,0,0,0,0,0,0,0,0,0
100,3,"/home/pqv/data/test/real_discord23.pcap",1660163640.061431,3437,0,"99.178.376.0","99.178.376.0",21,240,198,1,0,0,0,240,198,1,1660163612.795232,"192.168.1.56","66.22.218.76","10:5B:AD:B2:81:B3","D0:6E:DE:6E:F8:AC",14,50001,64954,0,0,0,0,0,0,0,0,0,0,0,0,0,0,0
100,3,"/home/pqv/data/test/real_discord23.pcap",1660163640.073998,3438,0,"99.178.376.0","99.178.376.0",21,85,43,1,85,43,1,0,0,0,1660163612.795232,"192.168.1.56","66.22.218.76","10:5B:AD:B2:81:B3","D0:6E:DE:6E:F8:AC",14,50001,64954,0,0,0,0,0,0,0,0,0,0,0,0,0,0,0
100,3,"/home/pqv/data/test/real_discord23.pcap",1660163640.075921,3439,0,"99.178.354.0","99.178.354.0",21,139,85,1,139,85,1,0,0,0,1660163598.193779,"192.168.1.56","162.159.128.235","10:5B:AD:B2:81:B3","D0:6E:DE:6E:F8:AC",4,443,49469,0,0,0,0,0,0,0,0,0,0,0,0,0,0,0
100,3,"/home/pqv/data/test/real_discord23.pcap",1660163640.081559,3440,0,"99.178.376.0","99.178.376.0",21,231,189,1,0,0,0,231,189,1,1660163612.795232,"192.168.1.56","66.22.218.76","10:5B:AD:B2:81:B3","D0:6E:DE:6E:F8:AC",14,50001,64954,0,0,0,0,0,0,0,0,0,0,0,0,0,0,0
100,3,"/home/pqv/data/test/real_discord23.pcap",1660163640.083635,3441,0,"99.178.354.0","99.178.354.0",21,60,0,1,0,0,0,60,0,1,1660163598.193779,"192.168.1.56","162.159.128.235","10:5B:AD:B2:81:B3","D0:6E:DE:6E:F8:AC",4,443,49469,0,0,0,0,0,7714,0,7714,0,7714,0,0,0,0,0
100,3,"/home/pqv/data/test/real_discord23.pcap",1660163640.095901,3442,0,"99.178.376.0","99.178.376.0",21,85,43,1,85,43,1,0,0,0,1660163612.795232,"192.168.1.56","66.22.218.76","10:5B:AD:B2:81:B3","D0:6E:DE:6E:F8:AC",14,50001,64954,0,0,0,0,0,0,0,0,0,0,0,0,0,0,0
100,3,"/home/pqv/data/test/real_discord23.pcap",1660163640.116540,3443,0,"99.178.376.0","99.178.376.0",21,85,43,1,85,43,1,0,0,0,1660163612.795232,"192.168.1.56","66.22.218.76","10:5B:AD:B2:81:B3","D0:6E:DE:6E:F8:AC",14,50001,64954,0,0,0,0,0,0,0,0,0,0,0,0,0,0,0
100,3,"/home/pqv/data/test/real_discord23.pcap",1660163640.130314,3444,0,"99.178.376.0","99.178.376.0",21,238,196,1,0,0,0,238,196,1,1660163612.795232,"192.168.1.56","66.22.218.76","10:5B:AD:B2:81:B3","D0:6E:DE:6E:F8:AC",14,50001,64954,0,0,0,0,0,0,0,0,0,0,0,0,0,0,0
100,3,"/home/pqv/data/test/real_discord23.pcap",1660163640.130314,3445,0,"99.178.376.0","99.178.376.0",21,243,201,1,0,0,0,243,201,1,1660163612.795232,"192.168.1.56","66.22.218.76","10:5B:AD:B2:81:B3","D0:6E:DE:6E:F8:AC",14,50001,64954,0,0,0,0,0,0,0,0,0,0,0,0,0,0,0
100,3,"/home/pqv/data/test/real_discord23.pcap",1660163640.133130,3446,0,"99.178.376.0","99.178.376.0",21,85,43,1,85,43,1,0,0,0,1660163612.795232,"192.168.1.56","66.22.218.76","10:5B:AD:B2:81:B3","D0:6E:DE:6E:F8:AC",14,50001,64954,0,0,0,0,0,0,0,0,0,0,0,0,0,0,0
100,3,"/home/pqv/data/test/real_discord23.pcap",1660163640.140331,3447,0,"99.178.376.0","99.178.376.0",21,245,203,1,0,0,0,245,203,1,1660163612.795232,"192.168.1.56","66.22.218.76","10:5B:AD:B2:81:B3","D0:6E:DE:6E:F8:AC",14,50001,64954,0,0,0,0,0,0,0,0,0,0,0,0,0,0,0
100,3,"/home/pqv/data/test/real_discord23.pcap",1660163640.154688,3448,0,"99.178.376.0","99.178.376.0",21,85,43,1,85,43,1,0,0,0,1660163612.795232,"192.168.1.56","66.22.218.76","10:5B:AD:B2:81:B3","D0:6E:DE:6E:F8:AC",14,50001,64954,0,0,0,0,0,0,0,0,0,0,0,0,0,0,0
100,3,"/home/pqv/data/test/real_discord23.pcap",1660163640.169711,3449,0,"99.178.376.0","99.178.376.0",21,233,191,1,0,0,0,233,191,1,1660163612.795232,"192.168.1.56","66.22.218.76","10:5B:AD:B2:81:B3","D0:6E:DE:6E:F8:AC",14,50001,64954,0,0,0,0,0,0,0,0,0,0,0,0,0,0,0
100,3,"/home/pqv/data/test/real_discord23.pcap",1660163640.176155,3450,0,"99.178.376.0","99.178.376.0",21,85,43,1,85,43,1,0,0,0,1660163612.795232,"192.168.1.56","66.22.218.76","10:5B:AD:B2:81:B3","D0:6E:DE:6E:F8:AC",14,50001,64954,0,0,0,0,0,0,0,0,0,0,0,0,0,0,0
100,3,"/home/pqv/data/test/real_discord23.pcap",1660163640.192368,3451,0,"99.178.376.0","99.178.376.0",21,85,43,1,85,43,1,0,0,0,1660163612.795232,"192.168.1.56","66.22.218.76","10:5B:AD:B2:81:B3","D0:6E:DE:6E:F8:AC",14,50001,64954,0,0,0,0,0,0,0,0,0,0,0,0,0,0,0
100,3,"/home/pqv/data/test/real_discord23.pcap",1660163640.199626,3452,0,"99.178.376.0","99.178.376.0",21,257,215,1,0,0,0,257,215,1,1660163612.795232,"192.168.1.56","66.22.218.76","10:5B:AD:B2:81:B3","D0:6E:DE:6E:F8:AC",14,50001,64954,0,0,0,0,0,0,0,0,0,0,0,0,0,0,0
100,3,"/home/pqv/data/test/real_discord23.pcap",1660163640.199626,3453,0,"99.178.376.0","99.178.376.0",21,258,216,1,0,0,0,258,216,1,1660163612.795232,"192.168.1.56","66.22.218.76","10:5B:AD:B2:81:B3","D0:6E:DE:6E:F8:AC",14,50001,64954,0,0,0,0,0,0,0,0,0,0,0,0,0,0,0
100,3,"/home/pqv/data/test/real_discord23.pcap",1660163640.215062,3454,0,"99.178.376.0","99.178.376.0",21,85,43,1,85,43,1,0,0,0,1660163612.795232,"192.168.1.56","66.22.218.76","10:5B:AD:B2:81:B3","D0:6E:DE:6E:F8:AC",14,50001,64954,0,0,0,0,0,0,0,0,0,0,0,0,0,0,0
100,3,"/home/pqv/data/test/real_discord23.pcap",1660163640.219046,3455,0,"99.178.376.0","99.178.376.0",21,238,196,1,0,0,0,238,196,1,1660163612.795232,"192.168.1.56","66.22.218.76","10:5B:AD:B2:81:B3","D0:6E:DE:6E:F8:AC",14,50001,64954,0,0,0,0,0,0,0,0,0,0,0,0,0,0,0
100,3,"/home/pqv/data/test/real_discord23.pcap",1660163640.237752,3456,0,"99.178.376.0","99.178.376.0",21,85,43,1,85,43,1,0,0,0,1660163612.795232,"192.168.1.56","66.22.218.76","10:5B:AD:B2:81:B3","D0:6E:DE:6E:F8:AC",14,50001,64954,0,0,0,0,0,0,0,0,0,0,0,0,0,0,0
100,3,"/home/pqv/data/test/real_discord23.pcap",1660163640.238638,3457,0,"99.178.376.0","99.178.376.0",21,217,175,1,0,0,0,217,175,1,1660163612.795232,"192.168.1.56","66.22.218.76","10:5B:AD:B2:81:B3","D0:6E:DE:6E:F8:AC",14,50001,64954,0,0,0,0,0,0,0,0,0,0,0,0,0,0,0
100,3,"/home/pqv/data/test/real_discord23.pcap",1660163640.254105,3458,0,"99.178.376.0","99.178.376.0",21,85,43,1,85,43,1,0,0,0,1660163612.795232,"192.168.1.56","66.22.218.76","10:5B:AD:B2:81:B3","D0:6E:DE:6E:F8:AC",14,50001,64954,0,0,0,0,0,0,0,0,0,0,0,0,0,0,0
100,3,"/home/pqv/data/test/real_discord23.pcap",1660163640.278164,3459,0,"99.178.376.0","99.178.376.0",21,207,165,1,0,0,0,207,165,1,1660163612.795232,"192.168.1.56","66.22.218.76","10:5B:AD:B2:81:B3","D0:6E:DE:6E:F8:AC",14,50001,64954,0,0,0,0,0,0,0,0,0,0,0,0,0,0,0
100,3,"/home/pqv/data/test/real_discord23.pcap",1660163640.278164,3460,0,"99.178.376.0","99.178.376.0",21,211,169,1,0,0,0,211,169,1,1660163612.795232,"192.168.1.56","66.22.218.76","10:5B:AD:B2:81:B3","D0:6E:DE:6E:F8:AC",14,50001,64954,0,0,0,0,0,0,0,0,0,0,0,0,0,0,0
100,3,"/home/pqv/data/test/real_discord23.pcap",1660163640.284232,3461,0,"99.178.376.0","99.178.376.0",21,70,28,1,70,28,1,0,0,0,1660163612.795232,"192.168.1.56","66.22.218.76","10:5B:AD:B2:81:B3","D0:6E:DE:6E:F8:AC",14,50001,64954,0,0,0,0,0,0,0,0,0,0,0,0,0,0,0
100,3,"/home/pqv/data/test/real_discord23.pcap",1660163640.307766,3462,0,"99.178.376.0","99.178.376.0",21,195,153,1,0,0,0,195,153,1,1660163612.795232,"192.168.1.56","66.22.218.76","10:5B:AD:B2:81:B3","D0:6E:DE:6E:F8:AC",14,50001,64954,0,0,0,0,0,0,0,0,0,0,0,0,0,0,0
100,3,"/home/pqv/data/test/real_discord23.pcap",1660163640.317183,3463,0,"99.178.376.0","99.178.376.0",21,159,117,1,0,0,0,159,117,1,1660163612.795232,"192.168.1.56","66.22.218.76","10:5B:AD:B2:81:B3","D0:6E:DE:6E:F8:AC",14,50001,64954,0,0,0,0,0,0,0,0,0,0,0,0,0,0,0
100,3,"/home/pqv/data/test/real_discord23.pcap",1660163640.337097,3464,0,"99.178.376.0","99.178.376.0",21,157,115,1,0,0,0,157,115,1,1660163612.795232,"192.168.1.56","66.22.218.76","10:5B:AD:B2:81:B3","D0:6E:DE:6E:F8:AC",14,50001,64954,0,0,0,0,0,0,0,0,0,0,0,0,0,0,0
100,3,"/home/pqv/data/test/real_discord23.pcap",1660163640.356942,3465,0,"99.178.376.0","99.178.376.0",21,152,110,1,0,0,0,152,110,1,1660163612.795232,"192.168.1.56","66.22.218.76","10:5B:AD:B2:81:B3","D0:6E:DE:6E:F8:AC",14,50001,64954,0,0,0,0,0,0,0,0,0,0,0,0,0,0,0
100,3,"/home/pqv/data/test/real_discord23.pcap",1660163640.386667,3466,0,"99.178.376.0","99.178.376.0",21,149,107,1,0,0,0,149,107,1,1660163612.795232,"192.168.1.56","66.22.218.76","10:5B:AD:B2:81:B3","D0:6E:DE:6E:F8:AC",14,50001,64954,0,0,0,0,0,0,0,0,0,0,0,0,0,0,0
100,3,"/home/pqv/data/test/real_discord23.pcap",1660163640.427603,3467,0,"99.178.376.0","99.178.376.0",21,177,135,1,0,0,0,177,135,1,1660163612.795232,"192.168.1.56","66.22.218.76","10:5B:AD:B2:81:B3","D0:6E:DE:6E:F8:AC",14,50001,64954,0,0,0,0,0,0,0,0,0,0,0,0,0,0,0
100,3,"/home/pqv/data/test/real_discord23.pcap",1660163640.427603,3468,0,"99.178.376.0","99.178.376.0",21,160,118,1,0,0,0,160,118,1,1660163612.795232,"192.168.1.56","66.22.218.76","10:5B:AD:B2:81:B3","D0:6E:DE:6E:F8:AC",14,50001,64954,0,0,0,0,0,0,0,0,0,0,0,0,0,0,0
100,3,"/home/pqv/data/test/real_discord23.pcap",1660163640.435664,3469,0,"99.178.376.0","99.178.376.0",21,153,111,1,0,0,0,153,111,1,1660163612.795232,"192.168.1.56","66.22.218.76","10:5B:AD:B2:81:B3","D0:6E:DE:6E:F8:AC",14,50001,64954,0,0,0,0,0,0,0,0,0,0,0,0,0,0,0
100,3,"/home/pqv/data/test/real_discord23.pcap",1660163640.455692,3470,0,"99.178.376.0","99.178.376.0",21,146,104,1,0,0,0,146,104,1,1660163612.795232,"192.168.1.56","66.22.218.76","10:5B:AD:B2:81:B3","D0:6E:DE:6E:F8:AC",14,50001,64954,0,0,0,0,0,0,0,0,0,0,0,0,0,0,0
100,3,"/home/pqv/data/test/real_discord23.pcap",1660163640.496590,3471,0,"99.178.376.0","99.178.376.0",21,150,108,1,0,0,0,150,108,1,1660163612.795232,"192.168.1.56","66.22.218.76","10:5B:AD:B2:81:B3","D0:6E:DE:6E:F8:AC",14,50001,64954,0,0,0,0,0,0,0,0,0,0,0,0,0,0,0
100,3,"/home/pqv/data/test/real_discord23.pcap",1660163640.544508,3472,0,"99.178.376.0","99.178.376.0",21,148,106,1,0,0,0,148,106,1,1660163612.795232,"192.168.1.56","66.22.218.76","10:5B:AD:B2:81:B3","D0:6E:DE:6E:F8:AC",14,50001,64954,0,0,0,0,0,0,0,0,0,0,0,0,0,0,0
100,3,"/home/pqv/data/test/real_discord23.pcap",1660163640.544508,3473,0,"99.178.376.0","99.178.376.0",21,85,43,1,0,0,0,85,43,1,1660163612.795232,"192.168.1.56","66.22.218.76","10:5B:AD:B2:81:B3","D0:6E:DE:6E:F8:AC",14,50001,64954,0,0,0,0,0,0,0,0,0,0,0,0,0,0,0
100,3,"/home/pqv/data/test/real_discord23.pcap",1660163640.544508,3474,0,"99.178.376.0","99.178.376.0",21,85,43,1,0,0,0,85,43,1,1660163612.795232,"192.168.1.56","66.22.218.76","10:5B:AD:B2:81:B3","D0:6E:DE:6E:F8:AC",14,50001,64954,0,0,0,0,0,0,0,0,0,0,0,0,0,0,0
100,3,"/home/pqv/data/test/real_discord23.pcap",1660163640.553787,3475,0,"99.178.376.0","99.178.376.0",21,85,43,1,0,0,0,85,43,1,1660163612.795232,"192.168.1.56","66.22.218.76","10:5B:AD:B2:81:B3","D0:6E:DE:6E:F8:AC",14,50001,64954,0,0,0,0,0,0,0,0,0,0,0,0,0,0,0
100,3,"/home/pqv/data/test/real_discord23.pcap",1660163640.573162,3476,0,"99.178.376.0","99.178.376.0",21,85,43,1,0,0,0,85,43,1,1660163612.795232,"192.168.1.56","66.22.218.76","10:5B:AD:B2:81:B3","D0:6E:DE:6E:F8:AC",14,50001,64954,0,0,0,0,0,0,0,0,0,0,0,0,0,0,0
100,3,"/home/pqv/data/test/real_discord23.pcap",1660163640.602913,3477,0,"99.178.376.0","99.178.376.0",21,85,43,1,0,0,0,85,43,1,1660163612.795232,"192.168.1.56","66.22.218.76","10:5B:AD:B2:81:B3","D0:6E:DE:6E:F8:AC",14,50001,64954,0,0,0,0,0,0,0,0,0,0,0,0,0,0,0
100,3,"/home/pqv/data/test/real_discord23.pcap",1660163640.604605,3478,0,"99.178.354.0","99.178.354.0",21,139,85,1,139,85,1,0,0,0,1660163598.193779,"192.168.1.56","162.159.128.235","10:5B:AD:B2:81:B3","D0:6E:DE:6E:F8:AC",4,443,49469,0,0,0,0,520970,0,520970,0,520970,0,0,0,0,0,0
100,3,"/home/pqv/data/test/real_discord23.pcap",1660163640.613529,3479,0,"99.178.354.0","99.178.354.0",21,60,0,1,0,0,0,60,0,1,1660163598.193779,"192.168.1.56","162.159.128.235","10:5B:AD:B2:81:B3","D0:6E:DE:6E:F8:AC",4,443,49469,0,0,0,0,0,8924,0,8924,0,8924,0,0,0,0,0
100,3,"/home/pqv/data/test/real_discord23.pcap",1660163640.616857,3480,0,"99.178.376.0","99.178.376.0",21,252,210,1,252,210,1,0,0,0,1660163612.795232,"192.168.1.56","66.22.218.76","10:5B:AD:B2:81:B3","D0:6E:DE:6E:F8:AC",14,50001,64954,0,0,0,0,0,0,0,0,0,0,0,0,0,0,0
100,3,"/home/pqv/data/test/real_discord23.pcap",1660163640.632290,3481,0,"99.178.376.0","99.178.376.0",21,85,43,1,0,0,0,85,43,1,1660163612.795232,"192.168.1.56","66.22.218.76","10:5B:AD:B2:81:B3","D0:6E:DE:6E:F8:AC",14,50001,64954,0,0,0,0,0,0,0,0,0,0,0,0,0,0,0
100,3,"/home/pqv/data/test/real_discord23.pcap",1660163640.633297,3482,0,"99.178.376.0","99.178.376.0",21,252,210,1,252,210,1,0,0,0,1660163612.795232,"192.168.1.56","66.22.218.76","10:5B:AD:B2:81:B3","D0:6E:DE:6E:F8:AC",14,50001,64954,0,0,0,0,0,0,0,0,0,0,0,0,0,0,0
100,3,"/home/pqv/data/test/real_discord23.pcap",1660163640.642424,3483,0,"99.178.376.0","99.178.376.0",21,85,43,1,0,0,0,85,43,1,1660163612.795232,"192.168.1.56","66.22.218.76","10:5B:AD:B2:81:B3","D0:6E:DE:6E:F8:AC",14,50001,64954,0,0,0,0,0,0,0,0,0,0,0,0,0,0,0
100,3,"/home/pqv/data/test/real_discord23.pcap",1660163640.652242,3484,0,"99.178.376.0","99.178.376.0",21,85,43,1,0,0,0,85,43,1,1660163612.795232,"192.168.1.56","66.22.218.76","10:5B:AD:B2:81:B3","D0:6E:DE:6E:F8:AC",14,50001,64954,0,0,0,0,0,0,0,0,0,0,0,0,0,0,0
100,3,"/home/pqv/data/test/real_discord23.pcap",1660163640.655559,3485,0,"99.178.376.0","99.178.376.0",21,261,219,1,261,219,1,0,0,0,1660163612.795232,"192.168.1.56","66.22.218.76","10:5B:AD:B2:81:B3","D0:6E:DE:6E:F8:AC",14,50001,64954,0,0,0,0,0,0,0,0,0,0,0,0,0,0,0
100,3,"/home/pqv/data/test/real_discord23.pcap",1660163640.677866,3486,0,"99.178.376.0","99.178.376.0",21,251,209,1,251,209,1,0,0,0,1660163612.795232,"192.168.1.56","66.22.218.76","10:5B:AD:B2:81:B3","D0:6E:DE:6E:F8:AC",14,50001,64954,0,0,0,0,0,0,0,0,0,0,0,0,0,0,0
100,3,"/home/pqv/data/test/real_discord23.pcap",1660163640.691867,3487,0,"99.178.376.0","99.178.376.0",21,85,43,1,0,0,0,85,43,1,1660163612.795232,"192.168.1.56","66.22.218.76","10:5B:AD:B2:81:B3","D0:6E:DE:6E:F8:AC",14,50001,64954,0,0,0,0,0,0,0,0,0,0,0,0,0,0,0
100,3,"/home/pqv/data/test/real_discord23.pcap",1660163640.693788,3488,0,"99.178.376.0","99.178.376.0",21,248,206,1,248,206,1,0,0,0,1660163612.795232,"192.168.1.56","66.22.218.76","10:5B:AD:B2:81:B3","D0:6E:DE:6E:F8:AC",14,50001,64954,0,0,0,0,0,0,0,0,0,0,0,0,0,0,0
100,3,"/home/pqv/data/test/real_discord23.pcap",1660163640.701112,3489,0,"99.178.376.0","99.178.376.0",21,85,43,1,0,0,0,85,43,1,1660163612.795232,"192.168.1.56","66.22.218.76","10:5B:AD:B2:81:B3","D0:6E:DE:6E:F8:AC",14,50001,64954,0,0,0,0,0,0,0,0,0,0,0,0,0,0,0
100,3,"/home/pqv/data/test/real_discord23.pcap",1660163640.715041,3490,0,"99.178.376.0","99.178.376.0",21,239,197,1,239,197,1,0,0,0,1660163612.795232,"192.168.1.56","66.22.218.76","10:5B:AD:B2:81:B3","D0:6E:DE:6E:F8:AC",14,50001,64954,0,0,0,0,0,0,0,0,0,0,0,0,0,0,0
100,3,"/home/pqv/data/test/real_discord23.pcap",1660163640.736717,3491,0,"99.178.376.0","99.178.376.0",21,246,204,1,246,204,1,0,0,0,1660163612.795232,"192.168.1.56","66.22.218.76","10:5B:AD:B2:81:B3","D0:6E:DE:6E:F8:AC",14,50001,64954,0,0,0,0,0,0,0,0,0,0,0,0,0,0,0
