1,3,"/home/pqv/data/video_website/youtube_video1.pcap",1657529409.054372,"1.5.1 (e31cef8 - Jul  7 2022 09:05:04)","1.7.3 (92ce3808)","1.2.14 (557bd77 - Jun 20 2022 12:46:32)"
100,3,"/home/pqv/data/video_website/youtube_video1.pcap",1657026730.575518,1,134,"99.178.354.134","99.178.354.134",1,134,0,2,74,0,1,60,0,1,1657026730.561849,"10.0.2.15","216.58.201.238","08:00:27:3A:52:ED","52:54:00:12:35:02",1,443,55662,0,0,0,0,0,0,0,0,0,0,0,0,0,1,0
100,3,"/home/pqv/data/video_website/youtube_video1.pcap",1657026730.575551,2,134,"99.178.354.134","99.178.354.134",1,54,0,1,54,0,1,0,0,0,1657026730.561849,"10.0.2.15","216.58.201.238","08:00:27:3A:52:ED","52:54:00:12:35:02",1,443,55662,0,13702,0,0,0,0,0,0,0,0,0,0,0,1,0
100,3,"/home/pqv/data/video_website/youtube_video1.pcap",1657026730.576286,3,427,"99.178.354.341.427","99.178.354.134",1,463,409,1,463,409,1,0,0,0,1657026730.561849,"10.0.2.15","216.58.201.238","08:00:27:3A:52:ED","52:54:00:12:35:02",1,443,55662,0,0,735,0,0,0,0,0,0,0,0,0,0,4,0
100,3,"/home/pqv/data/video_website/youtube_video1.pcap",1657026730.576562,4,427,"99.178.354.341.427","99.178.354.341.427",1,60,0,1,0,0,0,60,0,1,1657026730.561849,"10.0.2.15","216.58.201.238","08:00:27:3A:52:ED","52:54:00:12:35:02",1,443,55662,0,0,0,276,0,276,0,276,0,276,0,0,0,4,0
100,3,"/home/pqv/data/video_website/youtube_video1.pcap",1657026730.590034,5,427,"99.178.354.341.427","99.178.354.341.427",1,2974,2920,1,0,0,0,2974,2920,1,1657026730.561849,"10.0.2.15","216.58.201.238","08:00:27:3A:52:ED","52:54:00:12:35:02",1,443,55662,0,0,0,13472,0,0,0,0,0,0,0,0,0,4,0
100,3,"/home/pqv/data/video_website/youtube_video1.pcap",1657026730.590061,6,427,"99.178.354.341.427","99.178.354.341.427",1,54,0,1,54,0,1,0,0,0,1657026730.561849,"10.0.2.15","216.58.201.238","08:00:27:3A:52:ED","52:54:00:12:35:02",1,443,55662,0,0,0,27,27,0,27,0,27,0,0,0,0,4,0
100,3,"/home/pqv/data/video_website/youtube_video1.pcap",1657026730.590133,7,427,"99.178.354.341.427","99.178.354.341.427",1,3813,3759,1,0,0,0,3813,3759,1,1657026730.561849,"10.0.2.15","216.58.201.238","08:00:27:3A:52:ED","52:54:00:12:35:02",1,443,55662,0,0,0,72,0,72,0,72,0,72,0,0,0,4,0
100,3,"/home/pqv/data/video_website/youtube_video1.pcap",1657026730.590141,8,427,"99.178.354.341.427","99.178.354.341.427",1,54,0,1,54,0,1,0,0,0,1657026730.561849,"10.0.2.15","216.58.201.238","08:00:27:3A:52:ED","52:54:00:12:35:02",1,443,55662,0,0,0,8,8,0,8,0,8,0,0,0,0,4,0
100,3,"/home/pqv/data/video_website/youtube_video1.pcap",1657026730.593940,9,427,"99.178.354.341.427","99.178.354.341.427",1,134,80,1,134,80,1,0,0,0,1657026730.561849,"10.0.2.15","216.58.201.238","08:00:27:3A:52:ED","52:54:00:12:35:02",1,443,55662,0,0,0,3799,0,0,0,0,0,0,0,0,0,4,0
100,3,"/home/pqv/data/video_website/youtube_video1.pcap",1657026730.594172,10,427,"99.178.354.341.427","99.178.354.341.427",1,60,0,1,0,0,0,60,0,1,1657026730.561849,"10.0.2.15","216.58.201.238","08:00:27:3A:52:ED","52:54:00:12:35:02",1,443,55662,0,0,0,232,0,232,0,232,0,232,0,0,0,4,0
100,3,"/home/pqv/data/video_website/youtube_video1.pcap",1657026730.594256,11,427,"99.178.354.341.427","99.178.354.341.427",1,227,173,1,227,173,1,0,0,0,1657026730.561849,"10.0.2.15","216.58.201.238","08:00:27:3A:52:ED","52:54:00:12:35:02",1,443,55662,0,0,0,84,84,0,84,0,84,0,0,0,0,4,0
100,3,"/home/pqv/data/video_website/youtube_video1.pcap",1657026730.594431,12,427,"99.178.354.341.427","99.178.354.341.427",1,60,0,1,0,0,0,60,0,1,1657026730.561849,"10.0.2.15","216.58.201.238","08:00:27:3A:52:ED","52:54:00:12:35:02",1,443,55662,0,0,0,175,0,175,0,175,0,175,0,0,0,4,0
100,3,"/home/pqv/data/video_website/youtube_video1.pcap",1657026730.632334,13,427,"99.178.354.341.427","99.178.354.341.427",1,5894,5840,1,0,0,0,5894,5840,1,1657026730.561849,"10.0.2.15","216.58.201.238","08:00:27:3A:52:ED","52:54:00:12:35:02",1,443,55662,0,0,0,37903,0,0,0,0,0,0,0,0,0,4,0
100,3,"/home/pqv/data/video_website/youtube_video1.pcap",1657026730.632353,14,427,"99.178.354.341.427","99.178.354.341.427",1,54,0,1,54,0,1,0,0,0,1657026730.561849,"10.0.2.15","216.58.201.238","08:00:27:3A:52:ED","52:54:00:12:35:02",1,443,55662,0,0,0,19,19,0,19,0,19,0,0,0,0,4,0
100,3,"/home/pqv/data/video_website/youtube_video1.pcap",1657026730.632547,15,427,"99.178.354.341.427","99.178.354.341.427",1,4709,4655,1,0,0,0,4709,4655,1,1657026730.561849,"10.0.2.15","216.58.201.238","08:00:27:3A:52:ED","52:54:00:12:35:02",1,443,55662,0,0,0,194,0,194,0,194,0,194,0,0,0,4,0
100,3,"/home/pqv/data/video_website/youtube_video1.pcap",1657026730.632556,16,427,"99.178.354.341.427","99.178.354.341.427",1,54,0,1,54,0,1,0,0,0,1657026730.561849,"10.0.2.15","216.58.201.238","08:00:27:3A:52:ED","52:54:00:12:35:02",1,443,55662,0,0,0,9,9,0,9,0,9,0,0,0,0,4,0
100,3,"/home/pqv/data/video_website/youtube_video1.pcap",1657026730.634001,17,427,"99.178.354.341.427","99.178.354.341.427",1,7204,7150,1,0,0,0,7204,7150,1,1657026730.561849,"10.0.2.15","216.58.201.238","08:00:27:3A:52:ED","52:54:00:12:35:02",1,443,55662,0,0,0,1445,0,1445,0,1445,0,1445,0,0,0,4,0
100,3,"/home/pqv/data/video_website/youtube_video1.pcap",1657026730.634013,18,427,"99.178.354.341.427","99.178.354.341.427",1,54,0,1,54,0,1,0,0,0,1657026730.561849,"10.0.2.15","216.58.201.238","08:00:27:3A:52:ED","52:54:00:12:35:02",1,443,55662,0,0,0,12,12,0,12,0,12,0,0,0,0,4,0
100,3,"/home/pqv/data/video_website/youtube_video1.pcap",1657026730.635340,19,427,"99.178.354.341.427","99.178.354.341.427",1,2914,2860,1,0,0,0,2914,2860,1,1657026730.561849,"10.0.2.15","216.58.201.238","08:00:27:3A:52:ED","52:54:00:12:35:02",1,443,55662,0,0,0,1327,0,1327,0,1327,0,1327,0,0,0,4,0
100,3,"/home/pqv/data/video_website/youtube_video1.pcap",1657026730.635354,20,427,"99.178.354.341.427","99.178.354.341.427",1,54,0,1,54,0,1,0,0,0,1657026730.561849,"10.0.2.15","216.58.201.238","08:00:27:3A:52:ED","52:54:00:12:35:02",1,443,55662,0,0,0,14,14,0,14,0,14,0,0,0,0,4,0
100,3,"/home/pqv/data/video_website/youtube_video1.pcap",1657026730.639920,21,427,"99.178.354.341.427","99.178.354.341.427",1,8634,8580,1,0,0,0,8634,8580,1,1657026730.561849,"10.0.2.15","216.58.201.238","08:00:27:3A:52:ED","52:54:00:12:35:02",1,443,55662,0,0,0,4566,0,4566,0,4566,0,4566,0,0,0,4,0
100,3,"/home/pqv/data/video_website/youtube_video1.pcap",1657026730.639947,22,427,"99.178.354.341.427","99.178.354.341.427",1,54,0,1,54,0,1,0,0,0,1657026730.561849,"10.0.2.15","216.58.201.238","08:00:27:3A:52:ED","52:54:00:12:35:02",1,443,55662,0,0,0,27,27,0,27,0,27,0,0,0,0,4,0
100,3,"/home/pqv/data/video_website/youtube_video1.pcap",1657026730.641521,23,427,"99.178.354.341.427","99.178.354.341.427",1,10064,10010,1,0,0,0,10064,10010,1,1657026730.561849,"10.0.2.15","216.58.201.238","08:00:27:3A:52:ED","52:54:00:12:35:02",1,443,55662,0,0,0,1574,0,1574,0,1574,0,1574,0,0,0,4,0
100,3,"/home/pqv/data/video_website/youtube_video1.pcap",1657026730.641533,24,427,"99.178.354.341.427","99.178.354.341.427",1,54,0,1,54,0,1,0,0,0,1657026730.561849,"10.0.2.15","216.58.201.238","08:00:27:3A:52:ED","52:54:00:12:35:02",1,443,55662,0,0,0,12,12,0,12,0,12,0,0,0,0,4,0
100,3,"/home/pqv/data/video_website/youtube_video1.pcap",1657026730.643701,25,427,"99.178.354.341.427","99.178.354.341.427",1,10064,10010,1,0,0,0,10064,10010,1,1657026730.561849,"10.0.2.15","216.58.201.238","08:00:27:3A:52:ED","52:54:00:12:35:02",1,443,55662,0,0,0,2168,0,2168,0,2168,0,2168,0,0,0,4,0
100,3,"/home/pqv/data/video_website/youtube_video1.pcap",1657026730.643725,26,427,"99.178.354.341.427","99.178.354.341.427",1,54,0,1,54,0,1,0,0,0,1657026730.561849,"10.0.2.15","216.58.201.238","08:00:27:3A:52:ED","52:54:00:12:35:02",1,443,55662,0,0,0,24,24,0,24,0,24,0,0,0,0,4,0
100,3,"/home/pqv/data/video_website/youtube_video1.pcap",1657026730.645476,27,427,"99.178.354.341.427","99.178.354.341.427",1,11494,11440,1,0,0,0,11494,11440,1,1657026730.561849,"10.0.2.15","216.58.201.238","08:00:27:3A:52:ED","52:54:00:12:35:02",1,443,55662,0,0,0,1751,0,1751,0,1751,0,1751,0,0,0,4,0
100,3,"/home/pqv/data/video_website/youtube_video1.pcap",1657026730.645509,28,427,"99.178.354.341.427","99.178.354.341.427",1,54,0,1,54,0,1,0,0,0,1657026730.561849,"10.0.2.15","216.58.201.238","08:00:27:3A:52:ED","52:54:00:12:35:02",1,443,55662,0,0,0,33,33,0,33,0,33,0,0,0,0,4,0
100,3,"/home/pqv/data/video_website/youtube_video1.pcap",1657026730.647255,29,427,"99.178.354.341.427","99.178.354.341.427",1,11494,11440,1,0,0,0,11494,11440,1,1657026730.561849,"10.0.2.15","216.58.201.238","08:00:27:3A:52:ED","52:54:00:12:35:02",1,443,55662,0,0,0,1746,0,1746,0,1746,0,1746,0,0,0,4,0
100,3,"/home/pqv/data/video_website/youtube_video1.pcap",1657026730.647300,30,427,"99.178.354.341.427","99.178.354.341.427",1,54,0,1,54,0,1,0,0,0,1657026730.561849,"10.0.2.15","216.58.201.238","08:00:27:3A:52:ED","52:54:00:12:35:02",1,443,55662,0,0,0,45,45,0,45,0,45,0,0,0,0,4,0
100,3,"/home/pqv/data/video_website/youtube_video1.pcap",1657026730.649228,31,427,"99.178.354.341.427","99.178.354.341.427",1,12924,12870,1,0,0,0,12924,12870,1,1657026730.561849,"10.0.2.15","216.58.201.238","08:00:27:3A:52:ED","52:54:00:12:35:02",1,443,55662,0,0,0,1928,0,1928,0,1928,0,1928,0,0,0,4,0
100,3,"/home/pqv/data/video_website/youtube_video1.pcap",1657026730.649269,32,427,"99.178.354.341.427","99.178.354.341.427",1,54,0,1,54,0,1,0,0,0,1657026730.561849,"10.0.2.15","216.58.201.238","08:00:27:3A:52:ED","52:54:00:12:35:02",1,443,55662,0,0,0,41,41,0,41,0,41,0,0,0,0,4,0
100,3,"/home/pqv/data/video_website/youtube_video1.pcap",1657026730.651485,33,427,"99.178.354.341.427","99.178.354.341.427",1,14354,14300,1,0,0,0,14354,14300,1,1657026730.561849,"10.0.2.15","216.58.201.238","08:00:27:3A:52:ED","52:54:00:12:35:02",1,443,55662,0,0,0,2216,0,2216,0,2216,0,2216,0,0,0,4,0
100,3,"/home/pqv/data/video_website/youtube_video1.pcap",1657026730.651529,34,427,"99.178.354.341.427","99.178.354.341.427",1,54,0,1,54,0,1,0,0,0,1657026730.561849,"10.0.2.15","216.58.201.238","08:00:27:3A:52:ED","52:54:00:12:35:02",1,443,55662,0,0,0,44,44,0,44,0,44,0,0,0,0,4,0
100,3,"/home/pqv/data/video_website/youtube_video1.pcap",1657026730.653053,35,427,"99.178.354.341.427","99.178.354.341.427",1,14354,14300,1,0,0,0,14354,14300,1,1657026730.561849,"10.0.2.15","216.58.201.238","08:00:27:3A:52:ED","52:54:00:12:35:02",1,443,55662,0,0,0,1524,0,1524,0,1524,0,1524,0,0,0,4,0
100,3,"/home/pqv/data/video_website/youtube_video1.pcap",1657026730.653085,36,427,"99.178.354.341.427","99.178.354.341.427",1,54,0,1,54,0,1,0,0,0,1657026730.561849,"10.0.2.15","216.58.201.238","08:00:27:3A:52:ED","52:54:00:12:35:02",1,443,55662,0,0,0,32,32,0,32,0,32,0,0,0,0,4,0
100,3,"/home/pqv/data/video_website/youtube_video1.pcap",1657026730.654933,37,427,"99.178.354.341.427","99.178.354.341.427",1,15784,15730,1,0,0,0,15784,15730,1,1657026730.561849,"10.0.2.15","216.58.201.238","08:00:27:3A:52:ED","52:54:00:12:35:02",1,443,55662,0,0,0,1848,0,1848,0,1848,0,1848,0,0,0,4,0
100,3,"/home/pqv/data/video_website/youtube_video1.pcap",1657026730.654945,38,427,"99.178.354.341.427","99.178.354.341.427",1,54,0,1,54,0,1,0,0,0,1657026730.561849,"10.0.2.15","216.58.201.238","08:00:27:3A:52:ED","52:54:00:12:35:02",1,443,55662,0,0,0,12,12,0,12,0,12,0,0,0,0,4,0
100,3,"/home/pqv/data/video_website/youtube_video1.pcap",1657026730.656917,39,427,"99.178.354.341.427","99.178.354.341.427",1,22934,22880,1,0,0,0,22934,22880,1,1657026730.561849,"10.0.2.15","216.58.201.238","08:00:27:3A:52:ED","52:54:00:12:35:02",1,443,55662,0,0,0,1972,0,1972,0,1972,0,1972,0,0,0,4,0
100,3,"/home/pqv/data/video_website/youtube_video1.pcap",1657026730.656930,40,427,"99.178.354.341.427","99.178.354.341.427",1,54,0,1,54,0,1,0,0,0,1657026730.561849,"10.0.2.15","216.58.201.238","08:00:27:3A:52:ED","52:54:00:12:35:02",1,443,55662,0,0,0,13,13,0,13,0,13,0,0,0,0,4,0
100,3,"/home/pqv/data/video_website/youtube_video1.pcap",1657026730.656971,41,427,"99.178.354.341.427","99.178.354.341.427",1,1514,1460,1,0,0,0,1514,1460,1,1657026730.561849,"10.0.2.15","216.58.201.238","08:00:27:3A:52:ED","52:54:00:12:35:02",1,443,55662,0,0,0,41,0,41,0,41,0,41,0,0,0,4,0
100,3,"/home/pqv/data/video_website/youtube_video1.pcap",1657026730.656978,42,427,"99.178.354.341.427","99.178.354.341.427",1,54,0,1,54,0,1,0,0,0,1657026730.561849,"10.0.2.15","216.58.201.238","08:00:27:3A:52:ED","52:54:00:12:35:02",1,443,55662,0,0,0,7,7,0,7,0,7,0,0,0,0,4,0
100,3,"/home/pqv/data/video_website/youtube_video1.pcap",1657026730.657127,43,427,"99.178.354.341.427","99.178.354.341.427",1,8604,8550,1,0,0,0,8604,8550,1,1657026730.561849,"10.0.2.15","216.58.201.238","08:00:27:3A:52:ED","52:54:00:12:35:02",1,443,55662,0,0,0,149,0,149,0,149,0,149,0,0,0,4,0
100,3,"/home/pqv/data/video_website/youtube_video1.pcap",1657026730.657127,44,427,"99.178.354.341.427","99.178.354.341.427",1,2914,2860,1,0,0,0,2914,2860,1,1657026730.561849,"10.0.2.15","216.58.201.238","08:00:27:3A:52:ED","52:54:00:12:35:02",1,443,55662,0,0,0,0,0,0,0,0,0,0,0,0,0,4,0
100,3,"/home/pqv/data/video_website/youtube_video1.pcap",1657026730.657159,45,427,"99.178.354.341.427","99.178.354.341.427",1,54,0,1,54,0,1,0,0,0,1657026730.561849,"10.0.2.15","216.58.201.238","08:00:27:3A:52:ED","52:54:00:12:35:02",1,443,55662,0,0,0,32,32,0,32,0,32,0,0,0,0,4,0
100,3,"/home/pqv/data/video_website/youtube_video1.pcap",1657026730.659072,46,427,"99.178.354.341.427","99.178.354.341.427",1,21954,21900,1,0,0,0,21954,21900,1,1657026730.561849,"10.0.2.15","216.58.201.238","08:00:27:3A:52:ED","52:54:00:12:35:02",1,443,55662,0,0,0,1913,0,1913,0,1913,0,1913,0,0,0,4,0
100,3,"/home/pqv/data/video_website/youtube_video1.pcap",1657026730.659082,47,427,"99.178.354.341.427","99.178.354.341.427",1,54,0,1,54,0,1,0,0,0,1657026730.561849,"10.0.2.15","216.58.201.238","08:00:27:3A:52:ED","52:54:00:12:35:02",1,443,55662,0,0,0,10,10,0,10,0,10,0,0,0,0,4,0
100,3,"/home/pqv/data/video_website/youtube_video1.pcap",1657026730.659222,48,427,"99.178.354.341.427","99.178.354.341.427",1,1034,980,1,0,0,0,1034,980,1,1657026730.561849,"10.0.2.15","216.58.201.238","08:00:27:3A:52:ED","52:54:00:12:35:02",1,443,55662,0,0,0,140,0,140,0,140,0,140,0,0,0,4,0
100,3,"/home/pqv/data/video_website/youtube_video1.pcap",1657026730.659222,49,427,"99.178.354.341.427","99.178.354.341.427",1,5774,5720,1,0,0,0,5774,5720,1,1657026730.561849,"10.0.2.15","216.58.201.238","08:00:27:3A:52:ED","52:54:00:12:35:02",1,443,55662,0,0,0,0,0,0,0,0,0,0,0,0,0,4,0
100,3,"/home/pqv/data/video_website/youtube_video1.pcap",1657026730.659247,50,427,"99.178.354.341.427","99.178.354.341.427",1,54,0,1,54,0,1,0,0,0,1657026730.561849,"10.0.2.15","216.58.201.238","08:00:27:3A:52:ED","52:54:00:12:35:02",1,443,55662,0,0,0,25,25,0,25,0,25,0,0,0,0,4,0
100,3,"/home/pqv/data/video_website/youtube_video1.pcap",1657026730.659270,51,427,"99.178.354.341.427","99.178.354.341.427",1,54,0,1,54,0,1,0,0,0,1657026730.561849,"10.0.2.15","216.58.201.238","08:00:27:3A:52:ED","52:54:00:12:35:02",1,443,55662,0,0,0,23,48,0,48,0,48,0,0,0,0,4,0
100,3,"/home/pqv/data/video_website/youtube_video1.pcap",1657026730.659337,52,427,"99.178.354.341.427","99.178.354.341.427",1,2914,2860,1,0,0,0,2914,2860,1,1657026730.561849,"10.0.2.15","216.58.201.238","08:00:27:3A:52:ED","52:54:00:12:35:02",1,443,55662,0,0,0,67,0,67,0,67,0,67,0,0,0,4,0
100,3,"/home/pqv/data/video_website/youtube_video1.pcap",1657026730.659341,53,427,"99.178.354.341.427","99.178.354.341.427",1,54,0,1,54,0,1,0,0,0,1657026730.561849,"10.0.2.15","216.58.201.238","08:00:27:3A:52:ED","52:54:00:12:35:02",1,443,55662,0,0,0,4,4,0,4,0,4,0,0,0,0,4,0
100,3,"/home/pqv/data/video_website/youtube_video1.pcap",1657026730.661325,54,427,"99.178.354.341.427","99.178.354.341.427",1,22934,22880,1,0,0,0,22934,22880,1,1657026730.561849,"10.0.2.15","216.58.201.238","08:00:27:3A:52:ED","52:54:00:12:35:02",1,443,55662,0,0,0,1984,0,1984,0,1984,0,1984,0,0,0,4,0
100,3,"/home/pqv/data/video_website/youtube_video1.pcap",1657026730.661334,55,427,"99.178.354.341.427","99.178.354.341.427",1,54,0,1,54,0,1,0,0,0,1657026730.561849,"10.0.2.15","216.58.201.238","08:00:27:3A:52:ED","52:54:00:12:35:02",1,443,55662,0,0,0,9,9,0,9,0,9,0,0,0,0,4,0
100,3,"/home/pqv/data/video_website/youtube_video1.pcap",1657026730.661364,56,427,"99.178.354.341.427","99.178.354.341.427",1,5774,5720,1,0,0,0,5774,5720,1,1657026730.561849,"10.0.2.15","216.58.201.238","08:00:27:3A:52:ED","52:54:00:12:35:02",1,443,55662,0,0,0,30,0,30,0,30,0,30,0,0,0,4,0
100,3,"/home/pqv/data/video_website/youtube_video1.pcap",1657026730.661364,57,427,"99.178.354.341.427","99.178.354.341.427",1,2914,2860,1,0,0,0,2914,2860,1,1657026730.561849,"10.0.2.15","216.58.201.238","08:00:27:3A:52:ED","52:54:00:12:35:02",1,443,55662,0,0,0,0,0,0,0,0,0,0,0,0,0,4,0
100,3,"/home/pqv/data/video_website/youtube_video1.pcap",1657026730.661383,58,427,"99.178.354.341.427","99.178.354.341.427",1,54,0,1,54,0,1,0,0,0,1657026730.561849,"10.0.2.15","216.58.201.238","08:00:27:3A:52:ED","52:54:00:12:35:02",1,443,55662,0,0,0,19,19,0,19,0,19,0,0,0,0,4,0
100,3,"/home/pqv/data/video_website/youtube_video1.pcap",1657026730.661412,59,427,"99.178.354.341.427","99.178.354.341.427",1,54,0,1,54,0,1,0,0,0,1657026730.561849,"10.0.2.15","216.58.201.238","08:00:27:3A:52:ED","52:54:00:12:35:02",1,443,55662,0,0,0,29,48,0,48,0,48,0,0,0,0,4,0
100,3,"/home/pqv/data/video_website/youtube_video1.pcap",1657026730.661589,60,427,"99.178.354.341.427","99.178.354.341.427",1,1484,1430,1,0,0,0,1484,1430,1,1657026730.561849,"10.0.2.15","216.58.201.238","08:00:27:3A:52:ED","52:54:00:12:35:02",1,443,55662,0,0,0,177,0,177,0,177,0,177,0,0,0,4,0
100,3,"/home/pqv/data/video_website/youtube_video1.pcap",1657026730.661589,61,427,"99.178.354.341.427","99.178.354.341.427",1,1484,1430,1,0,0,0,1484,1430,1,1657026730.561849,"10.0.2.15","216.58.201.238","08:00:27:3A:52:ED","52:54:00:12:35:02",1,443,55662,0,0,0,0,0,0,0,0,0,0,0,0,0,4,0
100,3,"/home/pqv/data/video_website/youtube_video1.pcap",1657026730.661589,62,427,"99.178.354.341.427","99.178.354.341.427",1,1484,1430,1,0,0,0,1484,1430,1,1657026730.561849,"10.0.2.15","216.58.201.238","08:00:27:3A:52:ED","52:54:00:12:35:02",1,443,55662,0,0,0,0,0,0,0,0,0,0,0,0,0,4,0
100,3,"/home/pqv/data/video_website/youtube_video1.pcap",1657026730.661595,63,427,"99.178.354.341.427","99.178.354.341.427",1,54,0,1,54,0,1,0,0,0,1657026730.561849,"10.0.2.15","216.58.201.238","08:00:27:3A:52:ED","52:54:00:12:35:02",1,443,55662,0,0,0,6,6,0,6,0,6,0,0,0,0,4,0
100,3,"/home/pqv/data/video_website/youtube_video1.pcap",1657026730.661602,64,427,"99.178.354.341.427","99.178.354.341.427",1,54,0,1,54,0,1,0,0,0,1657026730.561849,"10.0.2.15","216.58.201.238","08:00:27:3A:52:ED","52:54:00:12:35:02",1,443,55662,0,0,0,7,13,0,13,0,13,0,0,0,0,4,0
100,3,"/home/pqv/data/video_website/youtube_video1.pcap",1657026730.661606,65,427,"99.178.354.341.427","99.178.354.341.427",1,54,0,1,54,0,1,0,0,0,1657026730.561849,"10.0.2.15","216.58.201.238","08:00:27:3A:52:ED","52:54:00:12:35:02",1,443,55662,0,0,0,4,17,0,17,0,17,0,0,0,0,4,0
100,3,"/home/pqv/data/video_website/youtube_video1.pcap",1657026730.664182,66,427,"99.178.354.341.427","99.178.354.341.427",1,18644,18590,1,0,0,0,18644,18590,1,1657026730.561849,"10.0.2.15","216.58.201.238","08:00:27:3A:52:ED","52:54:00:12:35:02",1,443,55662,0,0,0,2576,0,2576,0,2576,0,2576,0,0,0,4,0
100,3,"/home/pqv/data/video_website/youtube_video1.pcap",1657026730.664215,67,427,"99.178.354.341.427","99.178.354.341.427",1,54,0,1,54,0,1,0,0,0,1657026730.561849,"10.0.2.15","216.58.201.238","08:00:27:3A:52:ED","52:54:00:12:35:02",1,443,55662,0,0,0,33,33,0,33,0,33,0,0,0,0,4,0
100,3,"/home/pqv/data/video_website/youtube_video1.pcap",1657026730.666095,68,427,"99.178.354.341.427","99.178.354.341.427",1,3830,3776,1,0,0,0,3830,3776,1,1657026730.561849,"10.0.2.15","216.58.201.238","08:00:27:3A:52:ED","52:54:00:12:35:02",1,443,55662,0,0,0,1880,0,1880,0,1880,0,1880,0,0,0,4,0
100,3,"/home/pqv/data/video_website/youtube_video1.pcap",1657026730.666111,69,427,"99.178.354.341.427","99.178.354.341.427",1,54,0,1,54,0,1,0,0,0,1657026730.561849,"10.0.2.15","216.58.201.238","08:00:27:3A:52:ED","52:54:00:12:35:02",1,443,55662,0,0,0,16,16,0,16,0,16,0,0,0,0,4,0
100,3,"/home/pqv/data/video_website/youtube_video1.pcap",1657026730.927050,70,427,"99.178.354.341.427","99.178.354.341.427",1,8794,8740,1,0,0,0,8794,8740,1,1657026730.561849,"10.0.2.15","216.58.201.238","08:00:27:3A:52:ED","52:54:00:12:35:02",1,443,55662,0,0,0,260939,0,260939,0,260939,0,260939,0,0,0,4,0
100,3,"/home/pqv/data/video_website/youtube_video1.pcap",1657026730.927081,71,427,"99.178.354.341.427","99.178.354.341.427",1,54,0,1,54,0,1,0,0,0,1657026730.561849,"10.0.2.15","216.58.201.238","08:00:27:3A:52:ED","52:54:00:12:35:02",1,443,55662,0,0,0,31,31,0,31,0,31,0,0,0,0,4,0
100,3,"/home/pqv/data/video_website/youtube_video1.pcap",1657026730.941058,72,427,"99.178.354.341.427","99.178.354.341.427",1,22934,22880,1,0,0,0,22934,22880,1,1657026730.561849,"10.0.2.15","216.58.201.238","08:00:27:3A:52:ED","52:54:00:12:35:02",1,443,55662,0,0,0,13977,0,13977,0,13977,0,13977,0,0,0,4,0
100,3,"/home/pqv/data/video_website/youtube_video1.pcap",1657026730.941091,73,427,"99.178.354.341.427","99.178.354.341.427",1,54,0,1,54,0,1,0,0,0,1657026730.561849,"10.0.2.15","216.58.201.238","08:00:27:3A:52:ED","52:54:00:12:35:02",1,443,55662,0,0,0,33,33,0,33,0,33,0,0,0,0,4,0
100,3,"/home/pqv/data/video_website/youtube_video1.pcap",1657026730.941120,74,427,"99.178.354.341.427","99.178.354.341.427",1,8634,8580,1,0,0,0,8634,8580,1,1657026730.561849,"10.0.2.15","216.58.201.238","08:00:27:3A:52:ED","52:54:00:12:35:02",1,443,55662,0,0,0,29,0,29,0,29,0,29,0,0,0,4,0
100,3,"/home/pqv/data/video_website/youtube_video1.pcap",1657026730.941120,75,427,"99.178.354.341.427","99.178.354.341.427",1,3328,3274,1,0,0,0,3328,3274,1,1657026730.561849,"10.0.2.15","216.58.201.238","08:00:27:3A:52:ED","52:54:00:12:35:02",1,443,55662,0,0,0,0,0,0,0,0,0,0,0,0,0,4,0
100,3,"/home/pqv/data/video_website/youtube_video1.pcap",1657026730.941127,76,427,"99.178.354.341.427","99.178.354.341.427",1,54,0,1,54,0,1,0,0,0,1657026730.561849,"10.0.2.15","216.58.201.238","08:00:27:3A:52:ED","52:54:00:12:35:02",1,443,55662,0,0,0,7,7,0,7,0,7,0,0,0,0,4,0
100,3,"/home/pqv/data/video_website/youtube_video1.pcap",1657026730.941134,77,427,"99.178.354.341.427","99.178.354.341.427",1,54,0,1,54,0,1,0,0,0,1657026730.561849,"10.0.2.15","216.58.201.238","08:00:27:3A:52:ED","52:54:00:12:35:02",1,443,55662,0,0,0,7,14,0,14,0,14,0,0,0,0,4,0
100,3,"/home/pqv/data/video_website/youtube_video1.pcap",1657026730.941146,78,427,"99.178.354.341.427","99.178.354.341.427",1,1484,1430,1,0,0,0,1484,1430,1,1657026730.561849,"10.0.2.15","216.58.201.238","08:00:27:3A:52:ED","52:54:00:12:35:02",1,443,55662,0,0,0,12,0,12,0,12,0,12,0,0,0,4,0
100,3,"/home/pqv/data/video_website/youtube_video1.pcap",1657026730.941146,79,427,"99.178.354.341.427","99.178.354.341.427",1,1514,1460,1,0,0,0,1514,1460,1,1657026730.561849,"10.0.2.15","216.58.201.238","08:00:27:3A:52:ED","52:54:00:12:35:02",1,443,55662,0,0,0,0,0,0,0,0,0,0,0,0,0,4,0
100,3,"/home/pqv/data/video_website/youtube_video1.pcap",1657026730.941148,80,427,"99.178.354.341.427","99.178.354.341.427",1,54,0,1,54,0,1,0,0,0,1657026730.561849,"10.0.2.15","216.58.201.238","08:00:27:3A:52:ED","52:54:00:12:35:02",1,443,55662,0,0,0,2,2,0,2,0,2,0,0,0,0,4,0
100,3,"/home/pqv/data/video_website/youtube_video1.pcap",1657026730.941153,81,427,"99.178.354.341.427","99.178.354.341.427",1,54,0,1,54,0,1,0,0,0,1657026730.561849,"10.0.2.15","216.58.201.238","08:00:27:3A:52:ED","52:54:00:12:35:02",1,443,55662,0,0,0,5,7,0,7,0,7,0,0,0,0,4,0
100,3,"/home/pqv/data/video_website/youtube_video1.pcap",1657026730.941232,82,427,"99.178.354.341.427","99.178.354.341.427",1,1454,1400,1,0,0,0,1454,1400,1,1657026730.561849,"10.0.2.15","216.58.201.238","08:00:27:3A:52:ED","52:54:00:12:35:02",1,443,55662,0,0,0,79,0,79,0,79,0,79,0,0,0,4,0
100,3,"/home/pqv/data/video_website/youtube_video1.pcap",1657026730.941239,83,427,"99.178.354.341.427","99.178.354.341.427",1,54,0,1,54,0,1,0,0,0,1657026730.561849,"10.0.2.15","216.58.201.238","08:00:27:3A:52:ED","52:54:00:12:35:02",1,443,55662,0,0,0,7,7,0,7,0,7,0,0,0,0,4,0
100,3,"/home/pqv/data/video_website/youtube_video1.pcap",1657026730.941396,84,427,"99.178.354.341.427","99.178.354.341.427",1,5774,5720,1,0,0,0,5774,5720,1,1657026730.561849,"10.0.2.15","216.58.201.238","08:00:27:3A:52:ED","52:54:00:12:35:02",1,443,55662,0,0,0,157,0,157,0,157,0,157,0,0,0,4,0
100,3,"/home/pqv/data/video_website/youtube_video1.pcap",1657026730.941403,85,427,"99.178.354.341.427","99.178.354.341.427",1,54,0,1,54,0,1,0,0,0,1657026730.561849,"10.0.2.15","216.58.201.238","08:00:27:3A:52:ED","52:54:00:12:35:02",1,443,55662,0,0,0,7,7,0,7,0,7,0,0,0,0,4,0
100,3,"/home/pqv/data/video_website/youtube_video1.pcap",1657026730.941868,86,427,"99.178.354.341.427","99.178.354.341.427",1,2248,2194,1,0,0,0,2248,2194,1,1657026730.561849,"10.0.2.15","216.58.201.238","08:00:27:3A:52:ED","52:54:00:12:35:02",1,443,55662,0,0,0,465,0,465,0,465,0,465,0,0,0,4,0
100,3,"/home/pqv/data/video_website/youtube_video1.pcap",1657026730.941873,87,427,"99.178.354.341.427","99.178.354.341.427",1,54,0,1,54,0,1,0,0,0,1657026730.561849,"10.0.2.15","216.58.201.238","08:00:27:3A:52:ED","52:54:00:12:35:02",1,443,55662,0,0,0,5,5,0,5,0,5,0,0,0,0,4,0
100,3,"/home/pqv/data/video_website/youtube_video1.pcap",1657026730.944651,88,427,"99.178.354.341.427","99.178.354.341.427",1,22934,22880,1,0,0,0,22934,22880,1,1657026730.561849,"10.0.2.15","216.58.201.238","08:00:27:3A:52:ED","52:54:00:12:35:02",1,443,55662,0,0,0,2778,0,2778,0,2778,0,2778,0,0,0,4,0
100,3,"/home/pqv/data/video_website/youtube_video1.pcap",1657026730.944665,89,427,"99.178.354.341.427","99.178.354.341.427",1,54,0,1,54,0,1,0,0,0,1657026730.561849,"10.0.2.15","216.58.201.238","08:00:27:3A:52:ED","52:54:00:12:35:02",1,443,55662,0,0,0,14,14,0,14,0,14,0,0,0,0,4,0
100,3,"/home/pqv/data/video_website/youtube_video1.pcap",1657026730.944693,90,427,"99.178.354.341.427","99.178.354.341.427",1,6165,6111,1,0,0,0,6165,6111,1,1657026730.561849,"10.0.2.15","216.58.201.238","08:00:27:3A:52:ED","52:54:00:12:35:02",1,443,55662,0,0,0,28,0,28,0,28,0,28,0,0,0,4,0
100,3,"/home/pqv/data/video_website/youtube_video1.pcap",1657026730.944693,91,427,"99.178.354.341.427","99.178.354.341.427",1,2914,2860,1,0,0,0,2914,2860,1,1657026730.561849,"10.0.2.15","216.58.201.238","08:00:27:3A:52:ED","52:54:00:12:35:02",1,443,55662,0,0,0,0,0,0,0,0,0,0,0,0,0,4,0
100,3,"/home/pqv/data/video_website/youtube_video1.pcap",1657026730.944693,92,427,"99.178.354.341.427","99.178.354.341.427",1,1484,1430,1,0,0,0,1484,1430,1,1657026730.561849,"10.0.2.15","216.58.201.238","08:00:27:3A:52:ED","52:54:00:12:35:02",1,443,55662,0,0,0,0,0,0,0,0,0,0,0,0,0,4,0
100,3,"/home/pqv/data/video_website/youtube_video1.pcap",1657026730.944716,93,427,"99.178.354.341.427","99.178.354.341.427",1,54,0,1,54,0,1,0,0,0,1657026730.561849,"10.0.2.15","216.58.201.238","08:00:27:3A:52:ED","52:54:00:12:35:02",1,443,55662,0,0,0,23,23,0,23,0,23,0,0,0,0,4,0
100,3,"/home/pqv/data/video_website/youtube_video1.pcap",1657026730.944746,94,427,"99.178.354.341.427","99.178.354.341.427",1,54,0,1,54,0,1,0,0,0,1657026730.561849,"10.0.2.15","216.58.201.238","08:00:27:3A:52:ED","52:54:00:12:35:02",1,443,55662,0,0,0,30,53,0,53,0,53,0,0,0,0,4,0
100,3,"/home/pqv/data/video_website/youtube_video1.pcap",1657026730.944753,95,427,"99.178.354.341.427","99.178.354.341.427",1,54,0,1,54,0,1,0,0,0,1657026730.561849,"10.0.2.15","216.58.201.238","08:00:27:3A:52:ED","52:54:00:12:35:02",1,443,55662,0,0,0,7,60,0,60,0,60,0,0,0,0,4,0
100,3,"/home/pqv/data/video_website/youtube_video1.pcap",1657026730.944766,96,427,"99.178.354.341.427","99.178.354.341.427",1,1484,1430,1,0,0,0,1484,1430,1,1657026730.561849,"10.0.2.15","216.58.201.238","08:00:27:3A:52:ED","52:54:00:12:35:02",1,443,55662,0,0,0,13,0,13,0,13,0,13,0,0,0,4,0
100,3,"/home/pqv/data/video_website/youtube_video1.pcap",1657026730.944769,97,427,"99.178.354.341.427","99.178.354.341.427",1,54,0,1,54,0,1,0,0,0,1657026730.561849,"10.0.2.15","216.58.201.238","08:00:27:3A:52:ED","52:54:00:12:35:02",1,443,55662,0,0,0,3,3,0,3,0,3,0,0,0,0,4,0
100,3,"/home/pqv/data/video_website/youtube_video1.pcap",1657026730.944877,98,427,"99.178.354.341.427","99.178.354.341.427",1,1484,1430,1,0,0,0,1484,1430,1,1657026730.561849,"10.0.2.15","216.58.201.238","08:00:27:3A:52:ED","52:54:00:12:35:02",1,443,55662,0,0,0,108,0,108,0,108,0,108,0,0,0,4,0
100,3,"/home/pqv/data/video_website/youtube_video1.pcap",1657026730.944881,99,427,"99.178.354.341.427","99.178.354.341.427",1,54,0,1,54,0,1,0,0,0,1657026730.561849,"10.0.2.15","216.58.201.238","08:00:27:3A:52:ED","52:54:00:12:35:02",1,443,55662,0,0,0,4,4,0,4,0,4,0,0,0,0,4,0
100,3,"/home/pqv/data/video_website/youtube_video1.pcap",1657026730.947597,100,427,"99.178.354.341.427","99.178.354.341.427",1,30714,30660,1,0,0,0,30714,30660,1,1657026730.561849,"10.0.2.15","216.58.201.238","08:00:27:3A:52:ED","52:54:00:12:35:02",1,443,55662,0,0,0,2716,0,2716,0,2716,0,2716,0,0,0,4,0
100,3,"/home/pqv/data/video_website/youtube_video1.pcap",1657026730.947612,101,427,"99.178.354.341.427","99.178.354.341.427",1,54,0,1,54,0,1,0,0,0,1657026730.561849,"10.0.2.15","216.58.201.238","08:00:27:3A:52:ED","52:54:00:12:35:02",1,443,55662,0,0,0,15,15,0,15,0,15,0,0,0,0,4,0
100,3,"/home/pqv/data/video_website/youtube_video1.pcap",1657026730.947696,102,427,"99.178.354.341.427","99.178.354.341.427",1,22378,22324,1,0,0,0,22378,22324,1,1657026730.561849,"10.0.2.15","216.58.201.238","08:00:27:3A:52:ED","52:54:00:12:35:02",1,443,55662,0,0,0,84,0,84,0,84,0,84,0,0,0,4,0
100,3,"/home/pqv/data/video_website/youtube_video1.pcap",1657026730.947706,103,427,"99.178.354.341.427","99.178.354.341.427",1,54,0,1,54,0,1,0,0,0,1657026730.561849,"10.0.2.15","216.58.201.238","08:00:27:3A:52:ED","52:54:00:12:35:02",1,443,55662,0,0,0,10,10,0,10,0,10,0,0,0,0,4,0
100,3,"/home/pqv/data/video_website/youtube_video1.pcap",1657026730.947729,104,427,"99.178.354.341.427","99.178.354.341.427",1,4344,4290,1,0,0,0,4344,4290,1,1657026730.561849,"10.0.2.15","216.58.201.238","08:00:27:3A:52:ED","52:54:00:12:35:02",1,443,55662,0,0,0,23,0,23,0,23,0,23,0,0,0,4,0
100,3,"/home/pqv/data/video_website/youtube_video1.pcap",1657026730.947729,105,427,"99.178.354.341.427","99.178.354.341.427",1,7354,7300,1,0,0,0,7354,7300,1,1657026730.561849,"10.0.2.15","216.58.201.238","08:00:27:3A:52:ED","52:54:00:12:35:02",1,443,55662,0,0,0,0,0,0,0,0,0,0,0,0,0,4,0
100,3,"/home/pqv/data/video_website/youtube_video1.pcap",1657026730.947735,106,427,"99.178.354.341.427","99.178.354.341.427",1,54,0,1,54,0,1,0,0,0,1657026730.561849,"10.0.2.15","216.58.201.238","08:00:27:3A:52:ED","52:54:00:12:35:02",1,443,55662,0,0,0,6,6,0,6,0,6,0,0,0,0,4,0
100,3,"/home/pqv/data/video_website/youtube_video1.pcap",1657026730.947746,107,427,"99.178.354.341.427","99.178.354.341.427",1,54,0,1,54,0,1,0,0,0,1657026730.561849,"10.0.2.15","216.58.201.238","08:00:27:3A:52:ED","52:54:00:12:35:02",1,443,55662,0,0,0,11,17,0,17,0,17,0,0,0,0,4,0
100,3,"/home/pqv/data/video_website/youtube_video1.pcap",1657026730.947758,108,427,"99.178.354.341.427","99.178.354.341.427",1,1180,1126,1,0,0,0,1180,1126,1,1657026730.561849,"10.0.2.15","216.58.201.238","08:00:27:3A:52:ED","52:54:00:12:35:02",1,443,55662,0,0,0,12,0,12,0,12,0,12,0,0,0,4,0
100,3,"/home/pqv/data/video_website/youtube_video1.pcap",1657026730.947758,109,427,"99.178.354.341.427","99.178.354.341.427",1,10218,10164,1,0,0,0,10218,10164,1,1657026730.561849,"10.0.2.15","216.58.201.238","08:00:27:3A:52:ED","52:54:00:12:35:02",1,443,55662,0,0,0,0,0,0,0,0,0,0,0,0,0,4,0
100,3,"/home/pqv/data/video_website/youtube_video1.pcap",1657026730.947762,110,427,"99.178.354.341.427","99.178.354.341.427",1,54,0,1,54,0,1,0,0,0,1657026730.561849,"10.0.2.15","216.58.201.238","08:00:27:3A:52:ED","52:54:00:12:35:02",1,443,55662,0,0,0,4,4,0,4,0,4,0,0,0,0,4,0
100,3,"/home/pqv/data/video_website/youtube_video1.pcap",1657026730.947789,111,427,"99.178.354.341.427","99.178.354.341.427",1,54,0,1,54,0,1,0,0,0,1657026730.561849,"10.0.2.15","216.58.201.238","08:00:27:3A:52:ED","52:54:00:12:35:02",1,443,55662,0,0,0,27,31,0,31,0,31,0,0,0,0,4,0
100,3,"/home/pqv/data/video_website/youtube_video1.pcap",1657026730.947824,112,427,"99.178.354.341.427","99.178.354.341.427",1,5774,5720,1,0,0,0,5774,5720,1,1657026730.561849,"10.0.2.15","216.58.201.238","08:00:27:3A:52:ED","52:54:00:12:35:02",1,443,55662,0,0,0,35,0,35,0,35,0,35,0,0,0,4,0
100,3,"/home/pqv/data/video_website/youtube_video1.pcap",1657026730.947824,113,427,"99.178.354.341.427","99.178.354.341.427",1,3328,3274,1,0,0,0,3328,3274,1,1657026730.561849,"10.0.2.15","216.58.201.238","08:00:27:3A:52:ED","52:54:00:12:35:02",1,443,55662,0,0,0,0,0,0,0,0,0,0,0,0,0,4,0
100,3,"/home/pqv/data/video_website/youtube_video1.pcap",1657026730.947824,114,427,"99.178.354.341.427","99.178.354.341.427",1,1484,1430,1,0,0,0,1484,1430,1,1657026730.561849,"10.0.2.15","216.58.201.238","08:00:27:3A:52:ED","52:54:00:12:35:02",1,443,55662,0,0,0,0,0,0,0,0,0,0,0,0,0,4,0
100,3,"/home/pqv/data/video_website/youtube_video1.pcap",1657026730.947829,115,427,"99.178.354.341.427","99.178.354.341.427",1,54,0,1,54,0,1,0,0,0,1657026730.561849,"10.0.2.15","216.58.201.238","08:00:27:3A:52:ED","52:54:00:12:35:02",1,443,55662,0,0,0,5,5,0,5,0,5,0,0,0,0,4,0
100,3,"/home/pqv/data/video_website/youtube_video1.pcap",1657026730.947840,116,427,"99.178.354.341.427","99.178.354.341.427",1,54,0,1,54,0,1,0,0,0,1657026730.561849,"10.0.2.15","216.58.201.238","08:00:27:3A:52:ED","52:54:00:12:35:02",1,443,55662,0,0,0,11,16,0,16,0,16,0,0,0,0,4,0
100,3,"/home/pqv/data/video_website/youtube_video1.pcap",1657026730.947848,117,427,"99.178.354.341.427","99.178.354.341.427",1,54,0,1,54,0,1,0,0,0,1657026730.561849,"10.0.2.15","216.58.201.238","08:00:27:3A:52:ED","52:54:00:12:35:02",1,443,55662,0,0,0,8,24,0,24,0,24,0,0,0,0,4,0
100,3,"/home/pqv/data/video_website/youtube_video1.pcap",1657026730.947862,118,427,"99.178.354.341.427","99.178.354.341.427",1,1484,1430,1,0,0,0,1484,1430,1,1657026730.561849,"10.0.2.15","216.58.201.238","08:00:27:3A:52:ED","52:54:00:12:35:02",1,443,55662,0,0,0,14,0,14,0,14,0,14,0,0,0,4,0
100,3,"/home/pqv/data/video_website/youtube_video1.pcap",1657026730.947865,119,427,"99.178.354.341.427","99.178.354.341.427",1,54,0,1,54,0,1,0,0,0,1657026730.561849,"10.0.2.15","216.58.201.238","08:00:27:3A:52:ED","52:54:00:12:35:02",1,443,55662,0,0,0,3,3,0,3,0,3,0,0,0,0,4,0
100,3,"/home/pqv/data/video_website/youtube_video1.pcap",1657026730.948060,120,427,"99.178.354.341.427","99.178.354.341.427",1,1484,1430,1,0,0,0,1484,1430,1,1657026730.561849,"10.0.2.15","216.58.201.238","08:00:27:3A:52:ED","52:54:00:12:35:02",1,443,55662,0,0,0,195,0,195,0,195,0,195,0,0,0,4,0
100,3,"/home/pqv/data/video_website/youtube_video1.pcap",1657026730.948060,121,427,"99.178.354.341.427","99.178.354.341.427",1,1484,1430,1,0,0,0,1484,1430,1,1657026730.561849,"10.0.2.15","216.58.201.238","08:00:27:3A:52:ED","52:54:00:12:35:02",1,443,55662,0,0,0,0,0,0,0,0,0,0,0,0,0,4,0
100,3,"/home/pqv/data/video_website/youtube_video1.pcap",1657026730.948083,122,427,"99.178.354.341.427","99.178.354.341.427",1,54,0,1,54,0,1,0,0,0,1657026730.561849,"10.0.2.15","216.58.201.238","08:00:27:3A:52:ED","52:54:00:12:35:02",1,443,55662,0,0,0,23,23,0,23,0,23,0,0,0,0,4,0
100,3,"/home/pqv/data/video_website/youtube_video1.pcap",1657026730.948112,123,427,"99.178.354.341.427","99.178.354.341.427",1,54,0,1,54,0,1,0,0,0,1657026730.561849,"10.0.2.15","216.58.201.238","08:00:27:3A:52:ED","52:54:00:12:35:02",1,443,55662,0,0,0,29,52,0,52,0,52,0,0,0,0,4,0
100,3,"/home/pqv/data/video_website/youtube_video1.pcap",1657026730.948333,124,427,"99.178.354.341.427","99.178.354.341.427",1,7204,7150,1,0,0,0,7204,7150,1,1657026730.561849,"10.0.2.15","216.58.201.238","08:00:27:3A:52:ED","52:54:00:12:35:02",1,443,55662,0,0,0,221,0,221,0,221,0,221,0,0,0,4,0
100,3,"/home/pqv/data/video_website/youtube_video1.pcap",1657026730.948338,125,427,"99.178.354.341.427","99.178.354.341.427",1,54,0,1,54,0,1,0,0,0,1657026730.561849,"10.0.2.15","216.58.201.238","08:00:27:3A:52:ED","52:54:00:12:35:02",1,443,55662,0,0,0,5,5,0,5,0,5,0,0,0,0,4,0
100,3,"/home/pqv/data/video_website/youtube_video1.pcap",1657026730.949615,126,427,"99.178.354.341.427","99.178.354.341.427",1,21946,21892,1,0,0,0,21946,21892,1,1657026730.561849,"10.0.2.15","216.58.201.238","08:00:27:3A:52:ED","52:54:00:12:35:02",1,443,55662,0,0,0,1277,0,1277,0,1277,0,1277,0,0,0,4,0
100,3,"/home/pqv/data/video_website/youtube_video1.pcap",1657026730.949631,127,427,"99.178.354.341.427","99.178.354.341.427",1,54,0,1,54,0,1,0,0,0,1657026730.561849,"10.0.2.15","216.58.201.238","08:00:27:3A:52:ED","52:54:00:12:35:02",1,443,55662,0,0,0,16,16,0,16,0,16,0,0,0,0,4,0
100,3,"/home/pqv/data/video_website/youtube_video1.pcap",1657026730.949682,128,427,"99.178.354.341.427","99.178.354.341.427",1,5774,5720,1,0,0,0,5774,5720,1,1657026730.561849,"10.0.2.15","216.58.201.238","08:00:27:3A:52:ED","52:54:00:12:35:02",1,443,55662,0,0,0,51,0,51,0,51,0,51,0,0,0,4,0
100,3,"/home/pqv/data/video_website/youtube_video1.pcap",1657026730.949682,129,427,"99.178.354.341.427","99.178.354.341.427",1,2914,2860,1,0,0,0,2914,2860,1,1657026730.561849,"10.0.2.15","216.58.201.238","08:00:27:3A:52:ED","52:54:00:12:35:02",1,443,55662,0,0,0,0,0,0,0,0,0,0,0,0,0,4,0
100,3,"/home/pqv/data/video_website/youtube_video1.pcap",1657026730.949682,130,427,"99.178.354.341.427","99.178.354.341.427",1,1484,1430,1,0,0,0,1484,1430,1,1657026730.561849,"10.0.2.15","216.58.201.238","08:00:27:3A:52:ED","52:54:00:12:35:02",1,443,55662,0,0,0,0,0,0,0,0,0,0,0,0,0,4,0
100,3,"/home/pqv/data/video_website/youtube_video1.pcap",1657026730.949690,131,427,"99.178.354.341.427","99.178.354.341.427",1,54,0,1,54,0,1,0,0,0,1657026730.561849,"10.0.2.15","216.58.201.238","08:00:27:3A:52:ED","52:54:00:12:35:02",1,443,55662,0,0,0,8,8,0,8,0,8,0,0,0,0,4,0
100,3,"/home/pqv/data/video_website/youtube_video1.pcap",1657026730.949701,132,427,"99.178.354.341.427","99.178.354.341.427",1,54,0,1,54,0,1,0,0,0,1657026730.561849,"10.0.2.15","216.58.201.238","08:00:27:3A:52:ED","52:54:00:12:35:02",1,443,55662,0,0,0,11,19,0,19,0,19,0,0,0,0,4,0
100,3,"/home/pqv/data/video_website/youtube_video1.pcap",1657026730.949726,133,427,"99.178.354.341.427","99.178.354.341.427",1,54,0,1,54,0,1,0,0,0,1657026730.561849,"10.0.2.15","216.58.201.238","08:00:27:3A:52:ED","52:54:00:12:35:02",1,443,55662,0,0,0,25,44,0,44,0,44,0,0,0,0,4,0
100,3,"/home/pqv/data/video_website/youtube_video1.pcap",1657026730.949798,134,427,"99.178.354.341.427","99.178.354.341.427",1,1484,1430,1,0,0,0,1484,1430,1,1657026730.561849,"10.0.2.15","216.58.201.238","08:00:27:3A:52:ED","52:54:00:12:35:02",1,443,55662,0,0,0,72,0,72,0,72,0,72,0,0,0,4,0
100,3,"/home/pqv/data/video_website/youtube_video1.pcap",1657026730.949798,135,427,"99.178.354.341.427","99.178.354.341.427",1,1484,1430,1,0,0,0,1484,1430,1,1657026730.561849,"10.0.2.15","216.58.201.238","08:00:27:3A:52:ED","52:54:00:12:35:02",1,443,55662,0,0,0,0,0,0,0,0,0,0,0,0,0,4,0
100,3,"/home/pqv/data/video_website/youtube_video1.pcap",1657026730.949805,136,427,"99.178.354.341.427","99.178.354.341.427",1,54,0,1,54,0,1,0,0,0,1657026730.561849,"10.0.2.15","216.58.201.238","08:00:27:3A:52:ED","52:54:00:12:35:02",1,443,55662,0,0,0,7,7,0,7,0,7,0,0,0,0,4,0
100,3,"/home/pqv/data/video_website/youtube_video1.pcap",1657026730.949829,137,427,"99.178.354.341.427","99.178.354.341.427",1,54,0,1,54,0,1,0,0,0,1657026730.561849,"10.0.2.15","216.58.201.238","08:00:27:3A:52:ED","52:54:00:12:35:02",1,443,55662,0,0,0,24,31,0,31,0,31,0,0,0,0,4,0
100,3,"/home/pqv/data/video_website/youtube_video1.pcap",1657026730.949902,138,427,"99.178.354.341.427","99.178.354.341.427",1,1484,1430,1,0,0,0,1484,1430,1,1657026730.561849,"10.0.2.15","216.58.201.238","08:00:27:3A:52:ED","52:54:00:12:35:02",1,443,55662,0,0,0,73,0,73,0,73,0,73,0,0,0,4,0
100,3,"/home/pqv/data/video_website/youtube_video1.pcap",1657026730.949902,139,427,"99.178.354.341.427","99.178.354.341.427",1,2914,2860,1,0,0,0,2914,2860,1,1657026730.561849,"10.0.2.15","216.58.201.238","08:00:27:3A:52:ED","52:54:00:12:35:02",1,443,55662,0,0,0,0,0,0,0,0,0,0,0,0,0,4,0
100,3,"/home/pqv/data/video_website/youtube_video1.pcap",1657026730.949908,140,427,"99.178.354.341.427","99.178.354.341.427",1,54,0,1,54,0,1,0,0,0,1657026730.561849,"10.0.2.15","216.58.201.238","08:00:27:3A:52:ED","52:54:00:12:35:02",1,443,55662,0,0,0,6,6,0,6,0,6,0,0,0,0,4,0
100,3,"/home/pqv/data/video_website/youtube_video1.pcap",1657026730.949917,141,427,"99.178.354.341.427","99.178.354.341.427",1,54,0,1,54,0,1,0,0,0,1657026730.561849,"10.0.2.15","216.58.201.238","08:00:27:3A:52:ED","52:54:00:12:35:02",1,443,55662,0,0,0,9,15,0,15,0,15,0,0,0,0,4,0
100,3,"/home/pqv/data/video_website/youtube_video1.pcap",1657026730.950219,142,427,"99.178.354.341.427","99.178.354.341.427",1,5774,5720,1,0,0,0,5774,5720,1,1657026730.561849,"10.0.2.15","216.58.201.238","08:00:27:3A:52:ED","52:54:00:12:35:02",1,443,55662,0,0,0,302,0,302,0,302,0,302,0,0,0,4,0
100,3,"/home/pqv/data/video_website/youtube_video1.pcap",1657026730.950228,143,427,"99.178.354.341.427","99.178.354.341.427",1,54,0,1,54,0,1,0,0,0,1657026730.561849,"10.0.2.15","216.58.201.238","08:00:27:3A:52:ED","52:54:00:12:35:02",1,443,55662,0,0,0,9,9,0,9,0,9,0,0,0,0,4,0
100,3,"/home/pqv/data/video_website/youtube_video1.pcap",1657026730.950626,144,427,"99.178.354.341.427","99.178.354.341.427",1,10064,10010,1,0,0,0,10064,10010,1,1657026730.561849,"10.0.2.15","216.58.201.238","08:00:27:3A:52:ED","52:54:00:12:35:02",1,443,55662,0,0,0,398,0,398,0,398,0,398,0,0,0,4,0
100,3,"/home/pqv/data/video_website/youtube_video1.pcap",1657026730.950647,145,427,"99.178.354.341.427","99.178.354.341.427",1,54,0,1,54,0,1,0,0,0,1657026730.561849,"10.0.2.15","216.58.201.238","08:00:27:3A:52:ED","52:54:00:12:35:02",1,443,55662,0,0,0,21,21,0,21,0,21,0,0,0,0,4,0
100,3,"/home/pqv/data/video_website/youtube_video1.pcap",1657026730.954186,146,427,"99.178.354.341.427","99.178.354.341.427",1,22934,22880,1,0,0,0,22934,22880,1,1657026730.561849,"10.0.2.15","216.58.201.238","08:00:27:3A:52:ED","52:54:00:12:35:02",1,443,55662,0,0,0,3539,0,3539,0,3539,0,3539,0,0,0,4,0
100,3,"/home/pqv/data/video_website/youtube_video1.pcap",1657026730.954198,147,427,"99.178.354.341.427","99.178.354.341.427",1,54,0,1,54,0,1,0,0,0,1657026730.561849,"10.0.2.15","216.58.201.238","08:00:27:3A:52:ED","52:54:00:12:35:02",1,443,55662,0,0,0,12,12,0,12,0,12,0,0,0,0,4,0
100,3,"/home/pqv/data/video_website/youtube_video1.pcap",1657026730.954222,148,427,"99.178.354.341.427","99.178.354.341.427",1,5774,5720,1,0,0,0,5774,5720,1,1657026730.561849,"10.0.2.15","216.58.201.238","08:00:27:3A:52:ED","52:54:00:12:35:02",1,443,55662,0,0,0,24,0,24,0,24,0,24,0,0,0,4,0
100,3,"/home/pqv/data/video_website/youtube_video1.pcap",1657026730.954222,149,427,"99.178.354.341.427","99.178.354.341.427",1,2914,2860,1,0,0,0,2914,2860,1,1657026730.561849,"10.0.2.15","216.58.201.238","08:00:27:3A:52:ED","52:54:00:12:35:02",1,443,55662,0,0,0,0,0,0,0,0,0,0,0,0,0,4,0
100,3,"/home/pqv/data/video_website/youtube_video1.pcap",1657026730.954222,150,427,"99.178.354.341.427","99.178.354.341.427",1,2914,2860,1,0,0,0,2914,2860,1,1657026730.561849,"10.0.2.15","216.58.201.238","08:00:27:3A:52:ED","52:54:00:12:35:02",1,443,55662,0,0,0,0,0,0,0,0,0,0,0,0,0,4,0
100,3,"/home/pqv/data/video_website/youtube_video1.pcap",1657026730.954227,151,427,"99.178.354.341.427","99.178.354.341.427",1,54,0,1,54,0,1,0,0,0,1657026730.561849,"10.0.2.15","216.58.201.238","08:00:27:3A:52:ED","52:54:00:12:35:02",1,443,55662,0,0,0,5,5,0,5,0,5,0,0,0,0,4,0
100,3,"/home/pqv/data/video_website/youtube_video1.pcap",1657026730.954234,152,427,"99.178.354.341.427","99.178.354.341.427",1,54,0,1,54,0,1,0,0,0,1657026730.561849,"10.0.2.15","216.58.201.238","08:00:27:3A:52:ED","52:54:00:12:35:02",1,443,55662,0,0,0,7,12,0,12,0,12,0,0,0,0,4,0
100,3,"/home/pqv/data/video_website/youtube_video1.pcap",1657026730.954253,153,427,"99.178.354.341.427","99.178.354.341.427",1,54,0,1,54,0,1,0,0,0,1657026730.561849,"10.0.2.15","216.58.201.238","08:00:27:3A:52:ED","52:54:00:12:35:02",1,443,55662,0,0,0,19,31,0,31,0,31,0,0,0,0,4,0
100,3,"/home/pqv/data/video_website/youtube_video1.pcap",1657026730.954292,154,427,"99.178.354.341.427","99.178.354.341.427",1,1484,1430,1,0,0,0,1484,1430,1,1657026730.561849,"10.0.2.15","216.58.201.238","08:00:27:3A:52:ED","52:54:00:12:35:02",1,443,55662,0,0,0,39,0,39,0,39,0,39,0,0,0,4,0
100,3,"/home/pqv/data/video_website/youtube_video1.pcap",1657026730.954292,155,427,"99.178.354.341.427","99.178.354.341.427",1,1484,1430,1,0,0,0,1484,1430,1,1657026730.561849,"10.0.2.15","216.58.201.238","08:00:27:3A:52:ED","52:54:00:12:35:02",1,443,55662,0,0,0,0,0,0,0,0,0,0,0,0,0,4,0
100,3,"/home/pqv/data/video_website/youtube_video1.pcap",1657026730.954292,156,427,"99.178.354.341.427","99.178.354.341.427",1,1484,1430,1,0,0,0,1484,1430,1,1657026730.561849,"10.0.2.15","216.58.201.238","08:00:27:3A:52:ED","52:54:00:12:35:02",1,443,55662,0,0,0,0,0,0,0,0,0,0,0,0,0,4,0
100,3,"/home/pqv/data/video_website/youtube_video1.pcap",1657026730.954296,157,427,"99.178.354.341.427","99.178.354.341.427",1,54,0,1,54,0,1,0,0,0,1657026730.561849,"10.0.2.15","216.58.201.238","08:00:27:3A:52:ED","52:54:00:12:35:02",1,443,55662,0,0,0,4,4,0,4,0,4,0,0,0,0,4,0
100,3,"/home/pqv/data/video_website/youtube_video1.pcap",1657026730.954316,158,427,"99.178.354.341.427","99.178.354.341.427",1,54,0,1,54,0,1,0,0,0,1657026730.561849,"10.0.2.15","216.58.201.238","08:00:27:3A:52:ED","52:54:00:12:35:02",1,443,55662,0,0,0,20,24,0,24,0,24,0,0,0,0,4,0
100,3,"/home/pqv/data/video_website/youtube_video1.pcap",1657026730.954320,159,427,"99.178.354.341.427","99.178.354.341.427",1,54,0,1,54,0,1,0,0,0,1657026730.561849,"10.0.2.15","216.58.201.238","08:00:27:3A:52:ED","52:54:00:12:35:02",1,443,55662,0,0,0,4,28,0,28,0,28,0,0,0,0,4,0
100,3,"/home/pqv/data/video_website/youtube_video1.pcap",1657026730.954534,160,427,"99.178.354.341.427","99.178.354.341.427",1,7204,7150,1,0,0,0,7204,7150,1,1657026730.561849,"10.0.2.15","216.58.201.238","08:00:27:3A:52:ED","52:54:00:12:35:02",1,443,55662,0,0,0,214,0,214,0,214,0,214,0,0,0,4,0
100,3,"/home/pqv/data/video_website/youtube_video1.pcap",1657026730.954538,161,427,"99.178.354.341.427","99.178.354.341.427",1,54,0,1,54,0,1,0,0,0,1657026730.561849,"10.0.2.15","216.58.201.238","08:00:27:3A:52:ED","52:54:00:12:35:02",1,443,55662,0,0,0,4,4,0,4,0,4,0,0,0,0,4,0
100,3,"/home/pqv/data/video_website/youtube_video1.pcap",1657026730.955273,162,427,"99.178.354.341.427","99.178.354.341.427",1,11494,11440,1,0,0,0,11494,11440,1,1657026730.561849,"10.0.2.15","216.58.201.238","08:00:27:3A:52:ED","52:54:00:12:35:02",1,443,55662,0,0,0,735,0,735,0,735,0,735,0,0,0,4,0
100,3,"/home/pqv/data/video_website/youtube_video1.pcap",1657026730.955280,163,427,"99.178.354.341.427","99.178.354.341.427",1,54,0,1,54,0,1,0,0,0,1657026730.561849,"10.0.2.15","216.58.201.238","08:00:27:3A:52:ED","52:54:00:12:35:02",1,443,55662,0,0,0,7,7,0,7,0,7,0,0,0,0,4,0
100,3,"/home/pqv/data/video_website/youtube_video1.pcap",1657026730.956496,164,427,"99.178.354.341.427","99.178.354.341.427",1,21954,21900,1,0,0,0,21954,21900,1,1657026730.561849,"10.0.2.15","216.58.201.238","08:00:27:3A:52:ED","52:54:00:12:35:02",1,443,55662,0,0,0,1216,0,1216,0,1216,0,1216,0,0,0,4,0
100,3,"/home/pqv/data/video_website/youtube_video1.pcap",1657026730.956506,165,427,"99.178.354.341.427","99.178.354.341.427",1,54,0,1,54,0,1,0,0,0,1657026730.561849,"10.0.2.15","216.58.201.238","08:00:27:3A:52:ED","52:54:00:12:35:02",1,443,55662,0,0,0,10,10,0,10,0,10,0,0,0,0,4,0
100,3,"/home/pqv/data/video_website/youtube_video1.pcap",1657026730.956587,166,427,"99.178.354.341.427","99.178.354.341.427",1,1034,980,1,0,0,0,1034,980,1,1657026730.561849,"10.0.2.15","216.58.201.238","08:00:27:3A:52:ED","52:54:00:12:35:02",1,443,55662,0,0,0,81,0,81,0,81,0,81,0,0,0,4,0
100,3,"/home/pqv/data/video_website/youtube_video1.pcap",1657026730.956587,167,427,"99.178.354.341.427","99.178.354.341.427",1,5774,5720,1,0,0,0,5774,5720,1,1657026730.561849,"10.0.2.15","216.58.201.238","08:00:27:3A:52:ED","52:54:00:12:35:02",1,443,55662,0,0,0,0,0,0,0,0,0,0,0,0,0,4,0
100,3,"/home/pqv/data/video_website/youtube_video1.pcap",1657026730.956587,168,427,"99.178.354.341.427","99.178.354.341.427",1,2914,2860,1,0,0,0,2914,2860,1,1657026730.561849,"10.0.2.15","216.58.201.238","08:00:27:3A:52:ED","52:54:00:12:35:02",1,443,55662,0,0,0,0,0,0,0,0,0,0,0,0,0,4,0
100,3,"/home/pqv/data/video_website/youtube_video1.pcap",1657026730.956614,169,427,"99.178.354.341.427","99.178.354.341.427",1,54,0,1,54,0,1,0,0,0,1657026730.561849,"10.0.2.15","216.58.201.238","08:00:27:3A:52:ED","52:54:00:12:35:02",1,443,55662,0,0,0,27,27,0,27,0,27,0,0,0,0,4,0
100,3,"/home/pqv/data/video_website/youtube_video1.pcap",1657026730.956627,170,427,"99.178.354.341.427","99.178.354.341.427",1,54,0,1,54,0,1,0,0,0,1657026730.561849,"10.0.2.15","216.58.201.238","08:00:27:3A:52:ED","52:54:00:12:35:02",1,443,55662,0,0,0,13,40,0,40,0,40,0,0,0,0,4,0
100,3,"/home/pqv/data/video_website/youtube_video1.pcap",1657026730.956637,171,427,"99.178.354.341.427","99.178.354.341.427",1,54,0,1,54,0,1,0,0,0,1657026730.561849,"10.0.2.15","216.58.201.238","08:00:27:3A:52:ED","52:54:00:12:35:02",1,443,55662,0,0,0,10,50,0,50,0,50,0,0,0,0,4,0
100,3,"/home/pqv/data/video_website/youtube_video1.pcap",1657026730.956699,172,427,"99.178.354.341.427","99.178.354.341.427",1,2914,2860,1,0,0,0,2914,2860,1,1657026730.561849,"10.0.2.15","216.58.201.238","08:00:27:3A:52:ED","52:54:00:12:35:02",1,443,55662,0,0,0,62,0,62,0,62,0,62,0,0,0,4,0
100,3,"/home/pqv/data/video_website/youtube_video1.pcap",1657026730.956727,173,427,"99.178.354.341.427","99.178.354.341.427",1,54,0,1,54,0,1,0,0,0,1657026730.561849,"10.0.2.15","216.58.201.238","08:00:27:3A:52:ED","52:54:00:12:35:02",1,443,55662,0,0,0,28,28,0,28,0,28,0,0,0,0,4,0
100,3,"/home/pqv/data/video_website/youtube_video1.pcap",1657026730.956800,174,427,"99.178.354.341.427","99.178.354.341.427",1,1484,1430,1,0,0,0,1484,1430,1,1657026730.561849,"10.0.2.15","216.58.201.238","08:00:27:3A:52:ED","52:54:00:12:35:02",1,443,55662,0,0,0,73,0,73,0,73,0,73,0,0,0,4,0
100,3,"/home/pqv/data/video_website/youtube_video1.pcap",1657026730.956800,175,427,"99.178.354.341.427","99.178.354.341.427",1,1484,1430,1,0,0,0,1484,1430,1,1657026730.561849,"10.0.2.15","216.58.201.238","08:00:27:3A:52:ED","52:54:00:12:35:02",1,443,55662,0,0,0,0,0,0,0,0,0,0,0,0,0,4,0
100,3,"/home/pqv/data/video_website/youtube_video1.pcap",1657026730.956800,176,427,"99.178.354.341.427","99.178.354.341.427",1,1484,1430,1,0,0,0,1484,1430,1,1657026730.561849,"10.0.2.15","216.58.201.238","08:00:27:3A:52:ED","52:54:00:12:35:02",1,443,55662,0,0,0,0,0,0,0,0,0,0,0,0,0,4,0
100,3,"/home/pqv/data/video_website/youtube_video1.pcap",1657026730.956833,177,427,"99.178.354.341.427","99.178.354.341.427",1,54,0,1,54,0,1,0,0,0,1657026730.561849,"10.0.2.15","216.58.201.238","08:00:27:3A:52:ED","52:54:00:12:35:02",1,443,55662,0,0,0,33,33,0,33,0,33,0,0,0,0,4,0
100,3,"/home/pqv/data/video_website/youtube_video1.pcap",1657026730.957071,178,427,"99.178.354.341.427","99.178.354.341.427",1,7204,7150,1,0,0,0,7204,7150,1,1657026730.561849,"10.0.2.15","216.58.201.238","08:00:27:3A:52:ED","52:54:00:12:35:02",1,443,55662,0,0,0,238,0,238,0,238,0,238,0,0,0,4,0
100,3,"/home/pqv/data/video_website/youtube_video1.pcap",1657026730.957110,179,427,"99.178.354.341.427","99.178.354.341.427",1,54,0,1,54,0,1,0,0,0,1657026730.561849,"10.0.2.15","216.58.201.238","08:00:27:3A:52:ED","52:54:00:12:35:02",1,443,55662,0,0,0,39,39,0,39,0,39,0,0,0,0,4,0
100,3,"/home/pqv/data/video_website/youtube_video1.pcap",1657026730.958338,180,427,"99.178.354.341.427","99.178.354.341.427",1,22934,22880,1,0,0,0,22934,22880,1,1657026730.561849,"10.0.2.15","216.58.201.238","08:00:27:3A:52:ED","52:54:00:12:35:02",1,443,55662,0,0,0,1228,0,1228,0,1228,0,1228,0,0,0,4,0
100,3,"/home/pqv/data/video_website/youtube_video1.pcap",1657026730.958346,181,427,"99.178.354.341.427","99.178.354.341.427",1,54,0,1,54,0,1,0,0,0,1657026730.561849,"10.0.2.15","216.58.201.238","08:00:27:3A:52:ED","52:54:00:12:35:02",1,443,55662,0,0,0,8,8,0,8,0,8,0,0,0,0,4,0
100,3,"/home/pqv/data/video_website/youtube_video1.pcap",1657026730.958373,182,427,"99.178.354.341.427","99.178.354.341.427",1,5774,5720,1,0,0,0,5774,5720,1,1657026730.561849,"10.0.2.15","216.58.201.238","08:00:27:3A:52:ED","52:54:00:12:35:02",1,443,55662,0,0,0,27,0,27,0,27,0,27,0,0,0,4,0
100,3,"/home/pqv/data/video_website/youtube_video1.pcap",1657026730.958374,183,427,"99.178.354.341.427","99.178.354.341.427",1,2914,2860,1,0,0,0,2914,2860,1,1657026730.561849,"10.0.2.15","216.58.201.238","08:00:27:3A:52:ED","52:54:00:12:35:02",1,443,55662,0,0,0,1,0,0,0,0,0,0,0,0,0,4,0
100,3,"/home/pqv/data/video_website/youtube_video1.pcap",1657026730.958374,184,427,"99.178.354.341.427","99.178.354.341.427",1,1484,1430,1,0,0,0,1484,1430,1,1657026730.561849,"10.0.2.15","216.58.201.238","08:00:27:3A:52:ED","52:54:00:12:35:02",1,443,55662,0,0,0,0,0,0,0,0,0,0,0,0,0,4,0
100,3,"/home/pqv/data/video_website/youtube_video1.pcap",1657026730.958374,185,427,"99.178.354.341.427","99.178.354.341.427",1,1484,1430,1,0,0,0,1484,1430,1,1657026730.561849,"10.0.2.15","216.58.201.238","08:00:27:3A:52:ED","52:54:00:12:35:02",1,443,55662,0,0,0,0,0,0,0,0,0,0,0,0,0,4,0
100,3,"/home/pqv/data/video_website/youtube_video1.pcap",1657026730.958401,186,427,"99.178.354.341.427","99.178.354.341.427",1,1484,1430,1,0,0,0,1484,1430,1,1657026730.561849,"10.0.2.15","216.58.201.238","08:00:27:3A:52:ED","52:54:00:12:35:02",1,443,55662,0,0,0,27,0,0,0,0,0,0,0,0,0,4,0
100,3,"/home/pqv/data/video_website/youtube_video1.pcap",1657026730.958401,187,427,"99.178.354.341.427","99.178.354.341.427",1,2914,2860,1,0,0,0,2914,2860,1,1657026730.561849,"10.0.2.15","216.58.201.238","08:00:27:3A:52:ED","52:54:00:12:35:02",1,443,55662,0,0,0,0,0,0,0,0,0,0,0,0,0,4,0
100,3,"/home/pqv/data/video_website/youtube_video1.pcap",1657026730.958423,188,427,"99.178.354.341.427","99.178.354.341.427",1,54,0,1,54,0,1,0,0,0,1657026730.561849,"10.0.2.15","216.58.201.238","08:00:27:3A:52:ED","52:54:00:12:35:02",1,443,55662,0,0,0,22,22,0,22,0,22,0,0,0,0,4,0
100,3,"/home/pqv/data/video_website/youtube_video1.pcap",1657026730.958695,189,427,"99.178.354.341.427","99.178.354.341.427",1,7204,7150,1,0,0,0,7204,7150,1,1657026730.561849,"10.0.2.15","216.58.201.238","08:00:27:3A:52:ED","52:54:00:12:35:02",1,443,55662,0,0,0,272,0,272,0,272,0,272,0,0,0,4,0
100,3,"/home/pqv/data/video_website/youtube_video1.pcap",1657026730.958727,190,427,"99.178.354.341.427","99.178.354.341.427",1,54,0,1,54,0,1,0,0,0,1657026730.561849,"10.0.2.15","216.58.201.238","08:00:27:3A:52:ED","52:54:00:12:35:02",1,443,55662,0,0,0,32,32,0,32,0,32,0,0,0,0,4,0
100,3,"/home/pqv/data/video_website/youtube_video1.pcap",1657026730.959720,191,427,"99.178.354.341.427","99.178.354.341.427",1,22934,22880,1,0,0,0,22934,22880,1,1657026730.561849,"10.0.2.15","216.58.201.238","08:00:27:3A:52:ED","52:54:00:12:35:02",1,443,55662,0,0,0,993,0,993,0,993,0,993,0,0,0,4,0
100,3,"/home/pqv/data/video_website/youtube_video1.pcap",1657026730.959729,192,427,"99.178.354.341.427","99.178.354.341.427",1,54,0,1,54,0,1,0,0,0,1657026730.561849,"10.0.2.15","216.58.201.238","08:00:27:3A:52:ED","52:54:00:12:35:02",1,443,55662,0,0,0,9,9,0,9,0,9,0,0,0,0,4,0
100,3,"/home/pqv/data/video_website/youtube_video1.pcap",1657026730.959749,193,427,"99.178.354.341.427","99.178.354.341.427",1,5774,5720,1,0,0,0,5774,5720,1,1657026730.561849,"10.0.2.15","216.58.201.238","08:00:27:3A:52:ED","52:54:00:12:35:02",1,443,55662,0,0,0,20,0,20,0,20,0,20,0,0,0,4,0
100,3,"/home/pqv/data/video_website/youtube_video1.pcap",1657026730.959750,194,427,"99.178.354.341.427","99.178.354.341.427",1,2914,2860,1,0,0,0,2914,2860,1,1657026730.561849,"10.0.2.15","216.58.201.238","08:00:27:3A:52:ED","52:54:00:12:35:02",1,443,55662,0,0,0,1,0,0,0,0,0,0,0,0,0,4,0
100,3,"/home/pqv/data/video_website/youtube_video1.pcap",1657026730.959750,195,427,"99.178.354.341.427","99.178.354.341.427",1,1484,1430,1,0,0,0,1484,1430,1,1657026730.561849,"10.0.2.15","216.58.201.238","08:00:27:3A:52:ED","52:54:00:12:35:02",1,443,55662,0,0,0,0,0,0,0,0,0,0,0,0,0,4,0
100,3,"/home/pqv/data/video_website/youtube_video1.pcap",1657026730.959750,196,427,"99.178.354.341.427","99.178.354.341.427",1,1484,1430,1,0,0,0,1484,1430,1,1657026730.561849,"10.0.2.15","216.58.201.238","08:00:27:3A:52:ED","52:54:00:12:35:02",1,443,55662,0,0,0,0,0,0,0,0,0,0,0,0,0,4,0
100,3,"/home/pqv/data/video_website/youtube_video1.pcap",1657026730.959792,197,427,"99.178.354.341.427","99.178.354.341.427",1,54,0,1,54,0,1,0,0,0,1657026730.561849,"10.0.2.15","216.58.201.238","08:00:27:3A:52:ED","52:54:00:12:35:02",1,443,55662,0,0,0,42,42,0,42,0,42,0,0,0,0,4,0
100,3,"/home/pqv/data/video_website/youtube_video1.pcap",1657026730.962235,198,427,"99.178.354.341.427","99.178.354.341.427",1,11734,11680,1,0,0,0,11734,11680,1,1657026730.561849,"10.0.2.15","216.58.201.238","08:00:27:3A:52:ED","52:54:00:12:35:02",1,443,55662,0,0,0,2443,0,2443,0,2443,0,2443,0,0,0,4,0
100,3,"/home/pqv/data/video_website/youtube_video1.pcap",1657026730.962251,199,427,"99.178.354.341.427","99.178.354.341.427",1,54,0,1,54,0,1,0,0,0,1657026730.561849,"10.0.2.15","216.58.201.238","08:00:27:3A:52:ED","52:54:00:12:35:02",1,443,55662,0,0,0,16,16,0,16,0,16,0,0,0,0,4,0
100,3,"/home/pqv/data/video_website/youtube_video1.pcap",1657026730.962355,200,427,"99.178.354.341.427","99.178.354.341.427",1,19034,18980,1,0,0,0,19034,18980,1,1657026730.561849,"10.0.2.15","216.58.201.238","08:00:27:3A:52:ED","52:54:00:12:35:02",1,443,55662,0,0,0,104,0,104,0,104,0,104,0,0,0,4,0
100,3,"/home/pqv/data/video_website/youtube_video1.pcap",1657026730.962372,201,427,"99.178.354.341.427","99.178.354.341.427",1,19444,19390,1,0,0,0,19444,19390,1,1657026730.561849,"10.0.2.15","216.58.201.238","08:00:27:3A:52:ED","52:54:00:12:35:02",1,443,55662,0,0,0,17,0,0,0,0,0,0,0,0,0,4,0
100,3,"/home/pqv/data/video_website/youtube_video1.pcap",1657026730.962381,202,427,"99.178.354.341.427","99.178.354.341.427",1,1514,1460,1,0,0,0,1514,1460,1,1657026730.561849,"10.0.2.15","216.58.201.238","08:00:27:3A:52:ED","52:54:00:12:35:02",1,443,55662,0,0,0,9,0,0,0,0,0,0,0,0,0,4,0
100,3,"/home/pqv/data/video_website/youtube_video1.pcap",1657026730.962423,203,427,"99.178.354.341.427","99.178.354.341.427",1,5744,5690,1,0,0,0,5744,5690,1,1657026730.561849,"10.0.2.15","216.58.201.238","08:00:27:3A:52:ED","52:54:00:12:35:02",1,443,55662,0,0,0,42,0,0,0,0,0,0,0,0,0,4,0
100,3,"/home/pqv/data/video_website/youtube_video1.pcap",1657026730.962704,204,427,"99.178.354.341.427","99.178.354.341.427",1,54,0,1,54,0,1,0,0,0,1657026730.561849,"10.0.2.15","216.58.201.238","08:00:27:3A:52:ED","52:54:00:12:35:02",1,443,55662,0,0,0,281,281,0,281,0,281,0,0,0,0,4,0
100,3,"/home/pqv/data/video_website/youtube_video1.pcap",1657026730.963765,205,427,"99.178.354.341.427","99.178.354.341.427",1,22934,22880,1,0,0,0,22934,22880,1,1657026730.561849,"10.0.2.15","216.58.201.238","08:00:27:3A:52:ED","52:54:00:12:35:02",1,443,55662,0,0,0,1061,0,1061,0,1061,0,1061,0,0,0,4,0
100,3,"/home/pqv/data/video_website/youtube_video1.pcap",1657026730.963774,206,427,"99.178.354.341.427","99.178.354.341.427",1,54,0,1,54,0,1,0,0,0,1657026730.561849,"10.0.2.15","216.58.201.238","08:00:27:3A:52:ED","52:54:00:12:35:02",1,443,55662,0,0,0,9,9,0,9,0,9,0,0,0,0,4,0
100,3,"/home/pqv/data/video_website/youtube_video1.pcap",1657026730.963809,207,427,"99.178.354.341.427","99.178.354.341.427",1,5774,5720,1,0,0,0,5774,5720,1,1657026730.561849,"10.0.2.15","216.58.201.238","08:00:27:3A:52:ED","52:54:00:12:35:02",1,443,55662,0,0,0,35,0,35,0,35,0,35,0,0,0,4,0
100,3,"/home/pqv/data/video_website/youtube_video1.pcap",1657026730.963809,208,427,"99.178.354.341.427","99.178.354.341.427",1,2914,2860,1,0,0,0,2914,2860,1,1657026730.561849,"10.0.2.15","216.58.201.238","08:00:27:3A:52:ED","52:54:00:12:35:02",1,443,55662,0,0,0,0,0,0,0,0,0,0,0,0,0,4,0
100,3,"/home/pqv/data/video_website/youtube_video1.pcap",1657026730.963809,209,427,"99.178.354.341.427","99.178.354.341.427",1,1484,1430,1,0,0,0,1484,1430,1,1657026730.561849,"10.0.2.15","216.58.201.238","08:00:27:3A:52:ED","52:54:00:12:35:02",1,443,55662,0,0,0,0,0,0,0,0,0,0,0,0,0,4,0
100,3,"/home/pqv/data/video_website/youtube_video1.pcap",1657026730.963809,210,427,"99.178.354.341.427","99.178.354.341.427",1,1484,1430,1,0,0,0,1484,1430,1,1657026730.561849,"10.0.2.15","216.58.201.238","08:00:27:3A:52:ED","52:54:00:12:35:02",1,443,55662,0,0,0,0,0,0,0,0,0,0,0,0,0,4,0
100,3,"/home/pqv/data/video_website/youtube_video1.pcap",1657026730.963841,211,427,"99.178.354.341.427","99.178.354.341.427",1,2914,2860,1,0,0,0,2914,2860,1,1657026730.561849,"10.0.2.15","216.58.201.238","08:00:27:3A:52:ED","52:54:00:12:35:02",1,443,55662,0,0,0,32,0,0,0,0,0,0,0,0,0,4,0
100,3,"/home/pqv/data/video_website/youtube_video1.pcap",1657026730.963841,212,427,"99.178.354.341.427","99.178.354.341.427",1,1484,1430,1,0,0,0,1484,1430,1,1657026730.561849,"10.0.2.15","216.58.201.238","08:00:27:3A:52:ED","52:54:00:12:35:02",1,443,55662,0,0,0,0,0,0,0,0,0,0,0,0,0,4,0
100,3,"/home/pqv/data/video_website/youtube_video1.pcap",1657026730.963879,213,427,"99.178.354.341.427","99.178.354.341.427",1,54,0,1,54,0,1,0,0,0,1657026730.561849,"10.0.2.15","216.58.201.238","08:00:27:3A:52:ED","52:54:00:12:35:02",1,443,55662,0,0,0,38,38,0,38,0,38,0,0,0,0,4,0
100,3,"/home/pqv/data/video_website/youtube_video1.pcap",1657026730.964110,214,427,"99.178.354.341.427","99.178.354.341.427",1,7204,7150,1,0,0,0,7204,7150,1,1657026730.561849,"10.0.2.15","216.58.201.238","08:00:27:3A:52:ED","52:54:00:12:35:02",1,443,55662,0,0,0,231,0,231,0,231,0,231,0,0,0,4,0
100,3,"/home/pqv/data/video_website/youtube_video1.pcap",1657026730.964129,215,427,"99.178.354.341.427","99.178.354.341.427",1,54,0,1,54,0,1,0,0,0,1657026730.561849,"10.0.2.15","216.58.201.238","08:00:27:3A:52:ED","52:54:00:12:35:02",1,443,55662,0,0,0,19,19,0,19,0,19,0,0,0,0,4,0
100,3,"/home/pqv/data/video_website/youtube_video1.pcap",1657026730.965405,216,427,"99.178.354.341.427","99.178.354.341.427",1,13194,13140,1,0,0,0,13194,13140,1,1657026730.561849,"10.0.2.15","216.58.201.238","08:00:27:3A:52:ED","52:54:00:12:35:02",1,443,55662,0,0,0,1276,0,1276,0,1276,0,1276,0,0,0,4,0
100,3,"/home/pqv/data/video_website/youtube_video1.pcap",1657026730.965427,217,427,"99.178.354.341.427","99.178.354.341.427",1,54,0,1,54,0,1,0,0,0,1657026730.561849,"10.0.2.15","216.58.201.238","08:00:27:3A:52:ED","52:54:00:12:35:02",1,443,55662,0,0,0,22,22,0,22,0,22,0,0,0,0,4,0
100,3,"/home/pqv/data/video_website/youtube_video1.pcap",1657026730.965506,218,427,"99.178.354.341.427","99.178.354.341.427",1,9794,9740,1,0,0,0,9794,9740,1,1657026730.561849,"10.0.2.15","216.58.201.238","08:00:27:3A:52:ED","52:54:00:12:35:02",1,443,55662,0,0,0,79,0,79,0,79,0,79,0,0,0,4,0
100,3,"/home/pqv/data/video_website/youtube_video1.pcap",1657026730.965506,219,427,"99.178.354.341.427","99.178.354.341.427",1,5774,5720,1,0,0,0,5774,5720,1,1657026730.561849,"10.0.2.15","216.58.201.238","08:00:27:3A:52:ED","52:54:00:12:35:02",1,443,55662,0,0,0,0,0,0,0,0,0,0,0,0,0,4,0
100,3,"/home/pqv/data/video_website/youtube_video1.pcap",1657026730.965553,220,427,"99.178.354.341.427","99.178.354.341.427",1,4344,4290,1,0,0,0,4344,4290,1,1657026730.561849,"10.0.2.15","216.58.201.238","08:00:27:3A:52:ED","52:54:00:12:35:02",1,443,55662,0,0,0,47,0,0,0,0,0,0,0,0,0,4,0
100,3,"/home/pqv/data/video_website/youtube_video1.pcap",1657026730.965553,221,427,"99.178.354.341.427","99.178.354.341.427",1,1484,1430,1,0,0,0,1484,1430,1,1657026730.561849,"10.0.2.15","216.58.201.238","08:00:27:3A:52:ED","52:54:00:12:35:02",1,443,55662,0,0,0,0,0,0,0,0,0,0,0,0,0,4,0
100,3,"/home/pqv/data/video_website/youtube_video1.pcap",1657026730.965553,222,427,"99.178.354.341.427","99.178.354.341.427",1,2914,2860,1,0,0,0,2914,2860,1,1657026730.561849,"10.0.2.15","216.58.201.238","08:00:27:3A:52:ED","52:54:00:12:35:02",1,443,55662,0,0,0,0,0,0,0,0,0,0,0,0,0,4,0
100,3,"/home/pqv/data/video_website/youtube_video1.pcap",1657026730.965553,223,427,"99.178.354.341.427","99.178.354.341.427",1,1484,1430,1,0,0,0,1484,1430,1,1657026730.561849,"10.0.2.15","216.58.201.238","08:00:27:3A:52:ED","52:54:00:12:35:02",1,443,55662,0,0,0,0,0,0,0,0,0,0,0,0,0,4,0
100,3,"/home/pqv/data/video_website/youtube_video1.pcap",1657026730.965553,224,427,"99.178.354.341.427","99.178.354.341.427",1,7204,7150,1,0,0,0,7204,7150,1,1657026730.561849,"10.0.2.15","216.58.201.238","08:00:27:3A:52:ED","52:54:00:12:35:02",1,443,55662,0,0,0,0,0,0,0,0,0,0,0,0,0,4,0
100,3,"/home/pqv/data/video_website/youtube_video1.pcap",1657026730.965619,225,427,"99.178.354.341.427","99.178.354.341.427",1,54,0,1,54,0,1,0,0,0,1657026730.561849,"10.0.2.15","216.58.201.238","08:00:27:3A:52:ED","52:54:00:12:35:02",1,443,55662,0,0,0,66,66,0,66,0,66,0,0,0,0,4,0
100,3,"/home/pqv/data/video_website/youtube_video1.pcap",1657026730.967419,226,427,"99.178.354.341.427","99.178.354.341.427",1,22934,22880,1,0,0,0,22934,22880,1,1657026730.561849,"10.0.2.15","216.58.201.238","08:00:27:3A:52:ED","52:54:00:12:35:02",1,443,55662,0,0,0,1800,0,1800,0,1800,0,1800,0,0,0,4,0
100,3,"/home/pqv/data/video_website/youtube_video1.pcap",1657026730.967440,227,427,"99.178.354.341.427","99.178.354.341.427",1,54,0,1,54,0,1,0,0,0,1657026730.561849,"10.0.2.15","216.58.201.238","08:00:27:3A:52:ED","52:54:00:12:35:02",1,443,55662,0,0,0,21,21,0,21,0,21,0,0,0,0,4,0
100,3,"/home/pqv/data/video_website/youtube_video1.pcap",1657026730.967490,228,427,"99.178.354.341.427","99.178.354.341.427",1,5774,5720,1,0,0,0,5774,5720,1,1657026730.561849,"10.0.2.15","216.58.201.238","08:00:27:3A:52:ED","52:54:00:12:35:02",1,443,55662,0,0,0,50,0,50,0,50,0,50,0,0,0,4,0
100,3,"/home/pqv/data/video_website/youtube_video1.pcap",1657026730.967490,229,427,"99.178.354.341.427","99.178.354.341.427",1,2914,2860,1,0,0,0,2914,2860,1,1657026730.561849,"10.0.2.15","216.58.201.238","08:00:27:3A:52:ED","52:54:00:12:35:02",1,443,55662,0,0,0,0,0,0,0,0,0,0,0,0,0,4,0
100,3,"/home/pqv/data/video_website/youtube_video1.pcap",1657026730.967490,230,427,"99.178.354.341.427","99.178.354.341.427",1,1484,1430,1,0,0,0,1484,1430,1,1657026730.561849,"10.0.2.15","216.58.201.238","08:00:27:3A:52:ED","52:54:00:12:35:02",1,443,55662,0,0,0,0,0,0,0,0,0,0,0,0,0,4,0
100,3,"/home/pqv/data/video_website/youtube_video1.pcap",1657026730.967491,231,427,"99.178.354.341.427","99.178.354.341.427",1,1484,1430,1,0,0,0,1484,1430,1,1657026730.561849,"10.0.2.15","216.58.201.238","08:00:27:3A:52:ED","52:54:00:12:35:02",1,443,55662,0,0,0,1,0,0,0,0,0,0,0,0,0,4,0
100,3,"/home/pqv/data/video_website/youtube_video1.pcap",1657026730.967503,232,427,"99.178.354.341.427","99.178.354.341.427",1,1484,1430,1,0,0,0,1484,1430,1,1657026730.561849,"10.0.2.15","216.58.201.238","08:00:27:3A:52:ED","52:54:00:12:35:02",1,443,55662,0,0,0,12,0,0,0,0,0,0,0,0,0,4,0
100,3,"/home/pqv/data/video_website/youtube_video1.pcap",1657026730.967503,233,427,"99.178.354.341.427","99.178.354.341.427",1,1484,1430,1,0,0,0,1484,1430,1,1657026730.561849,"10.0.2.15","216.58.201.238","08:00:27:3A:52:ED","52:54:00:12:35:02",1,443,55662,0,0,0,0,0,0,0,0,0,0,0,0,0,4,0
100,3,"/home/pqv/data/video_website/youtube_video1.pcap",1657026730.967503,234,427,"99.178.354.341.427","99.178.354.341.427",1,1484,1430,1,0,0,0,1484,1430,1,1657026730.561849,"10.0.2.15","216.58.201.238","08:00:27:3A:52:ED","52:54:00:12:35:02",1,443,55662,0,0,0,0,0,0,0,0,0,0,0,0,0,4,0
100,3,"/home/pqv/data/video_website/youtube_video1.pcap",1657026730.967503,235,427,"99.178.354.341.427","99.178.354.341.427",1,7204,7150,1,0,0,0,7204,7150,1,1657026730.561849,"10.0.2.15","216.58.201.238","08:00:27:3A:52:ED","52:54:00:12:35:02",1,443,55662,0,0,0,0,0,0,0,0,0,0,0,0,0,4,0
100,3,"/home/pqv/data/video_website/youtube_video1.pcap",1657026730.967540,236,427,"99.178.354.341.427","99.178.354.341.427",1,54,0,1,54,0,1,0,0,0,1657026730.561849,"10.0.2.15","216.58.201.238","08:00:27:3A:52:ED","52:54:00:12:35:02",1,443,55662,0,0,0,37,37,0,37,0,37,0,0,0,0,4,0
100,3,"/home/pqv/data/video_website/youtube_video1.pcap",1657026730.967874,237,427,"99.178.354.341.427","99.178.354.341.427",1,10064,10010,1,0,0,0,10064,10010,1,1657026730.561849,"10.0.2.15","216.58.201.238","08:00:27:3A:52:ED","52:54:00:12:35:02",1,443,55662,0,0,0,334,0,334,0,334,0,334,0,0,0,4,0
100,3,"/home/pqv/data/video_website/youtube_video1.pcap",1657026730.967879,238,427,"99.178.354.341.427","99.178.354.341.427",1,54,0,1,54,0,1,0,0,0,1657026730.561849,"10.0.2.15","216.58.201.238","08:00:27:3A:52:ED","52:54:00:12:35:02",1,443,55662,0,0,0,5,5,0,5,0,5,0,0,0,0,4,0
100,3,"/home/pqv/data/video_website/youtube_video1.pcap",1657026730.973697,239,427,"99.178.354.341.427","99.178.354.341.427",1,22934,22880,1,0,0,0,22934,22880,1,1657026730.561849,"10.0.2.15","216.58.201.238","08:00:27:3A:52:ED","52:54:00:12:35:02",1,443,55662,0,0,0,5818,0,5818,0,5818,0,5818,0,0,0,4,0
100,3,"/home/pqv/data/video_website/youtube_video1.pcap",1657026730.973713,240,427,"99.178.354.341.427","99.178.354.341.427",1,54,0,1,54,0,1,0,0,0,1657026730.561849,"10.0.2.15","216.58.201.238","08:00:27:3A:52:ED","52:54:00:12:35:02",1,443,55662,0,0,0,16,16,0,16,0,16,0,0,0,0,4,0
100,3,"/home/pqv/data/video_website/youtube_video1.pcap",1657026730.973765,241,427,"99.178.354.341.427","99.178.354.341.427",1,5774,5720,1,0,0,0,5774,5720,1,1657026730.561849,"10.0.2.15","216.58.201.238","08:00:27:3A:52:ED","52:54:00:12:35:02",1,443,55662,0,0,0,52,0,52,0,52,0,52,0,0,0,4,0
100,3,"/home/pqv/data/video_website/youtube_video1.pcap",1657026730.973765,242,427,"99.178.354.341.427","99.178.354.341.427",1,2914,2860,1,0,0,0,2914,2860,1,1657026730.561849,"10.0.2.15","216.58.201.238","08:00:27:3A:52:ED","52:54:00:12:35:02",1,443,55662,0,0,0,0,0,0,0,0,0,0,0,0,0,4,0
100,3,"/home/pqv/data/video_website/youtube_video1.pcap",1657026730.973765,243,427,"99.178.354.341.427","99.178.354.341.427",1,1484,1430,1,0,0,0,1484,1430,1,1657026730.561849,"10.0.2.15","216.58.201.238","08:00:27:3A:52:ED","52:54:00:12:35:02",1,443,55662,0,0,0,0,0,0,0,0,0,0,0,0,0,4,0
100,3,"/home/pqv/data/video_website/youtube_video1.pcap",1657026730.973885,244,427,"99.178.354.341.427","99.178.354.341.427",1,1484,1430,1,0,0,0,1484,1430,1,1657026730.561849,"10.0.2.15","216.58.201.238","08:00:27:3A:52:ED","52:54:00:12:35:02",1,443,55662,0,0,0,120,0,0,0,0,0,0,0,0,0,4,0
100,3,"/home/pqv/data/video_website/youtube_video1.pcap",1657026730.973885,245,427,"99.178.354.341.427","99.178.354.341.427",1,1484,1430,1,0,0,0,1484,1430,1,1657026730.561849,"10.0.2.15","216.58.201.238","08:00:27:3A:52:ED","52:54:00:12:35:02",1,443,55662,0,0,0,0,0,0,0,0,0,0,0,0,0,4,0
100,3,"/home/pqv/data/video_website/youtube_video1.pcap",1657026730.973907,246,427,"99.178.354.341.427","99.178.354.341.427",1,54,0,1,54,0,1,0,0,0,1657026730.561849,"10.0.2.15","216.58.201.238","08:00:27:3A:52:ED","52:54:00:12:35:02",1,443,55662,0,0,0,22,22,0,22,0,22,0,0,0,0,4,0
100,3,"/home/pqv/data/video_website/youtube_video1.pcap",1657026730.974127,247,427,"99.178.354.341.427","99.178.354.341.427",1,2914,2860,1,0,0,0,2914,2860,1,1657026730.561849,"10.0.2.15","216.58.201.238","08:00:27:3A:52:ED","52:54:00:12:35:02",1,443,55662,0,0,0,220,0,220,0,220,0,220,0,0,0,4,0
100,3,"/home/pqv/data/video_website/youtube_video1.pcap",1657026730.974186,248,427,"99.178.354.341.427","99.178.354.341.427",1,54,0,1,54,0,1,0,0,0,1657026730.561849,"10.0.2.15","216.58.201.238","08:00:27:3A:52:ED","52:54:00:12:35:02",1,443,55662,0,0,0,59,59,0,59,0,59,0,0,0,0,4,0
100,3,"/home/pqv/data/video_website/youtube_video1.pcap",1657026730.974253,249,427,"99.178.354.341.427","99.178.354.341.427",1,7204,7150,1,0,0,0,7204,7150,1,1657026730.561849,"10.0.2.15","216.58.201.238","08:00:27:3A:52:ED","52:54:00:12:35:02",1,443,55662,0,0,0,67,0,67,0,67,0,67,0,0,0,4,0
100,3,"/home/pqv/data/video_website/youtube_video1.pcap",1657026730.974282,250,427,"99.178.354.341.427","99.178.354.341.427",1,54,0,1,54,0,1,0,0,0,1657026730.561849,"10.0.2.15","216.58.201.238","08:00:27:3A:52:ED","52:54:00:12:35:02",1,443,55662,0,0,0,29,29,0,29,0,29,0,0,0,0,4,0
100,3,"/home/pqv/data/video_website/youtube_video1.pcap",1657026730.975248,251,427,"99.178.354.341.427","99.178.354.341.427",1,22934,22880,1,0,0,0,22934,22880,1,1657026730.561849,"10.0.2.15","216.58.201.238","08:00:27:3A:52:ED","52:54:00:12:35:02",1,443,55662,0,0,0,966,0,966,0,966,0,966,0,0,0,4,0
100,3,"/home/pqv/data/video_website/youtube_video1.pcap",1657026730.975258,252,427,"99.178.354.341.427","99.178.354.341.427",1,54,0,1,54,0,1,0,0,0,1657026730.561849,"10.0.2.15","216.58.201.238","08:00:27:3A:52:ED","52:54:00:12:35:02",1,443,55662,0,0,0,10,10,0,10,0,10,0,0,0,0,4,0
100,3,"/home/pqv/data/video_website/youtube_video1.pcap",1657026730.975319,253,427,"99.178.354.341.427","99.178.354.341.427",1,7204,7150,1,0,0,0,7204,7150,1,1657026730.561849,"10.0.2.15","216.58.201.238","08:00:27:3A:52:ED","52:54:00:12:35:02",1,443,55662,0,0,0,61,0,61,0,61,0,61,0,0,0,4,0
100,3,"/home/pqv/data/video_website/youtube_video1.pcap",1657026730.975319,254,427,"99.178.354.341.427","99.178.354.341.427",1,1484,1430,1,0,0,0,1484,1430,1,1657026730.561849,"10.0.2.15","216.58.201.238","08:00:27:3A:52:ED","52:54:00:12:35:02",1,443,55662,0,0,0,0,0,0,0,0,0,0,0,0,0,4,0
100,3,"/home/pqv/data/video_website/youtube_video1.pcap",1657026730.975319,255,427,"99.178.354.341.427","99.178.354.341.427",1,1484,1430,1,0,0,0,1484,1430,1,1657026730.561849,"10.0.2.15","216.58.201.238","08:00:27:3A:52:ED","52:54:00:12:35:02",1,443,55662,0,0,0,0,0,0,0,0,0,0,0,0,0,4,0
100,3,"/home/pqv/data/video_website/youtube_video1.pcap",1657026730.975365,256,427,"99.178.354.341.427","99.178.354.341.427",1,54,0,1,54,0,1,0,0,0,1657026730.561849,"10.0.2.15","216.58.201.238","08:00:27:3A:52:ED","52:54:00:12:35:02",1,443,55662,0,0,0,46,46,0,46,0,46,0,0,0,0,4,0
100,3,"/home/pqv/data/video_website/youtube_video1.pcap",1657026730.975514,257,427,"99.178.354.341.427","99.178.354.341.427",1,2914,2860,1,0,0,0,2914,2860,1,1657026730.561849,"10.0.2.15","216.58.201.238","08:00:27:3A:52:ED","52:54:00:12:35:02",1,443,55662,0,0,0,149,0,149,0,149,0,149,0,0,0,4,0
100,3,"/home/pqv/data/video_website/youtube_video1.pcap",1657026730.975515,258,427,"99.178.354.341.427","99.178.354.341.427",1,1484,1430,1,0,0,0,1484,1430,1,1657026730.561849,"10.0.2.15","216.58.201.238","08:00:27:3A:52:ED","52:54:00:12:35:02",1,443,55662,0,0,0,1,0,0,0,0,0,0,0,0,0,4,0
100,3,"/home/pqv/data/video_website/youtube_video1.pcap",1657026730.975619,259,427,"99.178.354.341.427","99.178.354.341.427",1,2914,2860,1,0,0,0,2914,2860,1,1657026730.561849,"10.0.2.15","216.58.201.238","08:00:27:3A:52:ED","52:54:00:12:35:02",1,443,55662,0,0,0,104,0,0,0,0,0,0,0,0,0,4,0
100,3,"/home/pqv/data/video_website/youtube_video1.pcap",1657026730.975644,260,427,"99.178.354.341.427","99.178.354.341.427",1,54,0,1,54,0,1,0,0,0,1657026730.561849,"10.0.2.15","216.58.201.238","08:00:27:3A:52:ED","52:54:00:12:35:02",1,443,55662,0,0,0,25,129,0,129,0,129,0,0,0,0,4,0
100,3,"/home/pqv/data/video_website/youtube_video1.pcap",1657026730.975674,261,427,"99.178.354.341.427","99.178.354.341.427",1,54,0,1,54,0,1,0,0,0,1657026730.561849,"10.0.2.15","216.58.201.238","08:00:27:3A:52:ED","52:54:00:12:35:02",1,443,55662,0,0,0,30,55,0,55,0,55,0,0,0,0,4,0
100,3,"/home/pqv/data/video_website/youtube_video1.pcap",1657026730.975877,262,427,"99.178.354.341.427","99.178.354.341.427",1,5774,5720,1,0,0,0,5774,5720,1,1657026730.561849,"10.0.2.15","216.58.201.238","08:00:27:3A:52:ED","52:54:00:12:35:02",1,443,55662,0,0,0,203,0,203,0,203,0,203,0,0,0,4,0
100,3,"/home/pqv/data/video_website/youtube_video1.pcap",1657026730.975901,263,427,"99.178.354.341.427","99.178.354.341.427",1,54,0,1,54,0,1,0,0,0,1657026730.561849,"10.0.2.15","216.58.201.238","08:00:27:3A:52:ED","52:54:00:12:35:02",1,443,55662,0,0,0,24,24,0,24,0,24,0,0,0,0,4,0
100,3,"/home/pqv/data/video_website/youtube_video1.pcap",1657026730.976831,264,427,"99.178.354.341.427","99.178.354.341.427",1,22934,22880,1,0,0,0,22934,22880,1,1657026730.561849,"10.0.2.15","216.58.201.238","08:00:27:3A:52:ED","52:54:00:12:35:02",1,443,55662,0,0,0,930,0,930,0,930,0,930,0,0,0,4,0
100,3,"/home/pqv/data/video_website/youtube_video1.pcap",1657026730.976845,265,427,"99.178.354.341.427","99.178.354.341.427",1,54,0,1,54,0,1,0,0,0,1657026730.561849,"10.0.2.15","216.58.201.238","08:00:27:3A:52:ED","52:54:00:12:35:02",1,443,55662,0,0,0,14,14,0,14,0,14,0,0,0,0,4,0
100,3,"/home/pqv/data/video_website/youtube_video1.pcap",1657026730.976875,266,427,"99.178.354.341.427","99.178.354.341.427",1,5774,5720,1,0,0,0,5774,5720,1,1657026730.561849,"10.0.2.15","216.58.201.238","08:00:27:3A:52:ED","52:54:00:12:35:02",1,443,55662,0,0,0,30,0,30,0,30,0,30,0,0,0,4,0
100,3,"/home/pqv/data/video_website/youtube_video1.pcap",1657026730.976875,267,427,"99.178.354.341.427","99.178.354.341.427",1,2914,2860,1,0,0,0,2914,2860,1,1657026730.561849,"10.0.2.15","216.58.201.238","08:00:27:3A:52:ED","52:54:00:12:35:02",1,443,55662,0,0,0,0,0,0,0,0,0,0,0,0,0,4,0
100,3,"/home/pqv/data/video_website/youtube_video1.pcap",1657026730.977004,268,427,"99.178.354.341.427","99.178.354.341.427",1,1484,1430,1,0,0,0,1484,1430,1,1657026730.561849,"10.0.2.15","216.58.201.238","08:00:27:3A:52:ED","52:54:00:12:35:02",1,443,55662,0,0,0,129,0,0,0,0,0,0,0,0,0,4,0
100,3,"/home/pqv/data/video_website/youtube_video1.pcap",1657026730.977005,269,427,"99.178.354.341.427","99.178.354.341.427",1,1484,1430,1,0,0,0,1484,1430,1,1657026730.561849,"10.0.2.15","216.58.201.238","08:00:27:3A:52:ED","52:54:00:12:35:02",1,443,55662,0,0,0,1,0,0,0,0,0,0,0,0,0,4,0
100,3,"/home/pqv/data/video_website/youtube_video1.pcap",1657026730.977171,270,427,"99.178.354.341.427","99.178.354.341.427",1,1484,1430,1,0,0,0,1484,1430,1,1657026730.561849,"10.0.2.15","216.58.201.238","08:00:27:3A:52:ED","52:54:00:12:35:02",1,443,55662,0,0,0,166,0,0,0,0,0,0,0,0,0,4,0
100,3,"/home/pqv/data/video_website/youtube_video1.pcap",1657026730.977171,271,427,"99.178.354.341.427","99.178.354.341.427",1,1484,1430,1,0,0,0,1484,1430,1,1657026730.561849,"10.0.2.15","216.58.201.238","08:00:27:3A:52:ED","52:54:00:12:35:02",1,443,55662,0,0,0,0,0,0,0,0,0,0,0,0,0,4,0
100,3,"/home/pqv/data/video_website/youtube_video1.pcap",1657026730.977171,272,427,"99.178.354.341.427","99.178.354.341.427",1,1484,1430,1,0,0,0,1484,1430,1,1657026730.561849,"10.0.2.15","216.58.201.238","08:00:27:3A:52:ED","52:54:00:12:35:02",1,443,55662,0,0,0,0,0,0,0,0,0,0,0,0,0,4,0
100,3,"/home/pqv/data/video_website/youtube_video1.pcap",1657026730.977390,273,427,"99.178.354.341.427","99.178.354.341.427",1,54,0,1,54,0,1,0,0,0,1657026730.561849,"10.0.2.15","216.58.201.238","08:00:27:3A:52:ED","52:54:00:12:35:02",1,443,55662,0,0,0,219,219,0,219,0,219,0,0,0,0,4,0
100,3,"/home/pqv/data/video_website/youtube_video1.pcap",1657026730.979941,274,427,"99.178.354.341.427","99.178.354.341.427",1,21954,21900,1,0,0,0,21954,21900,1,1657026730.561849,"10.0.2.15","216.58.201.238","08:00:27:3A:52:ED","52:54:00:12:35:02",1,443,55662,0,0,0,2551,0,2551,0,2551,0,2551,0,0,0,4,0
100,3,"/home/pqv/data/video_website/youtube_video1.pcap",1657026730.980007,275,427,"99.178.354.341.427","99.178.354.341.427",1,54,0,1,54,0,1,0,0,0,1657026730.561849,"10.0.2.15","216.58.201.238","08:00:27:3A:52:ED","52:54:00:12:35:02",1,443,55662,0,0,0,66,66,0,66,0,66,0,0,0,0,4,0
100,3,"/home/pqv/data/video_website/youtube_video1.pcap",1657026730.980137,276,427,"99.178.354.341.427","99.178.354.341.427",1,27794,27740,1,0,0,0,27794,27740,1,1657026730.561849,"10.0.2.15","216.58.201.238","08:00:27:3A:52:ED","52:54:00:12:35:02",1,443,55662,0,0,0,130,0,130,0,130,0,130,0,0,0,4,0
100,3,"/home/pqv/data/video_website/youtube_video1.pcap",1657026730.980154,277,427,"99.178.354.341.427","99.178.354.341.427",1,3324,3270,1,0,0,0,3324,3270,1,1657026730.561849,"10.0.2.15","216.58.201.238","08:00:27:3A:52:ED","52:54:00:12:35:02",1,443,55662,0,0,0,17,0,0,0,0,0,0,0,0,0,4,0
100,3,"/home/pqv/data/video_website/youtube_video1.pcap",1657026730.980187,278,427,"99.178.354.341.427","99.178.354.341.427",1,54,0,1,54,0,1,0,0,0,1657026730.561849,"10.0.2.15","216.58.201.238","08:00:27:3A:52:ED","52:54:00:12:35:02",1,443,55662,0,0,0,33,33,0,33,0,33,0,0,0,0,4,0
100,3,"/home/pqv/data/video_website/youtube_video1.pcap",1657026730.980547,279,427,"99.178.354.341.427","99.178.354.341.427",1,22934,22880,1,0,0,0,22934,22880,1,1657026730.561849,"10.0.2.15","216.58.201.238","08:00:27:3A:52:ED","52:54:00:12:35:02",1,443,55662,0,0,0,360,0,360,0,360,0,360,0,0,0,4,0
100,3,"/home/pqv/data/video_website/youtube_video1.pcap",1657026730.980601,280,427,"99.178.354.341.427","99.178.354.341.427",1,5774,5720,1,0,0,0,5774,5720,1,1657026730.561849,"10.0.2.15","216.58.201.238","08:00:27:3A:52:ED","52:54:00:12:35:02",1,443,55662,0,0,0,54,0,0,0,0,0,0,0,0,0,4,0
100,3,"/home/pqv/data/video_website/youtube_video1.pcap",1657026730.980602,281,427,"99.178.354.341.427","99.178.354.341.427",1,2914,2860,1,0,0,0,2914,2860,1,1657026730.561849,"10.0.2.15","216.58.201.238","08:00:27:3A:52:ED","52:54:00:12:35:02",1,443,55662,0,0,0,1,0,0,0,0,0,0,0,0,0,4,0
100,3,"/home/pqv/data/video_website/youtube_video1.pcap",1657026730.980644,282,427,"99.178.354.341.427","99.178.354.341.427",1,54,0,1,54,0,1,0,0,0,1657026730.561849,"10.0.2.15","216.58.201.238","08:00:27:3A:52:ED","52:54:00:12:35:02",1,443,55662,0,0,0,42,42,0,42,0,42,0,0,0,0,4,0
100,3,"/home/pqv/data/video_website/youtube_video1.pcap",1657026730.980747,283,427,"99.178.354.341.427","99.178.354.341.427",1,2914,2860,1,0,0,0,2914,2860,1,1657026730.561849,"10.0.2.15","216.58.201.238","08:00:27:3A:52:ED","52:54:00:12:35:02",1,443,55662,0,0,0,103,0,103,0,103,0,103,0,0,0,4,0
100,3,"/home/pqv/data/video_website/youtube_video1.pcap",1657026730.980747,284,427,"99.178.354.341.427","99.178.354.341.427",1,1484,1430,1,0,0,0,1484,1430,1,1657026730.561849,"10.0.2.15","216.58.201.238","08:00:27:3A:52:ED","52:54:00:12:35:02",1,443,55662,0,0,0,0,0,0,0,0,0,0,0,0,0,4,0
100,3,"/home/pqv/data/video_website/youtube_video1.pcap",1657026730.980795,285,427,"99.178.354.341.427","99.178.354.341.427",1,54,0,1,54,0,1,0,0,0,1657026730.561849,"10.0.2.15","216.58.201.238","08:00:27:3A:52:ED","52:54:00:12:35:02",1,443,55662,0,0,0,48,48,0,48,0,48,0,0,0,0,4,0
100,3,"/home/pqv/data/video_website/youtube_video1.pcap",1657026730.980846,286,427,"99.178.354.341.427","99.178.354.341.427",1,1484,1430,1,0,0,0,1484,1430,1,1657026730.561849,"10.0.2.15","216.58.201.238","08:00:27:3A:52:ED","52:54:00:12:35:02",1,443,55662,0,0,0,51,0,51,0,51,0,51,0,0,0,4,0
100,3,"/home/pqv/data/video_website/youtube_video1.pcap",1657026730.980847,287,427,"99.178.354.341.427","99.178.354.341.427",1,1484,1430,1,0,0,0,1484,1430,1,1657026730.561849,"10.0.2.15","216.58.201.238","08:00:27:3A:52:ED","52:54:00:12:35:02",1,443,55662,0,0,0,1,0,0,0,0,0,0,0,0,0,4,0
100,3,"/home/pqv/data/video_website/youtube_video1.pcap",1657026730.980867,288,427,"99.178.354.341.427","99.178.354.341.427",1,54,0,1,54,0,1,0,0,0,1657026730.561849,"10.0.2.15","216.58.201.238","08:00:27:3A:52:ED","52:54:00:12:35:02",1,443,55662,0,0,0,20,20,0,20,0,20,0,0,0,0,4,0
100,3,"/home/pqv/data/video_website/youtube_video1.pcap",1657026730.980944,289,427,"99.178.354.341.427","99.178.354.341.427",1,3990,3936,1,0,0,0,3990,3936,1,1657026730.561849,"10.0.2.15","216.58.201.238","08:00:27:3A:52:ED","52:54:00:12:35:02",1,443,55662,0,0,0,77,0,77,0,77,0,77,0,0,0,4,0
100,3,"/home/pqv/data/video_website/youtube_video1.pcap",1657026730.980965,290,427,"99.178.354.341.427","99.178.354.341.427",1,54,0,1,54,0,1,0,0,0,1657026730.561849,"10.0.2.15","216.58.201.238","08:00:27:3A:52:ED","52:54:00:12:35:02",1,443,55662,0,0,0,21,21,0,21,0,21,0,0,0,0,4,0
100,3,"/home/pqv/data/video_website/youtube_video1.pcap",1657026730.984343,291,427,"99.178.354.341.427","99.178.354.341.427",1,54,0,1,54,0,1,0,0,0,1657026730.561849,"10.0.2.15","216.58.201.238","08:00:27:3A:52:ED","52:54:00:12:35:02",1,443,55662,0,0,0,3378,0,0,0,0,0,0,0,0,0,4,0
100,3,"/home/pqv/data/video_website/youtube_video1.pcap",1657026730.984732,292,427,"99.178.354.341.427","99.178.354.341.427",1,60,0,1,0,0,0,60,0,1,1657026730.561849,"10.0.2.15","216.58.201.238","08:00:27:3A:52:ED","52:54:00:12:35:02",1,443,55662,0,0,0,389,0,0,0,0,0,0,0,0,0,4,0
100,3,"/home/pqv/data/video_website/youtube_video1.pcap",1657026730.993538,293,427,"99.178.354.341.427","99.178.354.341.427",1,60,0,1,0,0,0,60,0,1,1657026730.561849,"10.0.2.15","216.58.201.238","08:00:27:3A:52:ED","52:54:00:12:35:02",1,443,55662,0,0,0,8806,0,0,0,0,0,0,0,0,0,4,0
100,3,"/home/pqv/data/video_website/youtube_video1.pcap",1657026730.993559,294,427,"99.178.354.341.427","99.178.354.341.427",1,54,0,1,54,0,1,0,0,0,1657026730.561849,"10.0.2.15","216.58.201.238","08:00:27:3A:52:ED","52:54:00:12:35:02",1,443,55662,0,0,0,21,0,0,0,0,0,0,0,0,0,4,0
