1,3,"/home/pqv/data/video_website/youtube.pcap",1657529390.759743,"1.5.1 (e31cef8 - Jul  7 2022 09:05:04)","1.7.3 (92ce3808)","1.2.14 (557bd77 - Jun 20 2022 12:46:32)"
100,3,"/home/pqv/data/video_website/youtube.pcap",1657026996.185054,1,85,"99.178.376.85","",2,86,44,1,86,44,1,0,0,0,1657026996.185054,"10.0.2.15","192.168.1.254","08:00:27:3A:52:ED","52:54:00:12:35:02",2,53,41565,0,0,0,0,0,0,0,0,0,0,0,0,0,10,0
100,3,"/home/pqv/data/video_website/youtube.pcap",1657026996.184764,1,85,"99.178.376.85","",2,86,44,1,86,44,1,0,0,0,1657026996.184764,"10.0.2.15","192.168.1.254","08:00:27:3A:52:ED","52:54:00:12:35:02",1,53,41248,0,0,0,0,0,0,0,0,0,0,0,0,0,10,0
100,3,"/home/pqv/data/video_website/youtube.pcap",1657026996.194555,2,85,"99.178.376.85","99.178.376.85",2,376,334,1,0,0,0,376,334,1,1657026996.184764,"10.0.2.15","192.168.1.254","08:00:27:3A:52:ED","52:54:00:12:35:02",1,53,41248,0,0,0,0,0,0,0,0,0,0,0,0,0,10,0
100,3,"/home/pqv/data/video_website/youtube.pcap",1657026996.195258,3,85,"99.178.376.85","99.178.376.85",2,232,190,1,0,0,0,232,190,1,1657026996.185054,"10.0.2.15","192.168.1.254","08:00:27:3A:52:ED","52:54:00:12:35:02",2,53,41565,0,0,0,0,0,0,0,0,0,0,0,0,0,10,0
100,3,"/home/pqv/data/video_website/youtube.pcap",1657026996.196532,4,134,"99.178.354.134","",3,74,0,1,74,0,1,0,0,0,1657026996.196532,"10.0.2.15","216.58.213.174","08:00:27:3A:52:ED","52:54:00:12:35:02",3,443,44736,0,0,0,0,0,0,0,0,0,0,0,0,0,1,0
100,3,"/home/pqv/data/video_website/youtube.pcap",1657026996.205153,5,134,"99.178.354.134","99.178.354.134",3,60,0,1,0,0,0,60,0,1,1657026996.196532,"10.0.2.15","216.58.213.174","08:00:27:3A:52:ED","52:54:00:12:35:02",3,443,44736,0,0,0,0,0,0,0,0,0,0,0,0,0,1,0
100,3,"/home/pqv/data/video_website/youtube.pcap",1657026996.205206,6,134,"99.178.354.134","99.178.354.134",3,54,0,1,54,0,1,0,0,0,1657026996.196532,"10.0.2.15","216.58.213.174","08:00:27:3A:52:ED","52:54:00:12:35:02",3,443,44736,0,8674,0,0,0,0,0,0,0,0,0,0,0,1,0
100,3,"/home/pqv/data/video_website/youtube.pcap",1657026996.206212,7,427,"99.178.354.341.427","99.178.354.134",3,463,409,1,463,409,1,0,0,0,1657026996.196532,"10.0.2.15","216.58.213.174","08:00:27:3A:52:ED","52:54:00:12:35:02",3,443,44736,0,0,1006,0,0,0,0,0,0,0,0,0,0,4,0
100,3,"/home/pqv/data/video_website/youtube.pcap",1657026996.206576,8,427,"99.178.354.341.427","99.178.354.341.427",3,60,0,1,0,0,0,60,0,1,1657026996.196532,"10.0.2.15","216.58.213.174","08:00:27:3A:52:ED","52:54:00:12:35:02",3,443,44736,0,0,0,364,0,364,0,364,0,364,0,0,0,4,0
100,3,"/home/pqv/data/video_website/youtube.pcap",1657026996.219228,9,427,"99.178.354.341.427","99.178.354.341.427",3,2974,2920,1,0,0,0,2974,2920,1,1657026996.196532,"10.0.2.15","216.58.213.174","08:00:27:3A:52:ED","52:54:00:12:35:02",3,443,44736,0,0,0,12652,0,0,0,0,0,0,0,0,0,4,0
100,3,"/home/pqv/data/video_website/youtube.pcap",1657026996.219254,10,427,"99.178.354.341.427","99.178.354.341.427",3,54,0,1,54,0,1,0,0,0,1657026996.196532,"10.0.2.15","216.58.213.174","08:00:27:3A:52:ED","52:54:00:12:35:02",3,443,44736,0,0,0,26,26,0,26,0,26,0,0,0,0,4,0
100,3,"/home/pqv/data/video_website/youtube.pcap",1657026996.219594,11,427,"99.178.354.341.427","99.178.354.341.427",3,3812,3758,1,0,0,0,3812,3758,1,1657026996.196532,"10.0.2.15","216.58.213.174","08:00:27:3A:52:ED","52:54:00:12:35:02",3,443,44736,0,0,0,340,0,340,0,340,0,340,0,0,0,4,0
100,3,"/home/pqv/data/video_website/youtube.pcap",1657026996.219616,12,427,"99.178.354.341.427","99.178.354.341.427",3,54,0,1,54,0,1,0,0,0,1657026996.196532,"10.0.2.15","216.58.213.174","08:00:27:3A:52:ED","52:54:00:12:35:02",3,443,44736,0,0,0,22,22,0,22,0,22,0,0,0,0,4,0
100,3,"/home/pqv/data/video_website/youtube.pcap",1657026996.226429,13,427,"99.178.354.341.427","99.178.354.341.427",3,134,80,1,134,80,1,0,0,0,1657026996.196532,"10.0.2.15","216.58.213.174","08:00:27:3A:52:ED","52:54:00:12:35:02",3,443,44736,0,0,0,6813,0,0,0,0,0,0,0,0,0,4,0
100,3,"/home/pqv/data/video_website/youtube.pcap",1657026996.226982,14,427,"99.178.354.341.427","99.178.354.341.427",3,60,0,1,0,0,0,60,0,1,1657026996.196532,"10.0.2.15","216.58.213.174","08:00:27:3A:52:ED","52:54:00:12:35:02",3,443,44736,0,0,0,553,0,553,0,553,0,553,0,0,0,4,0
100,3,"/home/pqv/data/video_website/youtube.pcap",1657026996.227023,15,427,"99.178.354.341.427","99.178.354.341.427",3,208,154,1,208,154,1,0,0,0,1657026996.196532,"10.0.2.15","216.58.213.174","08:00:27:3A:52:ED","52:54:00:12:35:02",3,443,44736,0,0,0,41,41,0,41,0,41,0,0,0,0,4,0
100,3,"/home/pqv/data/video_website/youtube.pcap",1657026996.227317,16,427,"99.178.354.341.427","99.178.354.341.427",3,60,0,1,0,0,0,60,0,1,1657026996.196532,"10.0.2.15","216.58.213.174","08:00:27:3A:52:ED","52:54:00:12:35:02",3,443,44736,0,0,0,294,0,294,0,294,0,294,0,0,0,4,0
100,3,"/home/pqv/data/video_website/youtube.pcap",1657026996.262978,17,427,"99.178.354.341.427","99.178.354.341.427",3,5894,5840,1,0,0,0,5894,5840,1,1657026996.196532,"10.0.2.15","216.58.213.174","08:00:27:3A:52:ED","52:54:00:12:35:02",3,443,44736,0,0,0,35661,0,0,0,0,0,0,0,0,0,4,0
100,3,"/home/pqv/data/video_website/youtube.pcap",1657026996.262996,18,427,"99.178.354.341.427","99.178.354.341.427",3,54,0,1,54,0,1,0,0,0,1657026996.196532,"10.0.2.15","216.58.213.174","08:00:27:3A:52:ED","52:54:00:12:35:02",3,443,44736,0,0,0,18,18,0,18,0,18,0,0,0,0,4,0
100,3,"/home/pqv/data/video_website/youtube.pcap",1657026996.263201,19,427,"99.178.354.341.427","99.178.354.341.427",3,5623,5569,1,0,0,0,5623,5569,1,1657026996.196532,"10.0.2.15","216.58.213.174","08:00:27:3A:52:ED","52:54:00:12:35:02",3,443,44736,0,0,0,205,0,205,0,205,0,205,0,0,0,4,0
100,3,"/home/pqv/data/video_website/youtube.pcap",1657026996.263217,20,427,"99.178.354.341.427","99.178.354.341.427",3,54,0,1,54,0,1,0,0,0,1657026996.196532,"10.0.2.15","216.58.213.174","08:00:27:3A:52:ED","52:54:00:12:35:02",3,443,44736,0,0,0,16,16,0,16,0,16,0,0,0,0,4,0
100,3,"/home/pqv/data/video_website/youtube.pcap",1657026996.266611,21,427,"99.178.354.341.427","99.178.354.341.427",3,7204,7150,1,0,0,0,7204,7150,1,1657026996.196532,"10.0.2.15","216.58.213.174","08:00:27:3A:52:ED","52:54:00:12:35:02",3,443,44736,0,0,0,3394,0,3394,0,3394,0,3394,0,0,0,4,0
100,3,"/home/pqv/data/video_website/youtube.pcap",1657026996.266618,22,427,"99.178.354.341.427","99.178.354.341.427",3,54,0,1,54,0,1,0,0,0,1657026996.196532,"10.0.2.15","216.58.213.174","08:00:27:3A:52:ED","52:54:00:12:35:02",3,443,44736,0,0,0,7,7,0,7,0,7,0,0,0,0,4,0
100,3,"/home/pqv/data/video_website/youtube.pcap",1657026996.271212,23,427,"99.178.354.341.427","99.178.354.341.427",3,10274,10220,1,0,0,0,10274,10220,1,1657026996.196532,"10.0.2.15","216.58.213.174","08:00:27:3A:52:ED","52:54:00:12:35:02",3,443,44736,0,0,0,4594,0,4594,0,4594,0,4594,0,0,0,4,0
100,3,"/home/pqv/data/video_website/youtube.pcap",1657026996.271233,24,427,"99.178.354.341.427","99.178.354.341.427",3,54,0,1,54,0,1,0,0,0,1657026996.196532,"10.0.2.15","216.58.213.174","08:00:27:3A:52:ED","52:54:00:12:35:02",3,443,44736,0,0,0,21,21,0,21,0,21,0,0,0,0,4,0
100,3,"/home/pqv/data/video_website/youtube.pcap",1657026996.271424,25,427,"99.178.354.341.427","99.178.354.341.427",3,2704,2650,1,0,0,0,2704,2650,1,1657026996.196532,"10.0.2.15","216.58.213.174","08:00:27:3A:52:ED","52:54:00:12:35:02",3,443,44736,0,0,0,191,0,191,0,191,0,191,0,0,0,4,0
100,3,"/home/pqv/data/video_website/youtube.pcap",1657026996.271441,26,427,"99.178.354.341.427","99.178.354.341.427",3,54,0,1,54,0,1,0,0,0,1657026996.196532,"10.0.2.15","216.58.213.174","08:00:27:3A:52:ED","52:54:00:12:35:02",3,443,44736,0,0,0,17,17,0,17,0,17,0,0,0,0,4,0
100,3,"/home/pqv/data/video_website/youtube.pcap",1657026996.272756,27,427,"99.178.354.341.427","99.178.354.341.427",3,8634,8580,1,0,0,0,8634,8580,1,1657026996.196532,"10.0.2.15","216.58.213.174","08:00:27:3A:52:ED","52:54:00:12:35:02",3,443,44736,0,0,0,1315,0,1315,0,1315,0,1315,0,0,0,4,0
100,3,"/home/pqv/data/video_website/youtube.pcap",1657026996.272765,28,427,"99.178.354.341.427","99.178.354.341.427",3,54,0,1,54,0,1,0,0,0,1657026996.196532,"10.0.2.15","216.58.213.174","08:00:27:3A:52:ED","52:54:00:12:35:02",3,443,44736,0,0,0,9,9,0,9,0,9,0,0,0,0,4,0
100,3,"/home/pqv/data/video_website/youtube.pcap",1657026996.274458,29,427,"99.178.354.341.427","99.178.354.341.427",3,8634,8580,1,0,0,0,8634,8580,1,1657026996.196532,"10.0.2.15","216.58.213.174","08:00:27:3A:52:ED","52:54:00:12:35:02",3,443,44736,0,0,0,1693,0,1693,0,1693,0,1693,0,0,0,4,0
100,3,"/home/pqv/data/video_website/youtube.pcap",1657026996.274466,30,427,"99.178.354.341.427","99.178.354.341.427",3,54,0,1,54,0,1,0,0,0,1657026996.196532,"10.0.2.15","216.58.213.174","08:00:27:3A:52:ED","52:54:00:12:35:02",3,443,44736,0,0,0,8,8,0,8,0,8,0,0,0,0,4,0
100,3,"/home/pqv/data/video_website/youtube.pcap",1657026996.275849,31,427,"99.178.354.341.427","99.178.354.341.427",3,8634,8580,1,0,0,0,8634,8580,1,1657026996.196532,"10.0.2.15","216.58.213.174","08:00:27:3A:52:ED","52:54:00:12:35:02",3,443,44736,0,0,0,1383,0,1383,0,1383,0,1383,0,0,0,4,0
100,3,"/home/pqv/data/video_website/youtube.pcap",1657026996.275865,32,427,"99.178.354.341.427","99.178.354.341.427",3,54,0,1,54,0,1,0,0,0,1657026996.196532,"10.0.2.15","216.58.213.174","08:00:27:3A:52:ED","52:54:00:12:35:02",3,443,44736,0,0,0,16,16,0,16,0,16,0,0,0,0,4,0
100,3,"/home/pqv/data/video_website/youtube.pcap",1657026996.277657,33,427,"99.178.354.341.427","99.178.354.341.427",3,10064,10010,1,0,0,0,10064,10010,1,1657026996.196532,"10.0.2.15","216.58.213.174","08:00:27:3A:52:ED","52:54:00:12:35:02",3,443,44736,0,0,0,1792,0,1792,0,1792,0,1792,0,0,0,4,0
100,3,"/home/pqv/data/video_website/youtube.pcap",1657026996.277668,34,427,"99.178.354.341.427","99.178.354.341.427",3,54,0,1,54,0,1,0,0,0,1657026996.196532,"10.0.2.15","216.58.213.174","08:00:27:3A:52:ED","52:54:00:12:35:02",3,443,44736,0,0,0,11,11,0,11,0,11,0,0,0,0,4,0
100,3,"/home/pqv/data/video_website/youtube.pcap",1657026996.279328,35,427,"99.178.354.341.427","99.178.354.341.427",3,11494,11440,1,0,0,0,11494,11440,1,1657026996.196532,"10.0.2.15","216.58.213.174","08:00:27:3A:52:ED","52:54:00:12:35:02",3,443,44736,0,0,0,1660,0,1660,0,1660,0,1660,0,0,0,4,0
100,3,"/home/pqv/data/video_website/youtube.pcap",1657026996.279336,36,427,"99.178.354.341.427","99.178.354.341.427",3,54,0,1,54,0,1,0,0,0,1657026996.196532,"10.0.2.15","216.58.213.174","08:00:27:3A:52:ED","52:54:00:12:35:02",3,443,44736,0,0,0,8,8,0,8,0,8,0,0,0,0,4,0
100,3,"/home/pqv/data/video_website/youtube.pcap",1657026996.280927,37,427,"99.178.354.341.427","99.178.354.341.427",3,11494,11440,1,0,0,0,11494,11440,1,1657026996.196532,"10.0.2.15","216.58.213.174","08:00:27:3A:52:ED","52:54:00:12:35:02",3,443,44736,0,0,0,1591,0,1591,0,1591,0,1591,0,0,0,4,0
100,3,"/home/pqv/data/video_website/youtube.pcap",1657026996.280934,38,427,"99.178.354.341.427","99.178.354.341.427",3,54,0,1,54,0,1,0,0,0,1657026996.196532,"10.0.2.15","216.58.213.174","08:00:27:3A:52:ED","52:54:00:12:35:02",3,443,44736,0,0,0,7,7,0,7,0,7,0,0,0,0,4,0
100,3,"/home/pqv/data/video_website/youtube.pcap",1657026996.282780,39,427,"99.178.354.341.427","99.178.354.341.427",3,14354,14300,1,0,0,0,14354,14300,1,1657026996.196532,"10.0.2.15","216.58.213.174","08:00:27:3A:52:ED","52:54:00:12:35:02",3,443,44736,0,0,0,1846,0,1846,0,1846,0,1846,0,0,0,4,0
100,3,"/home/pqv/data/video_website/youtube.pcap",1657026996.282787,40,427,"99.178.354.341.427","99.178.354.341.427",3,54,0,1,54,0,1,0,0,0,1657026996.196532,"10.0.2.15","216.58.213.174","08:00:27:3A:52:ED","52:54:00:12:35:02",3,443,44736,0,0,0,7,7,0,7,0,7,0,0,0,0,4,0
100,3,"/home/pqv/data/video_website/youtube.pcap",1657026996.284469,41,427,"99.178.354.341.427","99.178.354.341.427",3,17214,17160,1,0,0,0,17214,17160,1,1657026996.196532,"10.0.2.15","216.58.213.174","08:00:27:3A:52:ED","52:54:00:12:35:02",3,443,44736,0,0,0,1682,0,1682,0,1682,0,1682,0,0,0,4,0
100,3,"/home/pqv/data/video_website/youtube.pcap",1657026996.284476,42,427,"99.178.354.341.427","99.178.354.341.427",3,54,0,1,54,0,1,0,0,0,1657026996.196532,"10.0.2.15","216.58.213.174","08:00:27:3A:52:ED","52:54:00:12:35:02",3,443,44736,0,0,0,7,7,0,7,0,7,0,0,0,0,4,0
100,3,"/home/pqv/data/video_website/youtube.pcap",1657026996.286682,43,427,"99.178.354.341.427","99.178.354.341.427",3,21504,21450,1,0,0,0,21504,21450,1,1657026996.196532,"10.0.2.15","216.58.213.174","08:00:27:3A:52:ED","52:54:00:12:35:02",3,443,44736,0,0,0,2206,0,2206,0,2206,0,2206,0,0,0,4,0
100,3,"/home/pqv/data/video_website/youtube.pcap",1657026996.286714,44,427,"99.178.354.341.427","99.178.354.341.427",3,54,0,1,54,0,1,0,0,0,1657026996.196532,"10.0.2.15","216.58.213.174","08:00:27:3A:52:ED","52:54:00:12:35:02",3,443,44736,0,0,0,32,32,0,32,0,32,0,0,0,0,4,0
100,3,"/home/pqv/data/video_website/youtube.pcap",1657026996.288373,45,427,"99.178.354.341.427","99.178.354.341.427",3,22934,22880,1,0,0,0,22934,22880,1,1657026996.196532,"10.0.2.15","216.58.213.174","08:00:27:3A:52:ED","52:54:00:12:35:02",3,443,44736,0,0,0,1659,0,1659,0,1659,0,1659,0,0,0,4,0
100,3,"/home/pqv/data/video_website/youtube.pcap",1657026996.288414,46,427,"99.178.354.341.427","99.178.354.341.427",3,54,0,1,54,0,1,0,0,0,1657026996.196532,"10.0.2.15","216.58.213.174","08:00:27:3A:52:ED","52:54:00:12:35:02",3,443,44736,0,0,0,41,41,0,41,0,41,0,0,0,0,4,0
100,3,"/home/pqv/data/video_website/youtube.pcap",1657026996.288460,47,427,"99.178.354.341.427","99.178.354.341.427",3,2974,2920,1,0,0,0,2974,2920,1,1657026996.196532,"10.0.2.15","216.58.213.174","08:00:27:3A:52:ED","52:54:00:12:35:02",3,443,44736,0,0,0,46,0,46,0,46,0,46,0,0,0,4,0
100,3,"/home/pqv/data/video_website/youtube.pcap",1657026996.288467,48,427,"99.178.354.341.427","99.178.354.341.427",3,54,0,1,54,0,1,0,0,0,1657026996.196532,"10.0.2.15","216.58.213.174","08:00:27:3A:52:ED","52:54:00:12:35:02",3,443,44736,0,0,0,7,7,0,7,0,7,0,0,0,0,4,0
100,3,"/home/pqv/data/video_website/youtube.pcap",1657026996.288641,49,427,"99.178.354.341.427","99.178.354.341.427",3,7144,7090,1,0,0,0,7144,7090,1,1657026996.196532,"10.0.2.15","216.58.213.174","08:00:27:3A:52:ED","52:54:00:12:35:02",3,443,44736,0,0,0,174,0,174,0,174,0,174,0,0,0,4,0
100,3,"/home/pqv/data/video_website/youtube.pcap",1657026996.288647,50,427,"99.178.354.341.427","99.178.354.341.427",3,54,0,1,54,0,1,0,0,0,1657026996.196532,"10.0.2.15","216.58.213.174","08:00:27:3A:52:ED","52:54:00:12:35:02",3,443,44736,0,0,0,6,6,0,6,0,6,0,0,0,0,4,0
100,3,"/home/pqv/data/video_website/youtube.pcap",1657026996.291551,51,427,"99.178.354.341.427","99.178.354.341.427",3,28654,28600,1,0,0,0,28654,28600,1,1657026996.196532,"10.0.2.15","216.58.213.174","08:00:27:3A:52:ED","52:54:00:12:35:02",3,443,44736,0,0,0,2904,0,2904,0,2904,0,2904,0,0,0,4,0
100,3,"/home/pqv/data/video_website/youtube.pcap",1657026996.291572,52,427,"99.178.354.341.427","99.178.354.341.427",3,54,0,1,54,0,1,0,0,0,1657026996.196532,"10.0.2.15","216.58.213.174","08:00:27:3A:52:ED","52:54:00:12:35:02",3,443,44736,0,0,0,21,21,0,21,0,21,0,0,0,0,4,0
100,3,"/home/pqv/data/video_website/youtube.pcap",1657026996.292118,53,427,"99.178.354.341.427","99.178.354.341.427",3,22934,22880,1,0,0,0,22934,22880,1,1657026996.196532,"10.0.2.15","216.58.213.174","08:00:27:3A:52:ED","52:54:00:12:35:02",3,443,44736,0,0,0,546,0,546,0,546,0,546,0,0,0,4,0
100,3,"/home/pqv/data/video_website/youtube.pcap",1657026996.292137,54,427,"99.178.354.341.427","99.178.354.341.427",3,54,0,1,54,0,1,0,0,0,1657026996.196532,"10.0.2.15","216.58.213.174","08:00:27:3A:52:ED","52:54:00:12:35:02",3,443,44736,0,0,0,19,19,0,19,0,19,0,0,0,0,4,0
100,3,"/home/pqv/data/video_website/youtube.pcap",1657026996.292177,55,427,"99.178.354.341.427","99.178.354.341.427",3,4434,4380,1,0,0,0,4434,4380,1,1657026996.196532,"10.0.2.15","216.58.213.174","08:00:27:3A:52:ED","52:54:00:12:35:02",3,443,44736,0,0,0,40,0,40,0,40,0,40,0,0,0,4,0
100,3,"/home/pqv/data/video_website/youtube.pcap",1657026996.292183,56,427,"99.178.354.341.427","99.178.354.341.427",3,54,0,1,54,0,1,0,0,0,1657026996.196532,"10.0.2.15","216.58.213.174","08:00:27:3A:52:ED","52:54:00:12:35:02",3,443,44736,0,0,0,6,6,0,6,0,6,0,0,0,0,4,0
100,3,"/home/pqv/data/video_website/youtube.pcap",1657026996.292263,57,427,"99.178.354.341.427","99.178.354.341.427",3,2824,2770,1,0,0,0,2824,2770,1,1657026996.196532,"10.0.2.15","216.58.213.174","08:00:27:3A:52:ED","52:54:00:12:35:02",3,443,44736,0,0,0,80,0,80,0,80,0,80,0,0,0,4,0
100,3,"/home/pqv/data/video_website/youtube.pcap",1657026996.292263,58,427,"99.178.354.341.427","99.178.354.341.427",3,1484,1430,1,0,0,0,1484,1430,1,1657026996.196532,"10.0.2.15","216.58.213.174","08:00:27:3A:52:ED","52:54:00:12:35:02",3,443,44736,0,0,0,0,0,0,0,0,0,0,0,0,0,4,0
100,3,"/home/pqv/data/video_website/youtube.pcap",1657026996.292273,59,427,"99.178.354.341.427","99.178.354.341.427",3,54,0,1,54,0,1,0,0,0,1657026996.196532,"10.0.2.15","216.58.213.174","08:00:27:3A:52:ED","52:54:00:12:35:02",3,443,44736,0,0,0,10,10,0,10,0,10,0,0,0,0,4,0
100,3,"/home/pqv/data/video_website/youtube.pcap",1657026996.292283,60,427,"99.178.354.341.427","99.178.354.341.427",3,54,0,1,54,0,1,0,0,0,1657026996.196532,"10.0.2.15","216.58.213.174","08:00:27:3A:52:ED","52:54:00:12:35:02",3,443,44736,0,0,0,10,20,0,20,0,20,0,0,0,0,4,0
100,3,"/home/pqv/data/video_website/youtube.pcap",1657026996.294139,61,427,"99.178.354.341.427","99.178.354.341.427",3,22934,22880,1,0,0,0,22934,22880,1,1657026996.196532,"10.0.2.15","216.58.213.174","08:00:27:3A:52:ED","52:54:00:12:35:02",3,443,44736,0,0,0,1856,0,1856,0,1856,0,1856,0,0,0,4,0
100,3,"/home/pqv/data/video_website/youtube.pcap",1657026996.294173,62,427,"99.178.354.341.427","99.178.354.341.427",3,54,0,1,54,0,1,0,0,0,1657026996.196532,"10.0.2.15","216.58.213.174","08:00:27:3A:52:ED","52:54:00:12:35:02",3,443,44736,0,0,0,34,34,0,34,0,34,0,0,0,0,4,0
100,3,"/home/pqv/data/video_website/youtube.pcap",1657026996.294203,63,427,"99.178.354.341.427","99.178.354.341.427",3,7204,7150,1,0,0,0,7204,7150,1,1657026996.196532,"10.0.2.15","216.58.213.174","08:00:27:3A:52:ED","52:54:00:12:35:02",3,443,44736,0,0,0,30,0,30,0,30,0,30,0,0,0,4,0
100,3,"/home/pqv/data/video_website/youtube.pcap",1657026996.294203,64,427,"99.178.354.341.427","99.178.354.341.427",3,2914,2860,1,0,0,0,2914,2860,1,1657026996.196532,"10.0.2.15","216.58.213.174","08:00:27:3A:52:ED","52:54:00:12:35:02",3,443,44736,0,0,0,0,0,0,0,0,0,0,0,0,0,4,0
100,3,"/home/pqv/data/video_website/youtube.pcap",1657026996.294210,65,427,"99.178.354.341.427","99.178.354.341.427",3,54,0,1,54,0,1,0,0,0,1657026996.196532,"10.0.2.15","216.58.213.174","08:00:27:3A:52:ED","52:54:00:12:35:02",3,443,44736,0,0,0,7,7,0,7,0,7,0,0,0,0,4,0
100,3,"/home/pqv/data/video_website/youtube.pcap",1657026996.294216,66,427,"99.178.354.341.427","99.178.354.341.427",3,54,0,1,54,0,1,0,0,0,1657026996.196532,"10.0.2.15","216.58.213.174","08:00:27:3A:52:ED","52:54:00:12:35:02",3,443,44736,0,0,0,6,13,0,13,0,13,0,0,0,0,4,0
100,3,"/home/pqv/data/video_website/youtube.pcap",1657026996.297022,67,427,"99.178.354.341.427","99.178.354.341.427",3,13526,13472,1,0,0,0,13526,13472,1,1657026996.196532,"10.0.2.15","216.58.213.174","08:00:27:3A:52:ED","52:54:00:12:35:02",3,443,44736,0,0,0,2806,0,2806,0,2806,0,2806,0,0,0,4,0
100,3,"/home/pqv/data/video_website/youtube.pcap",1657026996.297041,68,427,"99.178.354.341.427","99.178.354.341.427",3,54,0,1,54,0,1,0,0,0,1657026996.196532,"10.0.2.15","216.58.213.174","08:00:27:3A:52:ED","52:54:00:12:35:02",3,443,44736,0,0,0,19,19,0,19,0,19,0,0,0,0,4,0
100,3,"/home/pqv/data/video_website/youtube.pcap",1657026996.387313,69,427,"99.178.354.341.427","99.178.354.341.427",3,445,391,1,0,0,0,445,391,1,1657026996.196532,"10.0.2.15","216.58.213.174","08:00:27:3A:52:ED","52:54:00:12:35:02",3,443,44736,0,0,0,90272,0,90272,0,90272,0,90272,0,0,0,4,0
100,3,"/home/pqv/data/video_website/youtube.pcap",1657026996.387358,70,427,"99.178.354.341.427","99.178.354.341.427",3,54,0,1,54,0,1,0,0,0,1657026996.196532,"10.0.2.15","216.58.213.174","08:00:27:3A:52:ED","52:54:00:12:35:02",3,443,44736,0,0,0,45,45,0,45,0,45,0,0,0,0,4,0
100,3,"/home/pqv/data/video_website/youtube.pcap",1657026996.408202,71,427,"99.178.354.341.427","99.178.354.341.427",3,22934,22880,1,0,0,0,22934,22880,1,1657026996.196532,"10.0.2.15","216.58.213.174","08:00:27:3A:52:ED","52:54:00:12:35:02",3,443,44736,0,0,0,20844,0,20844,0,20844,0,20844,0,0,0,4,0
100,3,"/home/pqv/data/video_website/youtube.pcap",1657026996.408281,72,427,"99.178.354.341.427","99.178.354.341.427",3,54,0,1,54,0,1,0,0,0,1657026996.196532,"10.0.2.15","216.58.213.174","08:00:27:3A:52:ED","52:54:00:12:35:02",3,443,44736,0,0,0,79,79,0,79,0,79,0,0,0,0,4,0
100,3,"/home/pqv/data/video_website/youtube.pcap",1657026996.408544,73,427,"99.178.354.341.427","99.178.354.341.427",3,7204,7150,1,0,0,0,7204,7150,1,1657026996.196532,"10.0.2.15","216.58.213.174","08:00:27:3A:52:ED","52:54:00:12:35:02",3,443,44736,0,0,0,263,0,263,0,263,0,263,0,0,0,4,0
100,3,"/home/pqv/data/video_website/youtube.pcap",1657026996.408545,74,427,"99.178.354.341.427","99.178.354.341.427",3,3328,3274,1,0,0,0,3328,3274,1,1657026996.196532,"10.0.2.15","216.58.213.174","08:00:27:3A:52:ED","52:54:00:12:35:02",3,443,44736,0,0,0,1,0,0,0,0,0,0,0,0,0,4,0
100,3,"/home/pqv/data/video_website/youtube.pcap",1657026996.408599,75,427,"99.178.354.341.427","99.178.354.341.427",3,54,0,1,54,0,1,0,0,0,1657026996.196532,"10.0.2.15","216.58.213.174","08:00:27:3A:52:ED","52:54:00:12:35:02",3,443,44736,0,0,0,54,55,0,55,0,55,0,0,0,0,4,0
100,3,"/home/pqv/data/video_website/youtube.pcap",1657026996.408682,76,427,"99.178.354.341.427","99.178.354.341.427",3,54,0,1,54,0,1,0,0,0,1657026996.196532,"10.0.2.15","216.58.213.174","08:00:27:3A:52:ED","52:54:00:12:35:02",3,443,44736,0,0,0,83,137,0,137,0,137,0,0,0,0,4,0
100,3,"/home/pqv/data/video_website/youtube.pcap",1657026996.408760,77,427,"99.178.354.341.427","99.178.354.341.427",3,1484,1430,1,0,0,0,1484,1430,1,1657026996.196532,"10.0.2.15","216.58.213.174","08:00:27:3A:52:ED","52:54:00:12:35:02",3,443,44736,0,0,0,78,0,78,0,78,0,78,0,0,0,4,0
100,3,"/home/pqv/data/video_website/youtube.pcap",1657026996.408784,78,427,"99.178.354.341.427","99.178.354.341.427",3,54,0,1,54,0,1,0,0,0,1657026996.196532,"10.0.2.15","216.58.213.174","08:00:27:3A:52:ED","52:54:00:12:35:02",3,443,44736,0,0,0,24,24,0,24,0,24,0,0,0,0,4,0
100,3,"/home/pqv/data/video_website/youtube.pcap",1657026996.409189,79,427,"99.178.354.341.427","99.178.354.341.427",3,1484,1430,1,0,0,0,1484,1430,1,1657026996.196532,"10.0.2.15","216.58.213.174","08:00:27:3A:52:ED","52:54:00:12:35:02",3,443,44736,0,0,0,405,0,405,0,405,0,405,0,0,0,4,0
100,3,"/home/pqv/data/video_website/youtube.pcap",1657026996.409189,80,427,"99.178.354.341.427","99.178.354.341.427",3,1484,1430,1,0,0,0,1484,1430,1,1657026996.196532,"10.0.2.15","216.58.213.174","08:00:27:3A:52:ED","52:54:00:12:35:02",3,443,44736,0,0,0,0,0,0,0,0,0,0,0,0,0,4,0
100,3,"/home/pqv/data/video_website/youtube.pcap",1657026996.409250,81,427,"99.178.354.341.427","99.178.354.341.427",3,54,0,1,54,0,1,0,0,0,1657026996.196532,"10.0.2.15","216.58.213.174","08:00:27:3A:52:ED","52:54:00:12:35:02",3,443,44736,0,0,0,61,61,0,61,0,61,0,0,0,0,4,0
100,3,"/home/pqv/data/video_website/youtube.pcap",1657026996.409322,82,427,"99.178.354.341.427","99.178.354.341.427",3,54,0,1,54,0,1,0,0,0,1657026996.196532,"10.0.2.15","216.58.213.174","08:00:27:3A:52:ED","52:54:00:12:35:02",3,443,44736,0,0,0,72,133,0,133,0,133,0,0,0,0,4,0
100,3,"/home/pqv/data/video_website/youtube.pcap",1657026996.410244,83,427,"99.178.354.341.427","99.178.354.341.427",3,7204,7150,1,0,0,0,7204,7150,1,1657026996.196532,"10.0.2.15","216.58.213.174","08:00:27:3A:52:ED","52:54:00:12:35:02",3,443,44736,0,0,0,922,0,922,0,922,0,922,0,0,0,4,0
100,3,"/home/pqv/data/video_website/youtube.pcap",1657026996.410245,84,427,"99.178.354.341.427","99.178.354.341.427",3,18644,18590,1,0,0,0,18644,18590,1,1657026996.196532,"10.0.2.15","216.58.213.174","08:00:27:3A:52:ED","52:54:00:12:35:02",3,443,44736,0,0,0,1,0,0,0,0,0,0,0,0,0,4,0
100,3,"/home/pqv/data/video_website/youtube.pcap",1657026996.410313,85,427,"99.178.354.341.427","99.178.354.341.427",3,54,0,1,54,0,1,0,0,0,1657026996.196532,"10.0.2.15","216.58.213.174","08:00:27:3A:52:ED","52:54:00:12:35:02",3,443,44736,0,0,0,68,69,0,69,0,69,0,0,0,0,4,0
100,3,"/home/pqv/data/video_website/youtube.pcap",1657026996.410400,86,427,"99.178.354.341.427","99.178.354.341.427",3,54,0,1,54,0,1,0,0,0,1657026996.196532,"10.0.2.15","216.58.213.174","08:00:27:3A:52:ED","52:54:00:12:35:02",3,443,44736,0,0,0,87,155,0,155,0,155,0,0,0,0,4,0
100,3,"/home/pqv/data/video_website/youtube.pcap",1657026996.410473,87,427,"99.178.354.341.427","99.178.354.341.427",3,2945,2891,1,0,0,0,2945,2891,1,1657026996.196532,"10.0.2.15","216.58.213.174","08:00:27:3A:52:ED","52:54:00:12:35:02",3,443,44736,0,0,0,73,0,73,0,73,0,73,0,0,0,4,0
100,3,"/home/pqv/data/video_website/youtube.pcap",1657026996.410474,88,427,"99.178.354.341.427","99.178.354.341.427",3,2974,2920,1,0,0,0,2974,2920,1,1657026996.196532,"10.0.2.15","216.58.213.174","08:00:27:3A:52:ED","52:54:00:12:35:02",3,443,44736,0,0,0,1,0,0,0,0,0,0,0,0,0,4,0
100,3,"/home/pqv/data/video_website/youtube.pcap",1657026996.410492,89,427,"99.178.354.341.427","99.178.354.341.427",3,54,0,1,54,0,1,0,0,0,1657026996.196532,"10.0.2.15","216.58.213.174","08:00:27:3A:52:ED","52:54:00:12:35:02",3,443,44736,0,0,0,18,19,0,19,0,19,0,0,0,0,4,0
100,3,"/home/pqv/data/video_website/youtube.pcap",1657026996.410536,90,427,"99.178.354.341.427","99.178.354.341.427",3,54,0,1,54,0,1,0,0,0,1657026996.196532,"10.0.2.15","216.58.213.174","08:00:27:3A:52:ED","52:54:00:12:35:02",3,443,44736,0,0,0,44,62,0,62,0,62,0,0,0,0,4,0
100,3,"/home/pqv/data/video_website/youtube.pcap",1657026996.410944,91,427,"99.178.354.341.427","99.178.354.341.427",3,1424,1370,1,0,0,0,1424,1370,1,1657026996.196532,"10.0.2.15","216.58.213.174","08:00:27:3A:52:ED","52:54:00:12:35:02",3,443,44736,0,0,0,408,0,408,0,408,0,408,0,0,0,4,0
100,3,"/home/pqv/data/video_website/youtube.pcap",1657026996.410971,92,427,"99.178.354.341.427","99.178.354.341.427",3,54,0,1,54,0,1,0,0,0,1657026996.196532,"10.0.2.15","216.58.213.174","08:00:27:3A:52:ED","52:54:00:12:35:02",3,443,44736,0,0,0,27,27,0,27,0,27,0,0,0,0,4,0
100,3,"/home/pqv/data/video_website/youtube.pcap",1657026996.413140,93,427,"99.178.354.341.427","99.178.354.341.427",3,20494,20440,1,0,0,0,20494,20440,1,1657026996.196532,"10.0.2.15","216.58.213.174","08:00:27:3A:52:ED","52:54:00:12:35:02",3,443,44736,0,0,0,2169,0,2169,0,2169,0,2169,0,0,0,4,0
100,3,"/home/pqv/data/video_website/youtube.pcap",1657026996.413190,94,427,"99.178.354.341.427","99.178.354.341.427",3,54,0,1,54,0,1,0,0,0,1657026996.196532,"10.0.2.15","216.58.213.174","08:00:27:3A:52:ED","52:54:00:12:35:02",3,443,44736,0,0,0,50,50,0,50,0,50,0,0,0,0,4,0
100,3,"/home/pqv/data/video_website/youtube.pcap",1657026996.413603,95,427,"99.178.354.341.427","99.178.354.341.427",3,1064,1010,1,0,0,0,1064,1010,1,1657026996.196532,"10.0.2.15","216.58.213.174","08:00:27:3A:52:ED","52:54:00:12:35:02",3,443,44736,0,0,0,413,0,413,0,413,0,413,0,0,0,4,0
100,3,"/home/pqv/data/video_website/youtube.pcap",1657026996.413604,96,427,"99.178.354.341.427","99.178.354.341.427",3,1484,1430,1,0,0,0,1484,1430,1,1657026996.196532,"10.0.2.15","216.58.213.174","08:00:27:3A:52:ED","52:54:00:12:35:02",3,443,44736,0,0,0,1,0,0,0,0,0,0,0,0,0,4,0
100,3,"/home/pqv/data/video_website/youtube.pcap",1657026996.413604,97,427,"99.178.354.341.427","99.178.354.341.427",3,5774,5720,1,0,0,0,5774,5720,1,1657026996.196532,"10.0.2.15","216.58.213.174","08:00:27:3A:52:ED","52:54:00:12:35:02",3,443,44736,0,0,0,0,0,0,0,0,0,0,0,0,0,4,0
100,3,"/home/pqv/data/video_website/youtube.pcap",1657026996.413604,98,427,"99.178.354.341.427","99.178.354.341.427",3,10274,10220,1,0,0,0,10274,10220,1,1657026996.196532,"10.0.2.15","216.58.213.174","08:00:27:3A:52:ED","52:54:00:12:35:02",3,443,44736,0,0,0,0,0,0,0,0,0,0,0,0,0,4,0
100,3,"/home/pqv/data/video_website/youtube.pcap",1657026996.413661,99,427,"99.178.354.341.427","99.178.354.341.427",3,54,0,1,54,0,1,0,0,0,1657026996.196532,"10.0.2.15","216.58.213.174","08:00:27:3A:52:ED","52:54:00:12:35:02",3,443,44736,0,0,0,57,58,0,58,0,58,0,0,0,0,4,0
100,3,"/home/pqv/data/video_website/youtube.pcap",1657026996.413736,100,427,"99.178.354.341.427","99.178.354.341.427",3,54,0,1,54,0,1,0,0,0,1657026996.196532,"10.0.2.15","216.58.213.174","08:00:27:3A:52:ED","52:54:00:12:35:02",3,443,44736,0,0,0,75,132,0,132,0,132,0,0,0,0,4,0
100,3,"/home/pqv/data/video_website/youtube.pcap",1657026996.413795,101,427,"99.178.354.341.427","99.178.354.341.427",3,54,0,1,54,0,1,0,0,0,1657026996.196532,"10.0.2.15","216.58.213.174","08:00:27:3A:52:ED","52:54:00:12:35:02",3,443,44736,0,0,0,59,191,0,191,0,191,0,0,0,0,4,0
100,3,"/home/pqv/data/video_website/youtube.pcap",1657026996.413859,102,427,"99.178.354.341.427","99.178.354.341.427",3,54,0,1,54,0,1,0,0,0,1657026996.196532,"10.0.2.15","216.58.213.174","08:00:27:3A:52:ED","52:54:00:12:35:02",3,443,44736,0,0,0,64,255,0,255,0,255,0,0,0,0,4,0
100,3,"/home/pqv/data/video_website/youtube.pcap",1657026996.414278,103,427,"99.178.354.341.427","99.178.354.341.427",3,5964,5910,1,0,0,0,5964,5910,1,1657026996.196532,"10.0.2.15","216.58.213.174","08:00:27:3A:52:ED","52:54:00:12:35:02",3,443,44736,0,0,0,419,0,419,0,419,0,419,0,0,0,4,0
100,3,"/home/pqv/data/video_website/youtube.pcap",1657026996.414278,104,427,"99.178.354.341.427","99.178.354.341.427",3,2914,2860,1,0,0,0,2914,2860,1,1657026996.196532,"10.0.2.15","216.58.213.174","08:00:27:3A:52:ED","52:54:00:12:35:02",3,443,44736,0,0,0,0,0,0,0,0,0,0,0,0,0,4,0
100,3,"/home/pqv/data/video_website/youtube.pcap",1657026996.414279,105,427,"99.178.354.341.427","99.178.354.341.427",3,12886,12832,1,0,0,0,12886,12832,1,1657026996.196532,"10.0.2.15","216.58.213.174","08:00:27:3A:52:ED","52:54:00:12:35:02",3,443,44736,0,0,0,1,0,0,0,0,0,0,0,0,0,4,0
100,3,"/home/pqv/data/video_website/youtube.pcap",1657026996.414336,106,427,"99.178.354.341.427","99.178.354.341.427",3,54,0,1,54,0,1,0,0,0,1657026996.196532,"10.0.2.15","216.58.213.174","08:00:27:3A:52:ED","52:54:00:12:35:02",3,443,44736,0,0,0,57,58,0,58,0,58,0,0,0,0,4,0
100,3,"/home/pqv/data/video_website/youtube.pcap",1657026996.414397,107,427,"99.178.354.341.427","99.178.354.341.427",3,54,0,1,54,0,1,0,0,0,1657026996.196532,"10.0.2.15","216.58.213.174","08:00:27:3A:52:ED","52:54:00:12:35:02",3,443,44736,0,0,0,61,119,0,119,0,119,0,0,0,0,4,0
100,3,"/home/pqv/data/video_website/youtube.pcap",1657026996.414431,108,427,"99.178.354.341.427","99.178.354.341.427",3,54,0,1,54,0,1,0,0,0,1657026996.196532,"10.0.2.15","216.58.213.174","08:00:27:3A:52:ED","52:54:00:12:35:02",3,443,44736,0,0,0,34,152,0,152,0,152,0,0,0,0,4,0
100,3,"/home/pqv/data/video_website/youtube.pcap",1657026996.418581,109,427,"99.178.354.341.427","99.178.354.341.427",3,19034,18980,1,0,0,0,19034,18980,1,1657026996.196532,"10.0.2.15","216.58.213.174","08:00:27:3A:52:ED","52:54:00:12:35:02",3,443,44736,0,0,0,4150,0,4150,0,4150,0,4150,0,0,0,4,0
100,3,"/home/pqv/data/video_website/youtube.pcap",1657026996.418622,110,427,"99.178.354.341.427","99.178.354.341.427",3,54,0,1,54,0,1,0,0,0,1657026996.196532,"10.0.2.15","216.58.213.174","08:00:27:3A:52:ED","52:54:00:12:35:02",3,443,44736,0,0,0,41,41,0,41,0,41,0,0,0,0,4,0
100,3,"/home/pqv/data/video_website/youtube.pcap",1657026996.419021,111,427,"99.178.354.341.427","99.178.354.341.427",3,1094,1040,1,0,0,0,1094,1040,1,1657026996.196532,"10.0.2.15","216.58.213.174","08:00:27:3A:52:ED","52:54:00:12:35:02",3,443,44736,0,0,0,399,0,399,0,399,0,399,0,0,0,4,0
100,3,"/home/pqv/data/video_website/youtube.pcap",1657026996.419022,112,427,"99.178.354.341.427","99.178.354.341.427",3,2914,2860,1,0,0,0,2914,2860,1,1657026996.196532,"10.0.2.15","216.58.213.174","08:00:27:3A:52:ED","52:54:00:12:35:02",3,443,44736,0,0,0,1,0,0,0,0,0,0,0,0,0,4,0
100,3,"/home/pqv/data/video_website/youtube.pcap",1657026996.419022,113,427,"99.178.354.341.427","99.178.354.341.427",3,445,391,1,0,0,0,445,391,1,1657026996.196532,"10.0.2.15","216.58.213.174","08:00:27:3A:52:ED","52:54:00:12:35:02",3,443,44736,0,0,0,0,0,0,0,0,0,0,0,0,0,4,0
100,3,"/home/pqv/data/video_website/youtube.pcap",1657026996.419057,114,427,"99.178.354.341.427","99.178.354.341.427",3,54,0,1,54,0,1,0,0,0,1657026996.196532,"10.0.2.15","216.58.213.174","08:00:27:3A:52:ED","52:54:00:12:35:02",3,443,44736,0,0,0,35,36,0,36,0,36,0,0,0,0,4,0
100,3,"/home/pqv/data/video_website/youtube.pcap",1657026996.419104,115,427,"99.178.354.341.427","99.178.354.341.427",3,54,0,1,54,0,1,0,0,0,1657026996.196532,"10.0.2.15","216.58.213.174","08:00:27:3A:52:ED","52:54:00:12:35:02",3,443,44736,0,0,0,47,82,0,82,0,82,0,0,0,0,4,0
100,3,"/home/pqv/data/video_website/youtube.pcap",1657026996.419188,116,427,"99.178.354.341.427","99.178.354.341.427",3,54,0,1,54,0,1,0,0,0,1657026996.196532,"10.0.2.15","216.58.213.174","08:00:27:3A:52:ED","52:54:00:12:35:02",3,443,44736,0,0,0,84,166,0,166,0,166,0,0,0,0,4,0
100,3,"/home/pqv/data/video_website/youtube.pcap",1657026996.421192,117,427,"99.178.354.341.427","99.178.354.341.427",3,21918,21864,1,0,0,0,21918,21864,1,1657026996.196532,"10.0.2.15","216.58.213.174","08:00:27:3A:52:ED","52:54:00:12:35:02",3,443,44736,0,0,0,2004,0,2004,0,2004,0,2004,0,0,0,4,0
100,3,"/home/pqv/data/video_website/youtube.pcap",1657026996.421241,118,427,"99.178.354.341.427","99.178.354.341.427",3,54,0,1,54,0,1,0,0,0,1657026996.196532,"10.0.2.15","216.58.213.174","08:00:27:3A:52:ED","52:54:00:12:35:02",3,443,44736,0,0,0,49,49,0,49,0,49,0,0,0,0,4,0
100,3,"/home/pqv/data/video_website/youtube.pcap",1657026996.421390,119,427,"99.178.354.341.427","99.178.354.341.427",3,5774,5720,1,0,0,0,5774,5720,1,1657026996.196532,"10.0.2.15","216.58.213.174","08:00:27:3A:52:ED","52:54:00:12:35:02",3,443,44736,0,0,0,149,0,149,0,149,0,149,0,0,0,4,0
100,3,"/home/pqv/data/video_website/youtube.pcap",1657026996.421411,120,427,"99.178.354.341.427","99.178.354.341.427",3,54,0,1,54,0,1,0,0,0,1657026996.196532,"10.0.2.15","216.58.213.174","08:00:27:3A:52:ED","52:54:00:12:35:02",3,443,44736,0,0,0,21,21,0,21,0,21,0,0,0,0,4,0
100,3,"/home/pqv/data/video_website/youtube.pcap",1657026996.421927,121,427,"99.178.354.341.427","99.178.354.341.427",3,14979,14925,1,0,0,0,14979,14925,1,1657026996.196532,"10.0.2.15","216.58.213.174","08:00:27:3A:52:ED","52:54:00:12:35:02",3,443,44736,0,0,0,516,0,516,0,516,0,516,0,0,0,4,0
100,3,"/home/pqv/data/video_website/youtube.pcap",1657026996.421953,122,427,"99.178.354.341.427","99.178.354.341.427",3,54,0,1,54,0,1,0,0,0,1657026996.196532,"10.0.2.15","216.58.213.174","08:00:27:3A:52:ED","52:54:00:12:35:02",3,443,44736,0,0,0,26,26,0,26,0,26,0,0,0,0,4,0
100,3,"/home/pqv/data/video_website/youtube.pcap",1657026996.422029,123,427,"99.178.354.341.427","99.178.354.341.427",3,7204,7150,1,0,0,0,7204,7150,1,1657026996.196532,"10.0.2.15","216.58.213.174","08:00:27:3A:52:ED","52:54:00:12:35:02",3,443,44736,0,0,0,76,0,76,0,76,0,76,0,0,0,4,0
100,3,"/home/pqv/data/video_website/youtube.pcap",1657026996.422045,124,427,"99.178.354.341.427","99.178.354.341.427",3,54,0,1,54,0,1,0,0,0,1657026996.196532,"10.0.2.15","216.58.213.174","08:00:27:3A:52:ED","52:54:00:12:35:02",3,443,44736,0,0,0,16,16,0,16,0,16,0,0,0,0,4,0
100,3,"/home/pqv/data/video_website/youtube.pcap",1657026996.422251,125,427,"99.178.354.341.427","99.178.354.341.427",3,2914,2860,1,0,0,0,2914,2860,1,1657026996.196532,"10.0.2.15","216.58.213.174","08:00:27:3A:52:ED","52:54:00:12:35:02",3,443,44736,0,0,0,206,0,206,0,206,0,206,0,0,0,4,0
100,3,"/home/pqv/data/video_website/youtube.pcap",1657026996.422251,126,427,"99.178.354.341.427","99.178.354.341.427",3,4344,4290,1,0,0,0,4344,4290,1,1657026996.196532,"10.0.2.15","216.58.213.174","08:00:27:3A:52:ED","52:54:00:12:35:02",3,443,44736,0,0,0,0,0,0,0,0,0,0,0,0,0,4,0
100,3,"/home/pqv/data/video_website/youtube.pcap",1657026996.422296,127,427,"99.178.354.341.427","99.178.354.341.427",3,54,0,1,54,0,1,0,0,0,1657026996.196532,"10.0.2.15","216.58.213.174","08:00:27:3A:52:ED","52:54:00:12:35:02",3,443,44736,0,0,0,45,45,0,45,0,45,0,0,0,0,4,0
100,3,"/home/pqv/data/video_website/youtube.pcap",1657026996.422340,128,427,"99.178.354.341.427","99.178.354.341.427",3,54,0,1,54,0,1,0,0,0,1657026996.196532,"10.0.2.15","216.58.213.174","08:00:27:3A:52:ED","52:54:00:12:35:02",3,443,44736,0,0,0,44,89,0,89,0,89,0,0,0,0,4,0
100,3,"/home/pqv/data/video_website/youtube.pcap",1657026996.422554,129,427,"99.178.354.341.427","99.178.354.341.427",3,2914,2860,1,0,0,0,2914,2860,1,1657026996.196532,"10.0.2.15","216.58.213.174","08:00:27:3A:52:ED","52:54:00:12:35:02",3,443,44736,0,0,0,214,0,214,0,214,0,214,0,0,0,4,0
100,3,"/home/pqv/data/video_website/youtube.pcap",1657026996.422555,130,427,"99.178.354.341.427","99.178.354.341.427",3,1484,1430,1,0,0,0,1484,1430,1,1657026996.196532,"10.0.2.15","216.58.213.174","08:00:27:3A:52:ED","52:54:00:12:35:02",3,443,44736,0,0,0,1,0,0,0,0,0,0,0,0,0,4,0
100,3,"/home/pqv/data/video_website/youtube.pcap",1657026996.422665,131,427,"99.178.354.341.427","99.178.354.341.427",3,54,0,1,54,0,1,0,0,0,1657026996.196532,"10.0.2.15","216.58.213.174","08:00:27:3A:52:ED","52:54:00:12:35:02",3,443,44736,0,0,0,110,111,0,111,0,111,0,0,0,0,4,0
100,3,"/home/pqv/data/video_website/youtube.pcap",1657026996.422711,132,427,"99.178.354.341.427","99.178.354.341.427",3,54,0,1,54,0,1,0,0,0,1657026996.196532,"10.0.2.15","216.58.213.174","08:00:27:3A:52:ED","52:54:00:12:35:02",3,443,44736,0,0,0,46,156,0,156,0,156,0,0,0,0,4,0
100,3,"/home/pqv/data/video_website/youtube.pcap",1657026996.423019,133,427,"99.178.354.341.427","99.178.354.341.427",3,2914,2860,1,0,0,0,2914,2860,1,1657026996.196532,"10.0.2.15","216.58.213.174","08:00:27:3A:52:ED","52:54:00:12:35:02",3,443,44736,0,0,0,308,0,308,0,308,0,308,0,0,0,4,0
100,3,"/home/pqv/data/video_website/youtube.pcap",1657026996.423019,134,427,"99.178.354.341.427","99.178.354.341.427",3,1484,1430,1,0,0,0,1484,1430,1,1657026996.196532,"10.0.2.15","216.58.213.174","08:00:27:3A:52:ED","52:54:00:12:35:02",3,443,44736,0,0,0,0,0,0,0,0,0,0,0,0,0,4,0
100,3,"/home/pqv/data/video_website/youtube.pcap",1657026996.423020,135,427,"99.178.354.341.427","99.178.354.341.427",3,7204,7150,1,0,0,0,7204,7150,1,1657026996.196532,"10.0.2.15","216.58.213.174","08:00:27:3A:52:ED","52:54:00:12:35:02",3,443,44736,0,0,0,1,0,0,0,0,0,0,0,0,0,4,0
100,3,"/home/pqv/data/video_website/youtube.pcap",1657026996.423051,136,427,"99.178.354.341.427","99.178.354.341.427",3,54,0,1,54,0,1,0,0,0,1657026996.196532,"10.0.2.15","216.58.213.174","08:00:27:3A:52:ED","52:54:00:12:35:02",3,443,44736,0,0,0,31,32,0,32,0,32,0,0,0,0,4,0
100,3,"/home/pqv/data/video_website/youtube.pcap",1657026996.423099,137,427,"99.178.354.341.427","99.178.354.341.427",3,54,0,1,54,0,1,0,0,0,1657026996.196532,"10.0.2.15","216.58.213.174","08:00:27:3A:52:ED","52:54:00:12:35:02",3,443,44736,0,0,0,48,80,0,80,0,80,0,0,0,0,4,0
100,3,"/home/pqv/data/video_website/youtube.pcap",1657026996.423128,138,427,"99.178.354.341.427","99.178.354.341.427",3,54,0,1,54,0,1,0,0,0,1657026996.196532,"10.0.2.15","216.58.213.174","08:00:27:3A:52:ED","52:54:00:12:35:02",3,443,44736,0,0,0,29,108,0,108,0,108,0,0,0,0,4,0
100,3,"/home/pqv/data/video_website/youtube.pcap",1657026996.423394,139,427,"99.178.354.341.427","99.178.354.341.427",3,20494,20440,1,0,0,0,20494,20440,1,1657026996.196532,"10.0.2.15","216.58.213.174","08:00:27:3A:52:ED","52:54:00:12:35:02",3,443,44736,0,0,0,266,0,266,0,266,0,266,0,0,0,4,0
100,3,"/home/pqv/data/video_website/youtube.pcap",1657026996.423424,140,427,"99.178.354.341.427","99.178.354.341.427",3,54,0,1,54,0,1,0,0,0,1657026996.196532,"10.0.2.15","216.58.213.174","08:00:27:3A:52:ED","52:54:00:12:35:02",3,443,44736,0,0,0,30,30,0,30,0,30,0,0,0,0,4,0
100,3,"/home/pqv/data/video_website/youtube.pcap",1657026996.423615,141,427,"99.178.354.341.427","99.178.354.341.427",3,2494,2440,1,0,0,0,2494,2440,1,1657026996.196532,"10.0.2.15","216.58.213.174","08:00:27:3A:52:ED","52:54:00:12:35:02",3,443,44736,0,0,0,191,0,191,0,191,0,191,0,0,0,4,0
100,3,"/home/pqv/data/video_website/youtube.pcap",1657026996.423615,142,427,"99.178.354.341.427","99.178.354.341.427",3,7204,7150,1,0,0,0,7204,7150,1,1657026996.196532,"10.0.2.15","216.58.213.174","08:00:27:3A:52:ED","52:54:00:12:35:02",3,443,44736,0,0,0,0,0,0,0,0,0,0,0,0,0,4,0
100,3,"/home/pqv/data/video_website/youtube.pcap",1657026996.423616,143,427,"99.178.354.341.427","99.178.354.341.427",3,2914,2860,1,0,0,0,2914,2860,1,1657026996.196532,"10.0.2.15","216.58.213.174","08:00:27:3A:52:ED","52:54:00:12:35:02",3,443,44736,0,0,0,1,0,0,0,0,0,0,0,0,0,4,0
100,3,"/home/pqv/data/video_website/youtube.pcap",1657026996.423643,144,427,"99.178.354.341.427","99.178.354.341.427",3,54,0,1,54,0,1,0,0,0,1657026996.196532,"10.0.2.15","216.58.213.174","08:00:27:3A:52:ED","52:54:00:12:35:02",3,443,44736,0,0,0,27,28,0,28,0,28,0,0,0,0,4,0
100,3,"/home/pqv/data/video_website/youtube.pcap",1657026996.423687,145,427,"99.178.354.341.427","99.178.354.341.427",3,54,0,1,54,0,1,0,0,0,1657026996.196532,"10.0.2.15","216.58.213.174","08:00:27:3A:52:ED","52:54:00:12:35:02",3,443,44736,0,0,0,44,72,0,72,0,72,0,0,0,0,4,0
100,3,"/home/pqv/data/video_website/youtube.pcap",1657026996.423721,146,427,"99.178.354.341.427","99.178.354.341.427",3,54,0,1,54,0,1,0,0,0,1657026996.196532,"10.0.2.15","216.58.213.174","08:00:27:3A:52:ED","52:54:00:12:35:02",3,443,44736,0,0,0,34,105,0,105,0,105,0,0,0,0,4,0
100,3,"/home/pqv/data/video_website/youtube.pcap",1657026996.423767,147,427,"99.178.354.341.427","99.178.354.341.427",3,1484,1430,1,0,0,0,1484,1430,1,1657026996.196532,"10.0.2.15","216.58.213.174","08:00:27:3A:52:ED","52:54:00:12:35:02",3,443,44736,0,0,0,46,0,46,0,46,0,46,0,0,0,4,0
100,3,"/home/pqv/data/video_website/youtube.pcap",1657026996.423781,148,427,"99.178.354.341.427","99.178.354.341.427",3,54,0,1,54,0,1,0,0,0,1657026996.196532,"10.0.2.15","216.58.213.174","08:00:27:3A:52:ED","52:54:00:12:35:02",3,443,44736,0,0,0,14,14,0,14,0,14,0,0,0,0,4,0
100,3,"/home/pqv/data/video_website/youtube.pcap",1657026996.424281,149,427,"99.178.354.341.427","99.178.354.341.427",3,2914,2860,1,0,0,0,2914,2860,1,1657026996.196532,"10.0.2.15","216.58.213.174","08:00:27:3A:52:ED","52:54:00:12:35:02",3,443,44736,0,0,0,500,0,500,0,500,0,500,0,0,0,4,0
100,3,"/home/pqv/data/video_website/youtube.pcap",1657026996.424281,150,427,"99.178.354.341.427","99.178.354.341.427",3,1484,1430,1,0,0,0,1484,1430,1,1657026996.196532,"10.0.2.15","216.58.213.174","08:00:27:3A:52:ED","52:54:00:12:35:02",3,443,44736,0,0,0,0,0,0,0,0,0,0,0,0,0,4,0
100,3,"/home/pqv/data/video_website/youtube.pcap",1657026996.424281,151,427,"99.178.354.341.427","99.178.354.341.427",3,1514,1460,1,0,0,0,1514,1460,1,1657026996.196532,"10.0.2.15","216.58.213.174","08:00:27:3A:52:ED","52:54:00:12:35:02",3,443,44736,0,0,0,0,0,0,0,0,0,0,0,0,0,4,0
100,3,"/home/pqv/data/video_website/youtube.pcap",1657026996.424303,152,427,"99.178.354.341.427","99.178.354.341.427",3,54,0,1,54,0,1,0,0,0,1657026996.196532,"10.0.2.15","216.58.213.174","08:00:27:3A:52:ED","52:54:00:12:35:02",3,443,44736,0,0,0,22,22,0,22,0,22,0,0,0,0,4,0
100,3,"/home/pqv/data/video_website/youtube.pcap",1657026996.424336,153,427,"99.178.354.341.427","99.178.354.341.427",3,54,0,1,54,0,1,0,0,0,1657026996.196532,"10.0.2.15","216.58.213.174","08:00:27:3A:52:ED","52:54:00:12:35:02",3,443,44736,0,0,0,33,55,0,55,0,55,0,0,0,0,4,0
100,3,"/home/pqv/data/video_website/youtube.pcap",1657026996.424358,154,427,"99.178.354.341.427","99.178.354.341.427",3,54,0,1,54,0,1,0,0,0,1657026996.196532,"10.0.2.15","216.58.213.174","08:00:27:3A:52:ED","52:54:00:12:35:02",3,443,44736,0,0,0,22,77,0,77,0,77,0,0,0,0,4,0
100,3,"/home/pqv/data/video_website/youtube.pcap",1657026996.425094,155,427,"99.178.354.341.427","99.178.354.341.427",3,5744,5690,1,0,0,0,5744,5690,1,1657026996.196532,"10.0.2.15","216.58.213.174","08:00:27:3A:52:ED","52:54:00:12:35:02",3,443,44736,0,0,0,736,0,736,0,736,0,736,0,0,0,4,0
100,3,"/home/pqv/data/video_website/youtube.pcap",1657026996.425094,156,427,"99.178.354.341.427","99.178.354.341.427",3,22934,22880,1,0,0,0,22934,22880,1,1657026996.196532,"10.0.2.15","216.58.213.174","08:00:27:3A:52:ED","52:54:00:12:35:02",3,443,44736,0,0,0,0,0,0,0,0,0,0,0,0,0,4,0
100,3,"/home/pqv/data/video_website/youtube.pcap",1657026996.425134,157,427,"99.178.354.341.427","99.178.354.341.427",3,54,0,1,54,0,1,0,0,0,1657026996.196532,"10.0.2.15","216.58.213.174","08:00:27:3A:52:ED","52:54:00:12:35:02",3,443,44736,0,0,0,40,40,0,40,0,40,0,0,0,0,4,0
100,3,"/home/pqv/data/video_website/youtube.pcap",1657026996.425179,158,427,"99.178.354.341.427","99.178.354.341.427",3,54,0,1,54,0,1,0,0,0,1657026996.196532,"10.0.2.15","216.58.213.174","08:00:27:3A:52:ED","52:54:00:12:35:02",3,443,44736,0,0,0,45,85,0,85,0,85,0,0,0,0,4,0
100,3,"/home/pqv/data/video_website/youtube.pcap",1657026996.425401,159,427,"99.178.354.341.427","99.178.354.341.427",3,7204,7150,1,0,0,0,7204,7150,1,1657026996.196532,"10.0.2.15","216.58.213.174","08:00:27:3A:52:ED","52:54:00:12:35:02",3,443,44736,0,0,0,222,0,222,0,222,0,222,0,0,0,4,0
100,3,"/home/pqv/data/video_website/youtube.pcap",1657026996.425402,160,427,"99.178.354.341.427","99.178.354.341.427",3,2914,2860,1,0,0,0,2914,2860,1,1657026996.196532,"10.0.2.15","216.58.213.174","08:00:27:3A:52:ED","52:54:00:12:35:02",3,443,44736,0,0,0,1,0,0,0,0,0,0,0,0,0,4,0
100,3,"/home/pqv/data/video_website/youtube.pcap",1657026996.425432,161,427,"99.178.354.341.427","99.178.354.341.427",3,54,0,1,54,0,1,0,0,0,1657026996.196532,"10.0.2.15","216.58.213.174","08:00:27:3A:52:ED","52:54:00:12:35:02",3,443,44736,0,0,0,30,31,0,31,0,31,0,0,0,0,4,0
100,3,"/home/pqv/data/video_website/youtube.pcap",1657026996.425627,162,427,"99.178.354.341.427","99.178.354.341.427",3,1484,1430,1,0,0,0,1484,1430,1,1657026996.196532,"10.0.2.15","216.58.213.174","08:00:27:3A:52:ED","52:54:00:12:35:02",3,443,44736,0,0,0,195,0,195,0,195,0,195,0,0,0,4,0
100,3,"/home/pqv/data/video_website/youtube.pcap",1657026996.425813,163,427,"99.178.354.341.427","99.178.354.341.427",3,2914,2860,1,0,0,0,2914,2860,1,1657026996.196532,"10.0.2.15","216.58.213.174","08:00:27:3A:52:ED","52:54:00:12:35:02",3,443,44736,0,0,0,186,0,0,0,0,0,0,0,0,0,4,0
100,3,"/home/pqv/data/video_website/youtube.pcap",1657026996.425813,164,427,"99.178.354.341.427","99.178.354.341.427",3,1484,1430,1,0,0,0,1484,1430,1,1657026996.196532,"10.0.2.15","216.58.213.174","08:00:27:3A:52:ED","52:54:00:12:35:02",3,443,44736,0,0,0,0,0,0,0,0,0,0,0,0,0,4,0
100,3,"/home/pqv/data/video_website/youtube.pcap",1657026996.426062,165,427,"99.178.354.341.427","99.178.354.341.427",3,7204,7150,1,0,0,0,7204,7150,1,1657026996.196532,"10.0.2.15","216.58.213.174","08:00:27:3A:52:ED","52:54:00:12:35:02",3,443,44736,0,0,0,249,0,0,0,0,0,0,0,0,0,4,0
100,3,"/home/pqv/data/video_website/youtube.pcap",1657026996.426699,166,427,"99.178.354.341.427","99.178.354.341.427",3,54,0,1,54,0,1,0,0,0,1657026996.196532,"10.0.2.15","216.58.213.174","08:00:27:3A:52:ED","52:54:00:12:35:02",3,443,44736,0,0,0,637,637,0,637,0,637,0,0,0,0,4,0
100,3,"/home/pqv/data/video_website/youtube.pcap",1657026996.428351,167,427,"99.178.354.341.427","99.178.354.341.427",3,17574,17520,1,0,0,0,17574,17520,1,1657026996.196532,"10.0.2.15","216.58.213.174","08:00:27:3A:52:ED","52:54:00:12:35:02",3,443,44736,0,0,0,1652,0,1652,0,1652,0,1652,0,0,0,4,0
100,3,"/home/pqv/data/video_website/youtube.pcap",1657026996.428372,168,427,"99.178.354.341.427","99.178.354.341.427",3,54,0,1,54,0,1,0,0,0,1657026996.196532,"10.0.2.15","216.58.213.174","08:00:27:3A:52:ED","52:54:00:12:35:02",3,443,44736,0,0,0,21,21,0,21,0,21,0,0,0,0,4,0
100,3,"/home/pqv/data/video_website/youtube.pcap",1657026996.428584,169,427,"99.178.354.341.427","99.178.354.341.427",3,10274,10220,1,0,0,0,10274,10220,1,1657026996.196532,"10.0.2.15","216.58.213.174","08:00:27:3A:52:ED","52:54:00:12:35:02",3,443,44736,0,0,0,212,0,212,0,212,0,212,0,0,0,4,0
100,3,"/home/pqv/data/video_website/youtube.pcap",1657026996.428760,170,427,"99.178.354.341.427","99.178.354.341.427",3,1514,1460,1,0,0,0,1514,1460,1,1657026996.196532,"10.0.2.15","216.58.213.174","08:00:27:3A:52:ED","52:54:00:12:35:02",3,443,44736,0,0,0,176,0,0,0,0,0,0,0,0,0,4,0
100,3,"/home/pqv/data/video_website/youtube.pcap",1657026996.428820,171,427,"99.178.354.341.427","99.178.354.341.427",3,54,0,1,54,0,1,0,0,0,1657026996.196532,"10.0.2.15","216.58.213.174","08:00:27:3A:52:ED","52:54:00:12:35:02",3,443,44736,0,0,0,60,60,0,60,0,60,0,0,0,0,4,0
100,3,"/home/pqv/data/video_website/youtube.pcap",1657026996.428991,172,427,"99.178.354.341.427","99.178.354.341.427",3,2974,2920,1,0,0,0,2974,2920,1,1657026996.196532,"10.0.2.15","216.58.213.174","08:00:27:3A:52:ED","52:54:00:12:35:02",3,443,44736,0,0,0,171,0,171,0,171,0,171,0,0,0,4,0
100,3,"/home/pqv/data/video_website/youtube.pcap",1657026996.429102,173,427,"99.178.354.341.427","99.178.354.341.427",3,1514,1460,1,0,0,0,1514,1460,1,1657026996.196532,"10.0.2.15","216.58.213.174","08:00:27:3A:52:ED","52:54:00:12:35:02",3,443,44736,0,0,0,111,0,0,0,0,0,0,0,0,0,4,0
100,3,"/home/pqv/data/video_website/youtube.pcap",1657026996.429141,174,427,"99.178.354.341.427","99.178.354.341.427",3,54,0,1,54,0,1,0,0,0,1657026996.196532,"10.0.2.15","216.58.213.174","08:00:27:3A:52:ED","52:54:00:12:35:02",3,443,44736,0,0,0,39,39,0,39,0,39,0,0,0,0,4,0
100,3,"/home/pqv/data/video_website/youtube.pcap",1657026996.429286,175,427,"99.178.354.341.427","99.178.354.341.427",3,1514,1460,1,0,0,0,1514,1460,1,1657026996.196532,"10.0.2.15","216.58.213.174","08:00:27:3A:52:ED","52:54:00:12:35:02",3,443,44736,0,0,0,145,0,145,0,145,0,145,0,0,0,4,0
100,3,"/home/pqv/data/video_website/youtube.pcap",1657026996.429398,176,427,"99.178.354.341.427","99.178.354.341.427",3,1514,1460,1,0,0,0,1514,1460,1,1657026996.196532,"10.0.2.15","216.58.213.174","08:00:27:3A:52:ED","52:54:00:12:35:02",3,443,44736,0,0,0,112,0,0,0,0,0,0,0,0,0,4,0
100,3,"/home/pqv/data/video_website/youtube.pcap",1657026996.429408,177,427,"99.178.354.341.427","99.178.354.341.427",3,54,0,1,54,0,1,0,0,0,1657026996.196532,"10.0.2.15","216.58.213.174","08:00:27:3A:52:ED","52:54:00:12:35:02",3,443,44736,0,0,0,10,10,0,10,0,10,0,0,0,0,4,0
100,3,"/home/pqv/data/video_website/youtube.pcap",1657026996.429606,178,427,"99.178.354.341.427","99.178.354.341.427",3,1514,1460,1,0,0,0,1514,1460,1,1657026996.196532,"10.0.2.15","216.58.213.174","08:00:27:3A:52:ED","52:54:00:12:35:02",3,443,44736,0,0,0,198,0,198,0,198,0,198,0,0,0,4,0
100,3,"/home/pqv/data/video_website/youtube.pcap",1657026996.429789,179,427,"99.178.354.341.427","99.178.354.341.427",3,1514,1460,1,0,0,0,1514,1460,1,1657026996.196532,"10.0.2.15","216.58.213.174","08:00:27:3A:52:ED","52:54:00:12:35:02",3,443,44736,0,0,0,183,0,0,0,0,0,0,0,0,0,4,0
100,3,"/home/pqv/data/video_website/youtube.pcap",1657026996.429838,180,427,"99.178.354.341.427","99.178.354.341.427",3,54,0,1,54,0,1,0,0,0,1657026996.196532,"10.0.2.15","216.58.213.174","08:00:27:3A:52:ED","52:54:00:12:35:02",3,443,44736,0,0,0,49,49,0,49,0,49,0,0,0,0,4,0
100,3,"/home/pqv/data/video_website/youtube.pcap",1657026996.430004,181,427,"99.178.354.341.427","99.178.354.341.427",3,2974,2920,1,0,0,0,2974,2920,1,1657026996.196532,"10.0.2.15","216.58.213.174","08:00:27:3A:52:ED","52:54:00:12:35:02",3,443,44736,0,0,0,166,0,166,0,166,0,166,0,0,0,4,0
100,3,"/home/pqv/data/video_website/youtube.pcap",1657026996.430074,182,427,"99.178.354.341.427","99.178.354.341.427",3,54,0,1,54,0,1,0,0,0,1657026996.196532,"10.0.2.15","216.58.213.174","08:00:27:3A:52:ED","52:54:00:12:35:02",3,443,44736,0,0,0,70,70,0,70,0,70,0,0,0,0,4,0
100,3,"/home/pqv/data/video_website/youtube.pcap",1657026996.430166,183,427,"99.178.354.341.427","99.178.354.341.427",3,1514,1460,1,0,0,0,1514,1460,1,1657026996.196532,"10.0.2.15","216.58.213.174","08:00:27:3A:52:ED","52:54:00:12:35:02",3,443,44736,0,0,0,92,0,92,0,92,0,92,0,0,0,4,0
100,3,"/home/pqv/data/video_website/youtube.pcap",1657026996.430339,184,427,"99.178.354.341.427","99.178.354.341.427",3,4434,4380,1,0,0,0,4434,4380,1,1657026996.196532,"10.0.2.15","216.58.213.174","08:00:27:3A:52:ED","52:54:00:12:35:02",3,443,44736,0,0,0,173,0,0,0,0,0,0,0,0,0,4,0
100,3,"/home/pqv/data/video_website/youtube.pcap",1657026996.430477,185,427,"99.178.354.341.427","99.178.354.341.427",3,1514,1460,1,0,0,0,1514,1460,1,1657026996.196532,"10.0.2.15","216.58.213.174","08:00:27:3A:52:ED","52:54:00:12:35:02",3,443,44736,0,0,0,138,0,0,0,0,0,0,0,0,0,4,0
100,3,"/home/pqv/data/video_website/youtube.pcap",1657026996.430574,186,427,"99.178.354.341.427","99.178.354.341.427",3,54,0,1,54,0,1,0,0,0,1657026996.196532,"10.0.2.15","216.58.213.174","08:00:27:3A:52:ED","52:54:00:12:35:02",3,443,44736,0,0,0,97,235,0,235,0,235,0,0,0,0,4,0
100,3,"/home/pqv/data/video_website/youtube.pcap",1657026996.430643,187,427,"99.178.354.341.427","99.178.354.341.427",3,2974,2920,1,0,0,0,2974,2920,1,1657026996.196532,"10.0.2.15","216.58.213.174","08:00:27:3A:52:ED","52:54:00:12:35:02",3,443,44736,0,0,0,69,0,69,0,69,0,69,0,0,0,4,0
100,3,"/home/pqv/data/video_website/youtube.pcap",1657026996.430687,188,427,"99.178.354.341.427","99.178.354.341.427",3,54,0,1,54,0,1,0,0,0,1657026996.196532,"10.0.2.15","216.58.213.174","08:00:27:3A:52:ED","52:54:00:12:35:02",3,443,44736,0,0,0,44,44,0,44,0,44,0,0,0,0,4,0
100,3,"/home/pqv/data/video_website/youtube.pcap",1657026996.430777,189,427,"99.178.354.341.427","99.178.354.341.427",3,2974,2920,1,0,0,0,2974,2920,1,1657026996.196532,"10.0.2.15","216.58.213.174","08:00:27:3A:52:ED","52:54:00:12:35:02",3,443,44736,0,0,0,90,0,90,0,90,0,90,0,0,0,4,0
100,3,"/home/pqv/data/video_website/youtube.pcap",1657026996.430925,190,427,"99.178.354.341.427","99.178.354.341.427",3,10274,10220,1,0,0,0,10274,10220,1,1657026996.196532,"10.0.2.15","216.58.213.174","08:00:27:3A:52:ED","52:54:00:12:35:02",3,443,44736,0,0,0,148,0,0,0,0,0,0,0,0,0,4,0
100,3,"/home/pqv/data/video_website/youtube.pcap",1657026996.430926,191,427,"99.178.354.341.427","99.178.354.341.427",3,5894,5840,1,0,0,0,5894,5840,1,1657026996.196532,"10.0.2.15","216.58.213.174","08:00:27:3A:52:ED","52:54:00:12:35:02",3,443,44736,0,0,0,1,0,0,0,0,0,0,0,0,0,4,0
100,3,"/home/pqv/data/video_website/youtube.pcap",1657026996.431075,192,427,"99.178.354.341.427","99.178.354.341.427",3,26334,26280,1,0,0,0,26334,26280,1,1657026996.196532,"10.0.2.15","216.58.213.174","08:00:27:3A:52:ED","52:54:00:12:35:02",3,443,44736,0,0,0,149,0,0,0,0,0,0,0,0,0,4,0
100,3,"/home/pqv/data/video_website/youtube.pcap",1657026996.431164,193,427,"99.178.354.341.427","99.178.354.341.427",3,7354,7300,1,0,0,0,7354,7300,1,1657026996.196532,"10.0.2.15","216.58.213.174","08:00:27:3A:52:ED","52:54:00:12:35:02",3,443,44736,0,0,0,89,0,0,0,0,0,0,0,0,0,4,0
100,3,"/home/pqv/data/video_website/youtube.pcap",1657026996.431164,194,427,"99.178.354.341.427","99.178.354.341.427",3,8058,8004,1,0,0,0,8058,8004,1,1657026996.196532,"10.0.2.15","216.58.213.174","08:00:27:3A:52:ED","52:54:00:12:35:02",3,443,44736,0,0,0,0,0,0,0,0,0,0,0,0,0,4,0
100,3,"/home/pqv/data/video_website/youtube.pcap",1657026996.431246,195,427,"99.178.354.341.427","99.178.354.341.427",3,54,0,1,54,0,1,0,0,0,1657026996.196532,"10.0.2.15","216.58.213.174","08:00:27:3A:52:ED","52:54:00:12:35:02",3,443,44736,0,0,0,82,82,0,82,0,82,0,0,0,0,4,0
100,3,"/home/pqv/data/video_website/youtube.pcap",1657026996.434602,196,427,"99.178.354.341.427","99.178.354.341.427",3,54,0,1,54,0,1,0,0,0,1657026996.196532,"10.0.2.15","216.58.213.174","08:00:27:3A:52:ED","52:54:00:12:35:02",3,443,44736,0,0,0,3356,0,0,0,0,0,0,0,0,0,4,0
100,3,"/home/pqv/data/video_website/youtube.pcap",1657026996.435388,197,427,"99.178.354.341.427","99.178.354.341.427",3,60,0,1,0,0,0,60,0,1,1657026996.196532,"10.0.2.15","216.58.213.174","08:00:27:3A:52:ED","52:54:00:12:35:02",3,443,44736,0,0,0,786,0,0,0,0,0,0,0,0,0,4,0
100,3,"/home/pqv/data/video_website/youtube.pcap",1657026996.470200,198,427,"99.178.354.341.427","99.178.354.341.427",3,60,0,1,0,0,0,60,0,1,1657026996.196532,"10.0.2.15","216.58.213.174","08:00:27:3A:52:ED","52:54:00:12:35:02",3,443,44736,0,0,0,34812,0,0,0,0,0,0,0,0,0,4,0
100,3,"/home/pqv/data/video_website/youtube.pcap",1657026996.470222,199,427,"99.178.354.341.427","99.178.354.341.427",3,54,0,1,54,0,1,0,0,0,1657026996.196532,"10.0.2.15","216.58.213.174","08:00:27:3A:52:ED","52:54:00:12:35:02",3,443,44736,0,0,0,22,0,0,0,0,0,0,0,0,0,4,0
