1,3,"/home/pqv/data/video_website/youtube16.pcap",1657526866.849828,"1.5.1 (e31cef8 - Jul  7 2022 09:05:04)","1.7.3 (92ce3808)","1.2.14 (557bd77 - Jun 20 2022 12:46:32)"
100,3,"/home/pqv/data/video_website/youtube16.pcap",1657292801.014758,1,85,"99.178.376.85","",2,86,44,1,86,44,1,0,0,0,1657292801.014758,"10.0.2.15","192.168.1.254","08:00:27:3A:52:ED","52:54:00:12:35:02",2,53,47954,0,0,0,0,0,0,0,0,0,0,0,0,0,10,0
100,3,"/home/pqv/data/video_website/youtube16.pcap",1657292801.014595,1,85,"99.178.376.85","",2,86,44,1,86,44,1,0,0,0,1657292801.014595,"10.0.2.15","192.168.1.254","08:00:27:3A:52:ED","52:54:00:12:35:02",1,53,46070,0,0,0,0,0,0,0,0,0,0,0,0,0,10,0
100,3,"/home/pqv/data/video_website/youtube16.pcap",1657292801.023905,2,85,"99.178.376.85","99.178.376.85",2,376,334,1,0,0,0,376,334,1,1657292801.014595,"10.0.2.15","192.168.1.254","08:00:27:3A:52:ED","52:54:00:12:35:02",1,53,46070,0,0,0,0,0,0,0,0,0,0,0,0,0,10,0
100,3,"/home/pqv/data/video_website/youtube16.pcap",1657292801.024565,3,85,"99.178.376.85","99.178.376.85",2,232,190,1,0,0,0,232,190,1,1657292801.014758,"10.0.2.15","192.168.1.254","08:00:27:3A:52:ED","52:54:00:12:35:02",2,53,47954,0,0,0,0,0,0,0,0,0,0,0,0,0,10,0
100,3,"/home/pqv/data/video_website/youtube16.pcap",1657292801.025336,4,134,"99.178.354.134","",3,74,0,1,74,0,1,0,0,0,1657292801.025336,"10.0.2.15","216.58.206.238","08:00:27:3A:52:ED","52:54:00:12:35:02",3,443,35116,0,0,0,0,0,0,0,0,0,0,0,0,0,1,0
100,3,"/home/pqv/data/video_website/youtube16.pcap",1657292801.034350,5,134,"99.178.354.134","99.178.354.134",3,60,0,1,0,0,0,60,0,1,1657292801.025336,"10.0.2.15","216.58.206.238","08:00:27:3A:52:ED","52:54:00:12:35:02",3,443,35116,0,0,0,0,0,0,0,0,0,0,0,0,0,1,0
100,3,"/home/pqv/data/video_website/youtube16.pcap",1657292801.034380,6,134,"99.178.354.134","99.178.354.134",3,54,0,1,54,0,1,0,0,0,1657292801.025336,"10.0.2.15","216.58.206.238","08:00:27:3A:52:ED","52:54:00:12:35:02",3,443,35116,0,9044,0,0,0,0,0,0,0,0,0,0,0,1,0
100,3,"/home/pqv/data/video_website/youtube16.pcap",1657292801.034864,7,427,"99.178.354.341.427","99.178.354.134",3,463,409,1,463,409,1,0,0,0,1657292801.025336,"10.0.2.15","216.58.206.238","08:00:27:3A:52:ED","52:54:00:12:35:02",3,443,35116,0,0,484,0,0,0,0,0,0,0,0,0,0,4,0
100,3,"/home/pqv/data/video_website/youtube16.pcap",1657292801.035125,8,427,"99.178.354.341.427","99.178.354.341.427",3,60,0,1,0,0,0,60,0,1,1657292801.025336,"10.0.2.15","216.58.206.238","08:00:27:3A:52:ED","52:54:00:12:35:02",3,443,35116,0,0,0,261,0,261,0,261,0,261,0,0,0,4,0
100,3,"/home/pqv/data/video_website/youtube16.pcap",1657292801.047051,9,427,"99.178.354.341.427","99.178.354.341.427",3,2974,2920,1,0,0,0,2974,2920,1,1657292801.025336,"10.0.2.15","216.58.206.238","08:00:27:3A:52:ED","52:54:00:12:35:02",3,443,35116,0,0,0,11926,0,0,0,0,0,0,0,0,0,4,0
100,3,"/home/pqv/data/video_website/youtube16.pcap",1657292801.047139,10,427,"99.178.354.341.427","99.178.354.341.427",3,54,0,1,54,0,1,0,0,0,1657292801.025336,"10.0.2.15","216.58.206.238","08:00:27:3A:52:ED","52:54:00:12:35:02",3,443,35116,0,0,0,88,88,0,88,0,88,0,0,0,0,4,0
100,3,"/home/pqv/data/video_website/youtube16.pcap",1657292801.047363,11,427,"99.178.354.341.427","99.178.354.341.427",3,3812,3758,1,0,0,0,3812,3758,1,1657292801.025336,"10.0.2.15","216.58.206.238","08:00:27:3A:52:ED","52:54:00:12:35:02",3,443,35116,0,0,0,224,0,224,0,224,0,224,0,0,0,4,0
100,3,"/home/pqv/data/video_website/youtube16.pcap",1657292801.047375,12,427,"99.178.354.341.427","99.178.354.341.427",3,54,0,1,54,0,1,0,0,0,1657292801.025336,"10.0.2.15","216.58.206.238","08:00:27:3A:52:ED","52:54:00:12:35:02",3,443,35116,0,0,0,12,12,0,12,0,12,0,0,0,0,4,0
100,3,"/home/pqv/data/video_website/youtube16.pcap",1657292801.050960,13,427,"99.178.354.341.427","99.178.354.341.427",3,134,80,1,134,80,1,0,0,0,1657292801.025336,"10.0.2.15","216.58.206.238","08:00:27:3A:52:ED","52:54:00:12:35:02",3,443,35116,0,0,0,3585,0,0,0,0,0,0,0,0,0,4,0
100,3,"/home/pqv/data/video_website/youtube16.pcap",1657292801.051220,14,427,"99.178.354.341.427","99.178.354.341.427",3,60,0,1,0,0,0,60,0,1,1657292801.025336,"10.0.2.15","216.58.206.238","08:00:27:3A:52:ED","52:54:00:12:35:02",3,443,35116,0,0,0,260,0,260,0,260,0,260,0,0,0,4,0
100,3,"/home/pqv/data/video_website/youtube16.pcap",1657292801.051351,15,427,"99.178.354.341.427","99.178.354.341.427",3,227,173,1,227,173,1,0,0,0,1657292801.025336,"10.0.2.15","216.58.206.238","08:00:27:3A:52:ED","52:54:00:12:35:02",3,443,35116,0,0,0,131,131,0,131,0,131,0,0,0,0,4,0
100,3,"/home/pqv/data/video_website/youtube16.pcap",1657292801.051640,16,427,"99.178.354.341.427","99.178.354.341.427",3,60,0,1,0,0,0,60,0,1,1657292801.025336,"10.0.2.15","216.58.206.238","08:00:27:3A:52:ED","52:54:00:12:35:02",3,443,35116,0,0,0,289,0,289,0,289,0,289,0,0,0,4,0
100,3,"/home/pqv/data/video_website/youtube16.pcap",1657292801.090312,17,427,"99.178.354.341.427","99.178.354.341.427",3,5894,5840,1,0,0,0,5894,5840,1,1657292801.025336,"10.0.2.15","216.58.206.238","08:00:27:3A:52:ED","52:54:00:12:35:02",3,443,35116,0,0,0,38672,0,0,0,0,0,0,0,0,0,4,0
100,3,"/home/pqv/data/video_website/youtube16.pcap",1657292801.090332,18,427,"99.178.354.341.427","99.178.354.341.427",3,54,0,1,54,0,1,0,0,0,1657292801.025336,"10.0.2.15","216.58.206.238","08:00:27:3A:52:ED","52:54:00:12:35:02",3,443,35116,0,0,0,20,20,0,20,0,20,0,0,0,0,4,0
100,3,"/home/pqv/data/video_website/youtube16.pcap",1657292801.090576,19,427,"99.178.354.341.427","99.178.354.341.427",3,4715,4661,1,0,0,0,4715,4661,1,1657292801.025336,"10.0.2.15","216.58.206.238","08:00:27:3A:52:ED","52:54:00:12:35:02",3,443,35116,0,0,0,244,0,244,0,244,0,244,0,0,0,4,0
100,3,"/home/pqv/data/video_website/youtube16.pcap",1657292801.090592,20,427,"99.178.354.341.427","99.178.354.341.427",3,54,0,1,54,0,1,0,0,0,1657292801.025336,"10.0.2.15","216.58.206.238","08:00:27:3A:52:ED","52:54:00:12:35:02",3,443,35116,0,0,0,16,16,0,16,0,16,0,0,0,0,4,0
100,3,"/home/pqv/data/video_website/youtube16.pcap",1657292801.092333,21,427,"99.178.354.341.427","99.178.354.341.427",3,8634,8580,1,0,0,0,8634,8580,1,1657292801.025336,"10.0.2.15","216.58.206.238","08:00:27:3A:52:ED","52:54:00:12:35:02",3,443,35116,0,0,0,1741,0,1741,0,1741,0,1741,0,0,0,4,0
100,3,"/home/pqv/data/video_website/youtube16.pcap",1657292801.092348,22,427,"99.178.354.341.427","99.178.354.341.427",3,54,0,1,54,0,1,0,0,0,1657292801.025336,"10.0.2.15","216.58.206.238","08:00:27:3A:52:ED","52:54:00:12:35:02",3,443,35116,0,0,0,15,15,0,15,0,15,0,0,0,0,4,0
100,3,"/home/pqv/data/video_website/youtube16.pcap",1657292801.098379,23,427,"99.178.354.341.427","99.178.354.341.427",3,5774,5720,1,0,0,0,5774,5720,1,1657292801.025336,"10.0.2.15","216.58.206.238","08:00:27:3A:52:ED","52:54:00:12:35:02",3,443,35116,0,0,0,6031,0,6031,0,6031,0,6031,0,0,0,4,0
100,3,"/home/pqv/data/video_website/youtube16.pcap",1657292801.098380,24,427,"99.178.354.341.427","99.178.354.341.427",3,4434,4380,1,0,0,0,4434,4380,1,1657292801.025336,"10.0.2.15","216.58.206.238","08:00:27:3A:52:ED","52:54:00:12:35:02",3,443,35116,0,0,0,1,0,0,0,0,0,0,0,0,0,4,0
100,3,"/home/pqv/data/video_website/youtube16.pcap",1657292801.098399,25,427,"99.178.354.341.427","99.178.354.341.427",3,54,0,1,54,0,1,0,0,0,1657292801.025336,"10.0.2.15","216.58.206.238","08:00:27:3A:52:ED","52:54:00:12:35:02",3,443,35116,0,0,0,19,20,0,20,0,20,0,0,0,0,4,0
100,3,"/home/pqv/data/video_website/youtube16.pcap",1657292801.098434,26,427,"99.178.354.341.427","99.178.354.341.427",3,54,0,1,54,0,1,0,0,0,1657292801.025336,"10.0.2.15","216.58.206.238","08:00:27:3A:52:ED","52:54:00:12:35:02",3,443,35116,0,0,0,35,54,0,54,0,54,0,0,0,0,4,0
100,3,"/home/pqv/data/video_website/youtube16.pcap",1657292801.098569,27,427,"99.178.354.341.427","99.178.354.341.427",3,2824,2770,1,0,0,0,2824,2770,1,1657292801.025336,"10.0.2.15","216.58.206.238","08:00:27:3A:52:ED","52:54:00:12:35:02",3,443,35116,0,0,0,135,0,135,0,135,0,135,0,0,0,4,0
100,3,"/home/pqv/data/video_website/youtube16.pcap",1657292801.098579,28,427,"99.178.354.341.427","99.178.354.341.427",3,54,0,1,54,0,1,0,0,0,1657292801.025336,"10.0.2.15","216.58.206.238","08:00:27:3A:52:ED","52:54:00:12:35:02",3,443,35116,0,0,0,10,10,0,10,0,10,0,0,0,0,4,0
100,3,"/home/pqv/data/video_website/youtube16.pcap",1657292801.100473,29,427,"99.178.354.341.427","99.178.354.341.427",3,8634,8580,1,0,0,0,8634,8580,1,1657292801.025336,"10.0.2.15","216.58.206.238","08:00:27:3A:52:ED","52:54:00:12:35:02",3,443,35116,0,0,0,1894,0,1894,0,1894,0,1894,0,0,0,4,0
100,3,"/home/pqv/data/video_website/youtube16.pcap",1657292801.100497,30,427,"99.178.354.341.427","99.178.354.341.427",3,54,0,1,54,0,1,0,0,0,1657292801.025336,"10.0.2.15","216.58.206.238","08:00:27:3A:52:ED","52:54:00:12:35:02",3,443,35116,0,0,0,24,24,0,24,0,24,0,0,0,0,4,0
100,3,"/home/pqv/data/video_website/youtube16.pcap",1657292801.102100,31,427,"99.178.354.341.427","99.178.354.341.427",3,14354,14300,1,0,0,0,14354,14300,1,1657292801.025336,"10.0.2.15","216.58.206.238","08:00:27:3A:52:ED","52:54:00:12:35:02",3,443,35116,0,0,0,1603,0,1603,0,1603,0,1603,0,0,0,4,0
100,3,"/home/pqv/data/video_website/youtube16.pcap",1657292801.102110,32,427,"99.178.354.341.427","99.178.354.341.427",3,54,0,1,54,0,1,0,0,0,1657292801.025336,"10.0.2.15","216.58.206.238","08:00:27:3A:52:ED","52:54:00:12:35:02",3,443,35116,0,0,0,10,10,0,10,0,10,0,0,0,0,4,0
100,3,"/home/pqv/data/video_website/youtube16.pcap",1657292801.102143,33,427,"99.178.354.341.427","99.178.354.341.427",3,1484,1430,1,0,0,0,1484,1430,1,1657292801.025336,"10.0.2.15","216.58.206.238","08:00:27:3A:52:ED","52:54:00:12:35:02",3,443,35116,0,0,0,33,0,33,0,33,0,33,0,0,0,4,0
100,3,"/home/pqv/data/video_website/youtube16.pcap",1657292801.102165,34,427,"99.178.354.341.427","99.178.354.341.427",3,54,0,1,54,0,1,0,0,0,1657292801.025336,"10.0.2.15","216.58.206.238","08:00:27:3A:52:ED","52:54:00:12:35:02",3,443,35116,0,0,0,22,22,0,22,0,22,0,0,0,0,4,0
100,3,"/home/pqv/data/video_website/youtube16.pcap",1657292801.104341,35,427,"99.178.354.341.427","99.178.354.341.427",3,5774,5720,1,0,0,0,5774,5720,1,1657292801.025336,"10.0.2.15","216.58.206.238","08:00:27:3A:52:ED","52:54:00:12:35:02",3,443,35116,0,0,0,2176,0,2176,0,2176,0,2176,0,0,0,4,0
100,3,"/home/pqv/data/video_website/youtube16.pcap",1657292801.104363,36,427,"99.178.354.341.427","99.178.354.341.427",3,54,0,1,54,0,1,0,0,0,1657292801.025336,"10.0.2.15","216.58.206.238","08:00:27:3A:52:ED","52:54:00:12:35:02",3,443,35116,0,0,0,22,22,0,22,0,22,0,0,0,0,4,0
100,3,"/home/pqv/data/video_website/youtube16.pcap",1657292801.108354,37,427,"99.178.354.341.427","99.178.354.341.427",3,14354,14300,1,0,0,0,14354,14300,1,1657292801.025336,"10.0.2.15","216.58.206.238","08:00:27:3A:52:ED","52:54:00:12:35:02",3,443,35116,0,0,0,3991,0,3991,0,3991,0,3991,0,0,0,4,0
100,3,"/home/pqv/data/video_website/youtube16.pcap",1657292801.108374,38,427,"99.178.354.341.427","99.178.354.341.427",3,54,0,1,54,0,1,0,0,0,1657292801.025336,"10.0.2.15","216.58.206.238","08:00:27:3A:52:ED","52:54:00:12:35:02",3,443,35116,0,0,0,20,20,0,20,0,20,0,0,0,0,4,0
100,3,"/home/pqv/data/video_website/youtube16.pcap",1657292801.108442,39,427,"99.178.354.341.427","99.178.354.341.427",3,2914,2860,1,0,0,0,2914,2860,1,1657292801.025336,"10.0.2.15","216.58.206.238","08:00:27:3A:52:ED","52:54:00:12:35:02",3,443,35116,0,0,0,68,0,68,0,68,0,68,0,0,0,4,0
100,3,"/home/pqv/data/video_website/youtube16.pcap",1657292801.108468,40,427,"99.178.354.341.427","99.178.354.341.427",3,54,0,1,54,0,1,0,0,0,1657292801.025336,"10.0.2.15","216.58.206.238","08:00:27:3A:52:ED","52:54:00:12:35:02",3,443,35116,0,0,0,26,26,0,26,0,26,0,0,0,0,4,0
100,3,"/home/pqv/data/video_website/youtube16.pcap",1657292801.110915,41,427,"99.178.354.341.427","99.178.354.341.427",3,14354,14300,1,0,0,0,14354,14300,1,1657292801.025336,"10.0.2.15","216.58.206.238","08:00:27:3A:52:ED","52:54:00:12:35:02",3,443,35116,0,0,0,2447,0,2447,0,2447,0,2447,0,0,0,4,0
100,3,"/home/pqv/data/video_website/youtube16.pcap",1657292801.110957,42,427,"99.178.354.341.427","99.178.354.341.427",3,54,0,1,54,0,1,0,0,0,1657292801.025336,"10.0.2.15","216.58.206.238","08:00:27:3A:52:ED","52:54:00:12:35:02",3,443,35116,0,0,0,42,42,0,42,0,42,0,0,0,0,4,0
100,3,"/home/pqv/data/video_website/youtube16.pcap",1657292801.111006,43,427,"99.178.354.341.427","99.178.354.341.427",3,4344,4290,1,0,0,0,4344,4290,1,1657292801.025336,"10.0.2.15","216.58.206.238","08:00:27:3A:52:ED","52:54:00:12:35:02",3,443,35116,0,0,0,49,0,49,0,49,0,49,0,0,0,4,0
100,3,"/home/pqv/data/video_website/youtube16.pcap",1657292801.111009,44,427,"99.178.354.341.427","99.178.354.341.427",3,54,0,1,54,0,1,0,0,0,1657292801.025336,"10.0.2.15","216.58.206.238","08:00:27:3A:52:ED","52:54:00:12:35:02",3,443,35116,0,0,0,3,3,0,3,0,3,0,0,0,0,4,0
100,3,"/home/pqv/data/video_website/youtube16.pcap",1657292801.112509,45,427,"99.178.354.341.427","99.178.354.341.427",3,12924,12870,1,0,0,0,12924,12870,1,1657292801.025336,"10.0.2.15","216.58.206.238","08:00:27:3A:52:ED","52:54:00:12:35:02",3,443,35116,0,0,0,1500,0,1500,0,1500,0,1500,0,0,0,4,0
100,3,"/home/pqv/data/video_website/youtube16.pcap",1657292801.112524,46,427,"99.178.354.341.427","99.178.354.341.427",3,54,0,1,54,0,1,0,0,0,1657292801.025336,"10.0.2.15","216.58.206.238","08:00:27:3A:52:ED","52:54:00:12:35:02",3,443,35116,0,0,0,15,15,0,15,0,15,0,0,0,0,4,0
100,3,"/home/pqv/data/video_website/youtube16.pcap",1657292801.112546,47,427,"99.178.354.341.427","99.178.354.341.427",3,2914,2860,1,0,0,0,2914,2860,1,1657292801.025336,"10.0.2.15","216.58.206.238","08:00:27:3A:52:ED","52:54:00:12:35:02",3,443,35116,0,0,0,22,0,22,0,22,0,22,0,0,0,4,0
100,3,"/home/pqv/data/video_website/youtube16.pcap",1657292801.112548,48,427,"99.178.354.341.427","99.178.354.341.427",3,54,0,1,54,0,1,0,0,0,1657292801.025336,"10.0.2.15","216.58.206.238","08:00:27:3A:52:ED","52:54:00:12:35:02",3,443,35116,0,0,0,2,2,0,2,0,2,0,0,0,0,4,0
100,3,"/home/pqv/data/video_website/youtube16.pcap",1657292801.115219,49,427,"99.178.354.341.427","99.178.354.341.427",3,17214,17160,1,0,0,0,17214,17160,1,1657292801.025336,"10.0.2.15","216.58.206.238","08:00:27:3A:52:ED","52:54:00:12:35:02",3,443,35116,0,0,0,2671,0,2671,0,2671,0,2671,0,0,0,4,0
100,3,"/home/pqv/data/video_website/youtube16.pcap",1657292801.115238,50,427,"99.178.354.341.427","99.178.354.341.427",3,54,0,1,54,0,1,0,0,0,1657292801.025336,"10.0.2.15","216.58.206.238","08:00:27:3A:52:ED","52:54:00:12:35:02",3,443,35116,0,0,0,19,19,0,19,0,19,0,0,0,0,4,0
100,3,"/home/pqv/data/video_website/youtube16.pcap",1657292801.116434,51,427,"99.178.354.341.427","99.178.354.341.427",3,14354,14300,1,0,0,0,14354,14300,1,1657292801.025336,"10.0.2.15","216.58.206.238","08:00:27:3A:52:ED","52:54:00:12:35:02",3,443,35116,0,0,0,1196,0,1196,0,1196,0,1196,0,0,0,4,0
100,3,"/home/pqv/data/video_website/youtube16.pcap",1657292801.116453,52,427,"99.178.354.341.427","99.178.354.341.427",3,54,0,1,54,0,1,0,0,0,1657292801.025336,"10.0.2.15","216.58.206.238","08:00:27:3A:52:ED","52:54:00:12:35:02",3,443,35116,0,0,0,19,19,0,19,0,19,0,0,0,0,4,0
100,3,"/home/pqv/data/video_website/youtube16.pcap",1657292801.116509,53,427,"99.178.354.341.427","99.178.354.341.427",3,2914,2860,1,0,0,0,2914,2860,1,1657292801.025336,"10.0.2.15","216.58.206.238","08:00:27:3A:52:ED","52:54:00:12:35:02",3,443,35116,0,0,0,56,0,56,0,56,0,56,0,0,0,4,0
100,3,"/home/pqv/data/video_website/youtube16.pcap",1657292801.116512,54,427,"99.178.354.341.427","99.178.354.341.427",3,54,0,1,54,0,1,0,0,0,1657292801.025336,"10.0.2.15","216.58.206.238","08:00:27:3A:52:ED","52:54:00:12:35:02",3,443,35116,0,0,0,3,3,0,3,0,3,0,0,0,0,4,0
100,3,"/home/pqv/data/video_website/youtube16.pcap",1657292801.118115,55,427,"99.178.354.341.427","99.178.354.341.427",3,14354,14300,1,0,0,0,14354,14300,1,1657292801.025336,"10.0.2.15","216.58.206.238","08:00:27:3A:52:ED","52:54:00:12:35:02",3,443,35116,0,0,0,1603,0,1603,0,1603,0,1603,0,0,0,4,0
100,3,"/home/pqv/data/video_website/youtube16.pcap",1657292801.118134,56,427,"99.178.354.341.427","99.178.354.341.427",3,54,0,1,54,0,1,0,0,0,1657292801.025336,"10.0.2.15","216.58.206.238","08:00:27:3A:52:ED","52:54:00:12:35:02",3,443,35116,0,0,0,19,19,0,19,0,19,0,0,0,0,4,0
100,3,"/home/pqv/data/video_website/youtube16.pcap",1657292801.118163,57,427,"99.178.354.341.427","99.178.354.341.427",3,5774,5720,1,0,0,0,5774,5720,1,1657292801.025336,"10.0.2.15","216.58.206.238","08:00:27:3A:52:ED","52:54:00:12:35:02",3,443,35116,0,0,0,29,0,29,0,29,0,29,0,0,0,4,0
100,3,"/home/pqv/data/video_website/youtube16.pcap",1657292801.118167,58,427,"99.178.354.341.427","99.178.354.341.427",3,54,0,1,54,0,1,0,0,0,1657292801.025336,"10.0.2.15","216.58.206.238","08:00:27:3A:52:ED","52:54:00:12:35:02",3,443,35116,0,0,0,4,4,0,4,0,4,0,0,0,0,4,0
100,3,"/home/pqv/data/video_website/youtube16.pcap",1657292801.119694,59,427,"99.178.354.341.427","99.178.354.341.427",3,14354,14300,1,0,0,0,14354,14300,1,1657292801.025336,"10.0.2.15","216.58.206.238","08:00:27:3A:52:ED","52:54:00:12:35:02",3,443,35116,0,0,0,1527,0,1527,0,1527,0,1527,0,0,0,4,0
100,3,"/home/pqv/data/video_website/youtube16.pcap",1657292801.119745,60,427,"99.178.354.341.427","99.178.354.341.427",3,54,0,1,54,0,1,0,0,0,1657292801.025336,"10.0.2.15","216.58.206.238","08:00:27:3A:52:ED","52:54:00:12:35:02",3,443,35116,0,0,0,51,51,0,51,0,51,0,0,0,0,4,0
100,3,"/home/pqv/data/video_website/youtube16.pcap",1657292801.119776,61,427,"99.178.354.341.427","99.178.354.341.427",3,8634,8580,1,0,0,0,8634,8580,1,1657292801.025336,"10.0.2.15","216.58.206.238","08:00:27:3A:52:ED","52:54:00:12:35:02",3,443,35116,0,0,0,31,0,31,0,31,0,31,0,0,0,4,0
100,3,"/home/pqv/data/video_website/youtube16.pcap",1657292801.119776,62,427,"99.178.354.341.427","99.178.354.341.427",3,2914,2860,1,0,0,0,2914,2860,1,1657292801.025336,"10.0.2.15","216.58.206.238","08:00:27:3A:52:ED","52:54:00:12:35:02",3,443,35116,0,0,0,0,0,0,0,0,0,0,0,0,0,4,0
100,3,"/home/pqv/data/video_website/youtube16.pcap",1657292801.119782,63,427,"99.178.354.341.427","99.178.354.341.427",3,54,0,1,54,0,1,0,0,0,1657292801.025336,"10.0.2.15","216.58.206.238","08:00:27:3A:52:ED","52:54:00:12:35:02",3,443,35116,0,0,0,6,6,0,6,0,6,0,0,0,0,4,0
100,3,"/home/pqv/data/video_website/youtube16.pcap",1657292801.119789,64,427,"99.178.354.341.427","99.178.354.341.427",3,54,0,1,54,0,1,0,0,0,1657292801.025336,"10.0.2.15","216.58.206.238","08:00:27:3A:52:ED","52:54:00:12:35:02",3,443,35116,0,0,0,7,13,0,13,0,13,0,0,0,0,4,0
100,3,"/home/pqv/data/video_website/youtube16.pcap",1657292801.122177,65,427,"99.178.354.341.427","99.178.354.341.427",3,4344,4290,1,0,0,0,4344,4290,1,1657292801.025336,"10.0.2.15","216.58.206.238","08:00:27:3A:52:ED","52:54:00:12:35:02",3,443,35116,0,0,0,2388,0,2388,0,2388,0,2388,0,0,0,4,0
100,3,"/home/pqv/data/video_website/youtube16.pcap",1657292801.122177,66,427,"99.178.354.341.427","99.178.354.341.427",3,4344,4290,1,0,0,0,4344,4290,1,1657292801.025336,"10.0.2.15","216.58.206.238","08:00:27:3A:52:ED","52:54:00:12:35:02",3,443,35116,0,0,0,0,0,0,0,0,0,0,0,0,0,4,0
100,3,"/home/pqv/data/video_website/youtube16.pcap",1657292801.122177,67,427,"99.178.354.341.427","99.178.354.341.427",3,5774,5720,1,0,0,0,5774,5720,1,1657292801.025336,"10.0.2.15","216.58.206.238","08:00:27:3A:52:ED","52:54:00:12:35:02",3,443,35116,0,0,0,0,0,0,0,0,0,0,0,0,0,4,0
100,3,"/home/pqv/data/video_website/youtube16.pcap",1657292801.122203,68,427,"99.178.354.341.427","99.178.354.341.427",3,54,0,1,54,0,1,0,0,0,1657292801.025336,"10.0.2.15","216.58.206.238","08:00:27:3A:52:ED","52:54:00:12:35:02",3,443,35116,0,0,0,26,26,0,26,0,26,0,0,0,0,4,0
100,3,"/home/pqv/data/video_website/youtube16.pcap",1657292801.122278,69,427,"99.178.354.341.427","99.178.354.341.427",3,54,0,1,54,0,1,0,0,0,1657292801.025336,"10.0.2.15","216.58.206.238","08:00:27:3A:52:ED","52:54:00:12:35:02",3,443,35116,0,0,0,75,101,0,101,0,101,0,0,0,0,4,0
100,3,"/home/pqv/data/video_website/youtube16.pcap",1657292801.122284,70,427,"99.178.354.341.427","99.178.354.341.427",3,54,0,1,54,0,1,0,0,0,1657292801.025336,"10.0.2.15","216.58.206.238","08:00:27:3A:52:ED","52:54:00:12:35:02",3,443,35116,0,0,0,6,107,0,107,0,107,0,0,0,0,4,0
100,3,"/home/pqv/data/video_website/youtube16.pcap",1657292801.122313,71,427,"99.178.354.341.427","99.178.354.341.427",3,4344,4290,1,0,0,0,4344,4290,1,1657292801.025336,"10.0.2.15","216.58.206.238","08:00:27:3A:52:ED","52:54:00:12:35:02",3,443,35116,0,0,0,29,0,29,0,29,0,29,0,0,0,4,0
100,3,"/home/pqv/data/video_website/youtube16.pcap",1657292801.122315,72,427,"99.178.354.341.427","99.178.354.341.427",3,54,0,1,54,0,1,0,0,0,1657292801.025336,"10.0.2.15","216.58.206.238","08:00:27:3A:52:ED","52:54:00:12:35:02",3,443,35116,0,0,0,2,2,0,2,0,2,0,0,0,0,4,0
100,3,"/home/pqv/data/video_website/youtube16.pcap",1657292801.123541,73,427,"99.178.354.341.427","99.178.354.341.427",3,14354,14300,1,0,0,0,14354,14300,1,1657292801.025336,"10.0.2.15","216.58.206.238","08:00:27:3A:52:ED","52:54:00:12:35:02",3,443,35116,0,0,0,1226,0,1226,0,1226,0,1226,0,0,0,4,0
100,3,"/home/pqv/data/video_website/youtube16.pcap",1657292801.123564,74,427,"99.178.354.341.427","99.178.354.341.427",3,54,0,1,54,0,1,0,0,0,1657292801.025336,"10.0.2.15","216.58.206.238","08:00:27:3A:52:ED","52:54:00:12:35:02",3,443,35116,0,0,0,23,23,0,23,0,23,0,0,0,0,4,0
100,3,"/home/pqv/data/video_website/youtube16.pcap",1657292801.123669,75,427,"99.178.354.341.427","99.178.354.341.427",3,10064,10010,1,0,0,0,10064,10010,1,1657292801.025336,"10.0.2.15","216.58.206.238","08:00:27:3A:52:ED","52:54:00:12:35:02",3,443,35116,0,0,0,105,0,105,0,105,0,105,0,0,0,4,0
100,3,"/home/pqv/data/video_website/youtube16.pcap",1657292801.123669,76,427,"99.178.354.341.427","99.178.354.341.427",3,8634,8580,1,0,0,0,8634,8580,1,1657292801.025336,"10.0.2.15","216.58.206.238","08:00:27:3A:52:ED","52:54:00:12:35:02",3,443,35116,0,0,0,0,0,0,0,0,0,0,0,0,0,4,0
100,3,"/home/pqv/data/video_website/youtube16.pcap",1657292801.123692,77,427,"99.178.354.341.427","99.178.354.341.427",3,54,0,1,54,0,1,0,0,0,1657292801.025336,"10.0.2.15","216.58.206.238","08:00:27:3A:52:ED","52:54:00:12:35:02",3,443,35116,0,0,0,23,23,0,23,0,23,0,0,0,0,4,0
100,3,"/home/pqv/data/video_website/youtube16.pcap",1657292801.123723,78,427,"99.178.354.341.427","99.178.354.341.427",3,54,0,1,54,0,1,0,0,0,1657292801.025336,"10.0.2.15","216.58.206.238","08:00:27:3A:52:ED","52:54:00:12:35:02",3,443,35116,0,0,0,31,54,0,54,0,54,0,0,0,0,4,0
100,3,"/home/pqv/data/video_website/youtube16.pcap",1657292801.123757,79,427,"99.178.354.341.427","99.178.354.341.427",3,1484,1430,1,0,0,0,1484,1430,1,1657292801.025336,"10.0.2.15","216.58.206.238","08:00:27:3A:52:ED","52:54:00:12:35:02",3,443,35116,0,0,0,34,0,34,0,34,0,34,0,0,0,4,0
100,3,"/home/pqv/data/video_website/youtube16.pcap",1657292801.123757,80,427,"99.178.354.341.427","99.178.354.341.427",3,4344,4290,1,0,0,0,4344,4290,1,1657292801.025336,"10.0.2.15","216.58.206.238","08:00:27:3A:52:ED","52:54:00:12:35:02",3,443,35116,0,0,0,0,0,0,0,0,0,0,0,0,0,4,0
100,3,"/home/pqv/data/video_website/youtube16.pcap",1657292801.123757,81,427,"99.178.354.341.427","99.178.354.341.427",3,1484,1430,1,0,0,0,1484,1430,1,1657292801.025336,"10.0.2.15","216.58.206.238","08:00:27:3A:52:ED","52:54:00:12:35:02",3,443,35116,0,0,0,0,0,0,0,0,0,0,0,0,0,4,0
100,3,"/home/pqv/data/video_website/youtube16.pcap",1657292801.123777,82,427,"99.178.354.341.427","99.178.354.341.427",3,54,0,1,54,0,1,0,0,0,1657292801.025336,"10.0.2.15","216.58.206.238","08:00:27:3A:52:ED","52:54:00:12:35:02",3,443,35116,0,0,0,20,20,0,20,0,20,0,0,0,0,4,0
100,3,"/home/pqv/data/video_website/youtube16.pcap",1657292801.123789,83,427,"99.178.354.341.427","99.178.354.341.427",3,54,0,1,54,0,1,0,0,0,1657292801.025336,"10.0.2.15","216.58.206.238","08:00:27:3A:52:ED","52:54:00:12:35:02",3,443,35116,0,0,0,12,32,0,32,0,32,0,0,0,0,4,0
100,3,"/home/pqv/data/video_website/youtube16.pcap",1657292801.123870,84,427,"99.178.354.341.427","99.178.354.341.427",3,54,0,1,54,0,1,0,0,0,1657292801.025336,"10.0.2.15","216.58.206.238","08:00:27:3A:52:ED","52:54:00:12:35:02",3,443,35116,0,0,0,81,113,0,113,0,113,0,0,0,0,4,0
100,3,"/home/pqv/data/video_website/youtube16.pcap",1657292801.124247,85,427,"99.178.354.341.427","99.178.354.341.427",3,2636,2582,1,0,0,0,2636,2582,1,1657292801.025336,"10.0.2.15","216.58.206.238","08:00:27:3A:52:ED","52:54:00:12:35:02",3,443,35116,0,0,0,377,0,377,0,377,0,377,0,0,0,4,0
100,3,"/home/pqv/data/video_website/youtube16.pcap",1657292801.124265,86,427,"99.178.354.341.427","99.178.354.341.427",3,54,0,1,54,0,1,0,0,0,1657292801.025336,"10.0.2.15","216.58.206.238","08:00:27:3A:52:ED","52:54:00:12:35:02",3,443,35116,0,0,0,18,18,0,18,0,18,0,0,0,0,4,0
100,3,"/home/pqv/data/video_website/youtube16.pcap",1657292801.381251,87,427,"99.178.354.341.427","99.178.354.341.427",3,9020,8966,1,0,0,0,9020,8966,1,1657292801.025336,"10.0.2.15","216.58.206.238","08:00:27:3A:52:ED","52:54:00:12:35:02",3,443,35116,0,0,0,256986,0,256986,0,256986,0,256986,0,0,0,4,0
100,3,"/home/pqv/data/video_website/youtube16.pcap",1657292801.381311,88,427,"99.178.354.341.427","99.178.354.341.427",3,54,0,1,54,0,1,0,0,0,1657292801.025336,"10.0.2.15","216.58.206.238","08:00:27:3A:52:ED","52:54:00:12:35:02",3,443,35116,0,0,0,60,60,0,60,0,60,0,0,0,0,4,0
100,3,"/home/pqv/data/video_website/youtube16.pcap",1657292801.392471,89,427,"99.178.354.341.427","99.178.354.341.427",3,14354,14300,1,0,0,0,14354,14300,1,1657292801.025336,"10.0.2.15","216.58.206.238","08:00:27:3A:52:ED","52:54:00:12:35:02",3,443,35116,0,0,0,11160,0,11160,0,11160,0,11160,0,0,0,4,0
100,3,"/home/pqv/data/video_website/youtube16.pcap",1657292801.392518,90,427,"99.178.354.341.427","99.178.354.341.427",3,54,0,1,54,0,1,0,0,0,1657292801.025336,"10.0.2.15","216.58.206.238","08:00:27:3A:52:ED","52:54:00:12:35:02",3,443,35116,0,0,0,47,47,0,47,0,47,0,0,0,0,4,0
100,3,"/home/pqv/data/video_website/youtube16.pcap",1657292801.392572,91,427,"99.178.354.341.427","99.178.354.341.427",3,8634,8580,1,0,0,0,8634,8580,1,1657292801.025336,"10.0.2.15","216.58.206.238","08:00:27:3A:52:ED","52:54:00:12:35:02",3,443,35116,0,0,0,54,0,54,0,54,0,54,0,0,0,4,0
100,3,"/home/pqv/data/video_website/youtube16.pcap",1657292801.392572,92,427,"99.178.354.341.427","99.178.354.341.427",3,7204,7150,1,0,0,0,7204,7150,1,1657292801.025336,"10.0.2.15","216.58.206.238","08:00:27:3A:52:ED","52:54:00:12:35:02",3,443,35116,0,0,0,0,0,0,0,0,0,0,0,0,0,4,0
100,3,"/home/pqv/data/video_website/youtube16.pcap",1657292801.392598,93,427,"99.178.354.341.427","99.178.354.341.427",3,54,0,1,54,0,1,0,0,0,1657292801.025336,"10.0.2.15","216.58.206.238","08:00:27:3A:52:ED","52:54:00:12:35:02",3,443,35116,0,0,0,26,26,0,26,0,26,0,0,0,0,4,0
100,3,"/home/pqv/data/video_website/youtube16.pcap",1657292801.392610,94,427,"99.178.354.341.427","99.178.354.341.427",3,54,0,1,54,0,1,0,0,0,1657292801.025336,"10.0.2.15","216.58.206.238","08:00:27:3A:52:ED","52:54:00:12:35:02",3,443,35116,0,0,0,12,38,0,38,0,38,0,0,0,0,4,0
100,3,"/home/pqv/data/video_website/youtube16.pcap",1657292801.392621,95,427,"99.178.354.341.427","99.178.354.341.427",3,3328,3274,1,0,0,0,3328,3274,1,1657292801.025336,"10.0.2.15","216.58.206.238","08:00:27:3A:52:ED","52:54:00:12:35:02",3,443,35116,0,0,0,11,0,11,0,11,0,11,0,0,0,4,0
100,3,"/home/pqv/data/video_website/youtube16.pcap",1657292801.392621,96,427,"99.178.354.341.427","99.178.354.341.427",3,1484,1430,1,0,0,0,1484,1430,1,1657292801.025336,"10.0.2.15","216.58.206.238","08:00:27:3A:52:ED","52:54:00:12:35:02",3,443,35116,0,0,0,0,0,0,0,0,0,0,0,0,0,4,0
100,3,"/home/pqv/data/video_website/youtube16.pcap",1657292801.392621,97,427,"99.178.354.341.427","99.178.354.341.427",3,4344,4290,1,0,0,0,4344,4290,1,1657292801.025336,"10.0.2.15","216.58.206.238","08:00:27:3A:52:ED","52:54:00:12:35:02",3,443,35116,0,0,0,0,0,0,0,0,0,0,0,0,0,4,0
100,3,"/home/pqv/data/video_website/youtube16.pcap",1657292801.392644,98,427,"99.178.354.341.427","99.178.354.341.427",3,54,0,1,54,0,1,0,0,0,1657292801.025336,"10.0.2.15","216.58.206.238","08:00:27:3A:52:ED","52:54:00:12:35:02",3,443,35116,0,0,0,23,23,0,23,0,23,0,0,0,0,4,0
100,3,"/home/pqv/data/video_website/youtube16.pcap",1657292801.392653,99,427,"99.178.354.341.427","99.178.354.341.427",3,54,0,1,54,0,1,0,0,0,1657292801.025336,"10.0.2.15","216.58.206.238","08:00:27:3A:52:ED","52:54:00:12:35:02",3,443,35116,0,0,0,9,32,0,32,0,32,0,0,0,0,4,0
100,3,"/home/pqv/data/video_website/youtube16.pcap",1657292801.392660,100,427,"99.178.354.341.427","99.178.354.341.427",3,54,0,1,54,0,1,0,0,0,1657292801.025336,"10.0.2.15","216.58.206.238","08:00:27:3A:52:ED","52:54:00:12:35:02",3,443,35116,0,0,0,7,39,0,39,0,39,0,0,0,0,4,0
100,3,"/home/pqv/data/video_website/youtube16.pcap",1657292801.392789,101,427,"99.178.354.341.427","99.178.354.341.427",3,1484,1430,1,0,0,0,1484,1430,1,1657292801.025336,"10.0.2.15","216.58.206.238","08:00:27:3A:52:ED","52:54:00:12:35:02",3,443,35116,0,0,0,129,0,129,0,129,0,129,0,0,0,4,0
100,3,"/home/pqv/data/video_website/youtube16.pcap",1657292801.392789,102,427,"99.178.354.341.427","99.178.354.341.427",3,4344,4290,1,0,0,0,4344,4290,1,1657292801.025336,"10.0.2.15","216.58.206.238","08:00:27:3A:52:ED","52:54:00:12:35:02",3,443,35116,0,0,0,0,0,0,0,0,0,0,0,0,0,4,0
100,3,"/home/pqv/data/video_website/youtube16.pcap",1657292801.392798,103,427,"99.178.354.341.427","99.178.354.341.427",3,54,0,1,54,0,1,0,0,0,1657292801.025336,"10.0.2.15","216.58.206.238","08:00:27:3A:52:ED","52:54:00:12:35:02",3,443,35116,0,0,0,9,9,0,9,0,9,0,0,0,0,4,0
100,3,"/home/pqv/data/video_website/youtube16.pcap",1657292801.392807,104,427,"99.178.354.341.427","99.178.354.341.427",3,54,0,1,54,0,1,0,0,0,1657292801.025336,"10.0.2.15","216.58.206.238","08:00:27:3A:52:ED","52:54:00:12:35:02",3,443,35116,0,0,0,9,18,0,18,0,18,0,0,0,0,4,0
100,3,"/home/pqv/data/video_website/youtube16.pcap",1657292801.393535,105,427,"99.178.354.341.427","99.178.354.341.427",3,13226,13172,1,0,0,0,13226,13172,1,1657292801.025336,"10.0.2.15","216.58.206.238","08:00:27:3A:52:ED","52:54:00:12:35:02",3,443,35116,0,0,0,728,0,728,0,728,0,728,0,0,0,4,0
100,3,"/home/pqv/data/video_website/youtube16.pcap",1657292801.393544,106,427,"99.178.354.341.427","99.178.354.341.427",3,54,0,1,54,0,1,0,0,0,1657292801.025336,"10.0.2.15","216.58.206.238","08:00:27:3A:52:ED","52:54:00:12:35:02",3,443,35116,0,0,0,9,9,0,9,0,9,0,0,0,0,4,0
100,3,"/home/pqv/data/video_website/youtube16.pcap",1657292801.393582,107,427,"99.178.354.341.427","99.178.354.341.427",3,8634,8580,1,0,0,0,8634,8580,1,1657292801.025336,"10.0.2.15","216.58.206.238","08:00:27:3A:52:ED","52:54:00:12:35:02",3,443,35116,0,0,0,38,0,38,0,38,0,38,0,0,0,4,0
100,3,"/home/pqv/data/video_website/youtube16.pcap",1657292801.393586,108,427,"99.178.354.341.427","99.178.354.341.427",3,54,0,1,54,0,1,0,0,0,1657292801.025336,"10.0.2.15","216.58.206.238","08:00:27:3A:52:ED","52:54:00:12:35:02",3,443,35116,0,0,0,4,4,0,4,0,4,0,0,0,0,4,0
100,3,"/home/pqv/data/video_website/youtube16.pcap",1657292801.393770,109,427,"99.178.354.341.427","99.178.354.341.427",3,7204,7150,1,0,0,0,7204,7150,1,1657292801.025336,"10.0.2.15","216.58.206.238","08:00:27:3A:52:ED","52:54:00:12:35:02",3,443,35116,0,0,0,184,0,184,0,184,0,184,0,0,0,4,0
100,3,"/home/pqv/data/video_website/youtube16.pcap",1657292801.393770,110,427,"99.178.354.341.427","99.178.354.341.427",3,9034,8980,1,0,0,0,9034,8980,1,1657292801.025336,"10.0.2.15","216.58.206.238","08:00:27:3A:52:ED","52:54:00:12:35:02",3,443,35116,0,0,0,0,0,0,0,0,0,0,0,0,0,4,0
100,3,"/home/pqv/data/video_website/youtube16.pcap",1657292801.393778,111,427,"99.178.354.341.427","99.178.354.341.427",3,54,0,1,54,0,1,0,0,0,1657292801.025336,"10.0.2.15","216.58.206.238","08:00:27:3A:52:ED","52:54:00:12:35:02",3,443,35116,0,0,0,8,8,0,8,0,8,0,0,0,0,4,0
100,3,"/home/pqv/data/video_website/youtube16.pcap",1657292801.393792,112,427,"99.178.354.341.427","99.178.354.341.427",3,54,0,1,54,0,1,0,0,0,1657292801.025336,"10.0.2.15","216.58.206.238","08:00:27:3A:52:ED","52:54:00:12:35:02",3,443,35116,0,0,0,14,22,0,22,0,22,0,0,0,0,4,0
100,3,"/home/pqv/data/video_website/youtube16.pcap",1657292801.393809,113,427,"99.178.354.341.427","99.178.354.341.427",3,2914,2860,1,0,0,0,2914,2860,1,1657292801.025336,"10.0.2.15","216.58.206.238","08:00:27:3A:52:ED","52:54:00:12:35:02",3,443,35116,0,0,0,17,0,17,0,17,0,17,0,0,0,4,0
100,3,"/home/pqv/data/video_website/youtube16.pcap",1657292801.393814,114,427,"99.178.354.341.427","99.178.354.341.427",3,54,0,1,54,0,1,0,0,0,1657292801.025336,"10.0.2.15","216.58.206.238","08:00:27:3A:52:ED","52:54:00:12:35:02",3,443,35116,0,0,0,5,5,0,5,0,5,0,0,0,0,4,0
100,3,"/home/pqv/data/video_website/youtube16.pcap",1657292801.394212,115,427,"99.178.354.341.427","99.178.354.341.427",3,2914,2860,1,0,0,0,2914,2860,1,1657292801.025336,"10.0.2.15","216.58.206.238","08:00:27:3A:52:ED","52:54:00:12:35:02",3,443,35116,0,0,0,398,0,398,0,398,0,398,0,0,0,4,0
100,3,"/home/pqv/data/video_website/youtube16.pcap",1657292801.394217,116,427,"99.178.354.341.427","99.178.354.341.427",3,54,0,1,54,0,1,0,0,0,1657292801.025336,"10.0.2.15","216.58.206.238","08:00:27:3A:52:ED","52:54:00:12:35:02",3,443,35116,0,0,0,5,5,0,5,0,5,0,0,0,0,4,0
100,3,"/home/pqv/data/video_website/youtube16.pcap",1657292801.395109,117,427,"99.178.354.341.427","99.178.354.341.427",3,13059,13005,1,0,0,0,13059,13005,1,1657292801.025336,"10.0.2.15","216.58.206.238","08:00:27:3A:52:ED","52:54:00:12:35:02",3,443,35116,0,0,0,892,0,892,0,892,0,892,0,0,0,4,0
100,3,"/home/pqv/data/video_website/youtube16.pcap",1657292801.395135,118,427,"99.178.354.341.427","99.178.354.341.427",3,54,0,1,54,0,1,0,0,0,1657292801.025336,"10.0.2.15","216.58.206.238","08:00:27:3A:52:ED","52:54:00:12:35:02",3,443,35116,0,0,0,26,26,0,26,0,26,0,0,0,0,4,0
100,3,"/home/pqv/data/video_website/youtube16.pcap",1657292801.395185,119,427,"99.178.354.341.427","99.178.354.341.427",3,8634,8580,1,0,0,0,8634,8580,1,1657292801.025336,"10.0.2.15","216.58.206.238","08:00:27:3A:52:ED","52:54:00:12:35:02",3,443,35116,0,0,0,50,0,50,0,50,0,50,0,0,0,4,0
100,3,"/home/pqv/data/video_website/youtube16.pcap",1657292801.395185,120,427,"99.178.354.341.427","99.178.354.341.427",3,5774,5720,1,0,0,0,5774,5720,1,1657292801.025336,"10.0.2.15","216.58.206.238","08:00:27:3A:52:ED","52:54:00:12:35:02",3,443,35116,0,0,0,0,0,0,0,0,0,0,0,0,0,4,0
100,3,"/home/pqv/data/video_website/youtube16.pcap",1657292801.395193,121,427,"99.178.354.341.427","99.178.354.341.427",3,54,0,1,54,0,1,0,0,0,1657292801.025336,"10.0.2.15","216.58.206.238","08:00:27:3A:52:ED","52:54:00:12:35:02",3,443,35116,0,0,0,8,8,0,8,0,8,0,0,0,0,4,0
100,3,"/home/pqv/data/video_website/youtube16.pcap",1657292801.395220,122,427,"99.178.354.341.427","99.178.354.341.427",3,54,0,1,54,0,1,0,0,0,1657292801.025336,"10.0.2.15","216.58.206.238","08:00:27:3A:52:ED","52:54:00:12:35:02",3,443,35116,0,0,0,27,35,0,35,0,35,0,0,0,0,4,0
100,3,"/home/pqv/data/video_website/youtube16.pcap",1657292801.395249,123,427,"99.178.354.341.427","99.178.354.341.427",3,2914,2860,1,0,0,0,2914,2860,1,1657292801.025336,"10.0.2.15","216.58.206.238","08:00:27:3A:52:ED","52:54:00:12:35:02",3,443,35116,0,0,0,29,0,29,0,29,0,29,0,0,0,4,0
100,3,"/home/pqv/data/video_website/youtube16.pcap",1657292801.395273,124,427,"99.178.354.341.427","99.178.354.341.427",3,54,0,1,54,0,1,0,0,0,1657292801.025336,"10.0.2.15","216.58.206.238","08:00:27:3A:52:ED","52:54:00:12:35:02",3,443,35116,0,0,0,24,24,0,24,0,24,0,0,0,0,4,0
100,3,"/home/pqv/data/video_website/youtube16.pcap",1657292801.395375,125,427,"99.178.354.341.427","99.178.354.341.427",3,2914,2860,1,0,0,0,2914,2860,1,1657292801.025336,"10.0.2.15","216.58.206.238","08:00:27:3A:52:ED","52:54:00:12:35:02",3,443,35116,0,0,0,102,0,102,0,102,0,102,0,0,0,4,0
100,3,"/home/pqv/data/video_website/youtube16.pcap",1657292801.395375,126,427,"99.178.354.341.427","99.178.354.341.427",3,5774,5720,1,0,0,0,5774,5720,1,1657292801.025336,"10.0.2.15","216.58.206.238","08:00:27:3A:52:ED","52:54:00:12:35:02",3,443,35116,0,0,0,0,0,0,0,0,0,0,0,0,0,4,0
100,3,"/home/pqv/data/video_website/youtube16.pcap",1657292801.395383,127,427,"99.178.354.341.427","99.178.354.341.427",3,54,0,1,54,0,1,0,0,0,1657292801.025336,"10.0.2.15","216.58.206.238","08:00:27:3A:52:ED","52:54:00:12:35:02",3,443,35116,0,0,0,8,8,0,8,0,8,0,0,0,0,4,0
100,3,"/home/pqv/data/video_website/youtube16.pcap",1657292801.395412,128,427,"99.178.354.341.427","99.178.354.341.427",3,54,0,1,54,0,1,0,0,0,1657292801.025336,"10.0.2.15","216.58.206.238","08:00:27:3A:52:ED","52:54:00:12:35:02",3,443,35116,0,0,0,29,37,0,37,0,37,0,0,0,0,4,0
100,3,"/home/pqv/data/video_website/youtube16.pcap",1657292801.395514,129,427,"99.178.354.341.427","99.178.354.341.427",3,4291,4237,1,0,0,0,4291,4237,1,1657292801.025336,"10.0.2.15","216.58.206.238","08:00:27:3A:52:ED","52:54:00:12:35:02",3,443,35116,0,0,0,102,0,102,0,102,0,102,0,0,0,4,0
100,3,"/home/pqv/data/video_website/youtube16.pcap",1657292801.395520,130,427,"99.178.354.341.427","99.178.354.341.427",3,54,0,1,54,0,1,0,0,0,1657292801.025336,"10.0.2.15","216.58.206.238","08:00:27:3A:52:ED","52:54:00:12:35:02",3,443,35116,0,0,0,6,6,0,6,0,6,0,0,0,0,4,0
100,3,"/home/pqv/data/video_website/youtube16.pcap",1657292801.401413,131,427,"99.178.354.341.427","99.178.354.341.427",3,14354,14300,1,0,0,0,14354,14300,1,1657292801.025336,"10.0.2.15","216.58.206.238","08:00:27:3A:52:ED","52:54:00:12:35:02",3,443,35116,0,0,0,5893,0,5893,0,5893,0,5893,0,0,0,4,0
100,3,"/home/pqv/data/video_website/youtube16.pcap",1657292801.401474,132,427,"99.178.354.341.427","99.178.354.341.427",3,54,0,1,54,0,1,0,0,0,1657292801.025336,"10.0.2.15","216.58.206.238","08:00:27:3A:52:ED","52:54:00:12:35:02",3,443,35116,0,0,0,61,61,0,61,0,61,0,0,0,0,4,0
100,3,"/home/pqv/data/video_website/youtube16.pcap",1657292801.401569,133,427,"99.178.354.341.427","99.178.354.341.427",3,8634,8580,1,0,0,0,8634,8580,1,1657292801.025336,"10.0.2.15","216.58.206.238","08:00:27:3A:52:ED","52:54:00:12:35:02",3,443,35116,0,0,0,95,0,95,0,95,0,95,0,0,0,4,0
100,3,"/home/pqv/data/video_website/youtube16.pcap",1657292801.401569,134,427,"99.178.354.341.427","99.178.354.341.427",3,7204,7150,1,0,0,0,7204,7150,1,1657292801.025336,"10.0.2.15","216.58.206.238","08:00:27:3A:52:ED","52:54:00:12:35:02",3,443,35116,0,0,0,0,0,0,0,0,0,0,0,0,0,4,0
100,3,"/home/pqv/data/video_website/youtube16.pcap",1657292801.401583,135,427,"99.178.354.341.427","99.178.354.341.427",3,54,0,1,54,0,1,0,0,0,1657292801.025336,"10.0.2.15","216.58.206.238","08:00:27:3A:52:ED","52:54:00:12:35:02",3,443,35116,0,0,0,14,14,0,14,0,14,0,0,0,0,4,0
100,3,"/home/pqv/data/video_website/youtube16.pcap",1657292801.401594,136,427,"99.178.354.341.427","99.178.354.341.427",3,54,0,1,54,0,1,0,0,0,1657292801.025336,"10.0.2.15","216.58.206.238","08:00:27:3A:52:ED","52:54:00:12:35:02",3,443,35116,0,0,0,11,25,0,25,0,25,0,0,0,0,4,0
100,3,"/home/pqv/data/video_website/youtube16.pcap",1657292801.401623,137,427,"99.178.354.341.427","99.178.354.341.427",3,4344,4290,1,0,0,0,4344,4290,1,1657292801.025336,"10.0.2.15","216.58.206.238","08:00:27:3A:52:ED","52:54:00:12:35:02",3,443,35116,0,0,0,29,0,29,0,29,0,29,0,0,0,4,0
100,3,"/home/pqv/data/video_website/youtube16.pcap",1657292801.401623,138,427,"99.178.354.341.427","99.178.354.341.427",3,2914,2860,1,0,0,0,2914,2860,1,1657292801.025336,"10.0.2.15","216.58.206.238","08:00:27:3A:52:ED","52:54:00:12:35:02",3,443,35116,0,0,0,0,0,0,0,0,0,0,0,0,0,4,0
100,3,"/home/pqv/data/video_website/youtube16.pcap",1657292801.401623,139,427,"99.178.354.341.427","99.178.354.341.427",3,4344,4290,1,0,0,0,4344,4290,1,1657292801.025336,"10.0.2.15","216.58.206.238","08:00:27:3A:52:ED","52:54:00:12:35:02",3,443,35116,0,0,0,0,0,0,0,0,0,0,0,0,0,4,0
100,3,"/home/pqv/data/video_website/youtube16.pcap",1657292801.401628,140,427,"99.178.354.341.427","99.178.354.341.427",3,54,0,1,54,0,1,0,0,0,1657292801.025336,"10.0.2.15","216.58.206.238","08:00:27:3A:52:ED","52:54:00:12:35:02",3,443,35116,0,0,0,5,5,0,5,0,5,0,0,0,0,4,0
100,3,"/home/pqv/data/video_website/youtube16.pcap",1657292801.401636,141,427,"99.178.354.341.427","99.178.354.341.427",3,54,0,1,54,0,1,0,0,0,1657292801.025336,"10.0.2.15","216.58.206.238","08:00:27:3A:52:ED","52:54:00:12:35:02",3,443,35116,0,0,0,8,13,0,13,0,13,0,0,0,0,4,0
100,3,"/home/pqv/data/video_website/youtube16.pcap",1657292801.401643,142,427,"99.178.354.341.427","99.178.354.341.427",3,54,0,1,54,0,1,0,0,0,1657292801.025336,"10.0.2.15","216.58.206.238","08:00:27:3A:52:ED","52:54:00:12:35:02",3,443,35116,0,0,0,7,20,0,20,0,20,0,0,0,0,4,0
100,3,"/home/pqv/data/video_website/youtube16.pcap",1657292801.401656,143,427,"99.178.354.341.427","99.178.354.341.427",3,4344,4290,1,0,0,0,4344,4290,1,1657292801.025336,"10.0.2.15","216.58.206.238","08:00:27:3A:52:ED","52:54:00:12:35:02",3,443,35116,0,0,0,13,0,13,0,13,0,13,0,0,0,4,0
100,3,"/home/pqv/data/video_website/youtube16.pcap",1657292801.401660,144,427,"99.178.354.341.427","99.178.354.341.427",3,54,0,1,54,0,1,0,0,0,1657292801.025336,"10.0.2.15","216.58.206.238","08:00:27:3A:52:ED","52:54:00:12:35:02",3,443,35116,0,0,0,4,4,0,4,0,4,0,0,0,0,4,0
100,3,"/home/pqv/data/video_website/youtube16.pcap",1657292801.402401,145,427,"99.178.354.341.427","99.178.354.341.427",3,14354,14300,1,0,0,0,14354,14300,1,1657292801.025336,"10.0.2.15","216.58.206.238","08:00:27:3A:52:ED","52:54:00:12:35:02",3,443,35116,0,0,0,741,0,741,0,741,0,741,0,0,0,4,0
100,3,"/home/pqv/data/video_website/youtube16.pcap",1657292801.402430,146,427,"99.178.354.341.427","99.178.354.341.427",3,54,0,1,54,0,1,0,0,0,1657292801.025336,"10.0.2.15","216.58.206.238","08:00:27:3A:52:ED","52:54:00:12:35:02",3,443,35116,0,0,0,29,29,0,29,0,29,0,0,0,0,4,0
100,3,"/home/pqv/data/video_website/youtube16.pcap",1657292801.402579,147,427,"99.178.354.341.427","99.178.354.341.427",3,5894,5840,1,0,0,0,5894,5840,1,1657292801.025336,"10.0.2.15","216.58.206.238","08:00:27:3A:52:ED","52:54:00:12:35:02",3,443,35116,0,0,0,149,0,149,0,149,0,149,0,0,0,4,0
100,3,"/home/pqv/data/video_website/youtube16.pcap",1657292801.402614,148,427,"99.178.354.341.427","99.178.354.341.427",3,2794,2740,1,0,0,0,2794,2740,1,1657292801.025336,"10.0.2.15","216.58.206.238","08:00:27:3A:52:ED","52:54:00:12:35:02",3,443,35116,0,0,0,35,0,0,0,0,0,0,0,0,0,4,0
100,3,"/home/pqv/data/video_website/youtube16.pcap",1657292801.402614,149,427,"99.178.354.341.427","99.178.354.341.427",3,7204,7150,1,0,0,0,7204,7150,1,1657292801.025336,"10.0.2.15","216.58.206.238","08:00:27:3A:52:ED","52:54:00:12:35:02",3,443,35116,0,0,0,0,0,0,0,0,0,0,0,0,0,4,0
100,3,"/home/pqv/data/video_website/youtube16.pcap",1657292801.402629,150,427,"99.178.354.341.427","99.178.354.341.427",3,54,0,1,54,0,1,0,0,0,1657292801.025336,"10.0.2.15","216.58.206.238","08:00:27:3A:52:ED","52:54:00:12:35:02",3,443,35116,0,0,0,15,15,0,15,0,15,0,0,0,0,4,0
100,3,"/home/pqv/data/video_website/youtube16.pcap",1657292801.402700,151,427,"99.178.354.341.427","99.178.354.341.427",3,2914,2860,1,0,0,0,2914,2860,1,1657292801.025336,"10.0.2.15","216.58.206.238","08:00:27:3A:52:ED","52:54:00:12:35:02",3,443,35116,0,0,0,71,0,71,0,71,0,71,0,0,0,4,0
100,3,"/home/pqv/data/video_website/youtube16.pcap",1657292801.402700,152,427,"99.178.354.341.427","99.178.354.341.427",3,1484,1430,1,0,0,0,1484,1430,1,1657292801.025336,"10.0.2.15","216.58.206.238","08:00:27:3A:52:ED","52:54:00:12:35:02",3,443,35116,0,0,0,0,0,0,0,0,0,0,0,0,0,4,0
100,3,"/home/pqv/data/video_website/youtube16.pcap",1657292801.402745,153,427,"99.178.354.341.427","99.178.354.341.427",3,54,0,1,54,0,1,0,0,0,1657292801.025336,"10.0.2.15","216.58.206.238","08:00:27:3A:52:ED","52:54:00:12:35:02",3,443,35116,0,0,0,45,45,0,45,0,45,0,0,0,0,4,0
100,3,"/home/pqv/data/video_website/youtube16.pcap",1657292801.402856,154,427,"99.178.354.341.427","99.178.354.341.427",3,2914,2860,1,0,0,0,2914,2860,1,1657292801.025336,"10.0.2.15","216.58.206.238","08:00:27:3A:52:ED","52:54:00:12:35:02",3,443,35116,0,0,0,111,0,111,0,111,0,111,0,0,0,4,0
100,3,"/home/pqv/data/video_website/youtube16.pcap",1657292801.402863,155,427,"99.178.354.341.427","99.178.354.341.427",3,54,0,1,54,0,1,0,0,0,1657292801.025336,"10.0.2.15","216.58.206.238","08:00:27:3A:52:ED","52:54:00:12:35:02",3,443,35116,0,0,0,7,7,0,7,0,7,0,0,0,0,4,0
100,3,"/home/pqv/data/video_website/youtube16.pcap",1657292801.403004,156,427,"99.178.354.341.427","99.178.354.341.427",3,2914,2860,1,0,0,0,2914,2860,1,1657292801.025336,"10.0.2.15","216.58.206.238","08:00:27:3A:52:ED","52:54:00:12:35:02",3,443,35116,0,0,0,141,0,141,0,141,0,141,0,0,0,4,0
100,3,"/home/pqv/data/video_website/youtube16.pcap",1657292801.403005,157,427,"99.178.354.341.427","99.178.354.341.427",3,1484,1430,1,0,0,0,1484,1430,1,1657292801.025336,"10.0.2.15","216.58.206.238","08:00:27:3A:52:ED","52:54:00:12:35:02",3,443,35116,0,0,0,1,0,0,0,0,0,0,0,0,0,4,0
100,3,"/home/pqv/data/video_website/youtube16.pcap",1657292801.403005,158,427,"99.178.354.341.427","99.178.354.341.427",3,1514,1460,1,0,0,0,1514,1460,1,1657292801.025336,"10.0.2.15","216.58.206.238","08:00:27:3A:52:ED","52:54:00:12:35:02",3,443,35116,0,0,0,0,0,0,0,0,0,0,0,0,0,4,0
100,3,"/home/pqv/data/video_website/youtube16.pcap",1657292801.403026,159,427,"99.178.354.341.427","99.178.354.341.427",3,54,0,1,54,0,1,0,0,0,1657292801.025336,"10.0.2.15","216.58.206.238","08:00:27:3A:52:ED","52:54:00:12:35:02",3,443,35116,0,0,0,21,22,0,22,0,22,0,0,0,0,4,0
100,3,"/home/pqv/data/video_website/youtube16.pcap",1657292801.403033,160,427,"99.178.354.341.427","99.178.354.341.427",3,54,0,1,54,0,1,0,0,0,1657292801.025336,"10.0.2.15","216.58.206.238","08:00:27:3A:52:ED","52:54:00:12:35:02",3,443,35116,0,0,0,7,28,0,28,0,28,0,0,0,0,4,0
100,3,"/home/pqv/data/video_website/youtube16.pcap",1657292801.403037,161,427,"99.178.354.341.427","99.178.354.341.427",3,54,0,1,54,0,1,0,0,0,1657292801.025336,"10.0.2.15","216.58.206.238","08:00:27:3A:52:ED","52:54:00:12:35:02",3,443,35116,0,0,0,4,32,0,32,0,32,0,0,0,0,4,0
100,3,"/home/pqv/data/video_website/youtube16.pcap",1657292801.403120,162,427,"99.178.354.341.427","99.178.354.341.427",3,1514,1460,1,0,0,0,1514,1460,1,1657292801.025336,"10.0.2.15","216.58.206.238","08:00:27:3A:52:ED","52:54:00:12:35:02",3,443,35116,0,0,0,83,0,83,0,83,0,83,0,0,0,4,0
100,3,"/home/pqv/data/video_website/youtube16.pcap",1657292801.403132,163,427,"99.178.354.341.427","99.178.354.341.427",3,54,0,1,54,0,1,0,0,0,1657292801.025336,"10.0.2.15","216.58.206.238","08:00:27:3A:52:ED","52:54:00:12:35:02",3,443,35116,0,0,0,12,12,0,12,0,12,0,0,0,0,4,0
100,3,"/home/pqv/data/video_website/youtube16.pcap",1657292801.403259,164,427,"99.178.354.341.427","99.178.354.341.427",3,1424,1370,1,0,0,0,1424,1370,1,1657292801.025336,"10.0.2.15","216.58.206.238","08:00:27:3A:52:ED","52:54:00:12:35:02",3,443,35116,0,0,0,127,0,127,0,127,0,127,0,0,0,4,0
100,3,"/home/pqv/data/video_website/youtube16.pcap",1657292801.403282,165,427,"99.178.354.341.427","99.178.354.341.427",3,54,0,1,54,0,1,0,0,0,1657292801.025336,"10.0.2.15","216.58.206.238","08:00:27:3A:52:ED","52:54:00:12:35:02",3,443,35116,0,0,0,23,23,0,23,0,23,0,0,0,0,4,0
100,3,"/home/pqv/data/video_website/youtube16.pcap",1657292801.404153,166,427,"99.178.354.341.427","99.178.354.341.427",3,11734,11680,1,0,0,0,11734,11680,1,1657292801.025336,"10.0.2.15","216.58.206.238","08:00:27:3A:52:ED","52:54:00:12:35:02",3,443,35116,0,0,0,871,0,871,0,871,0,871,0,0,0,4,0
100,3,"/home/pqv/data/video_website/youtube16.pcap",1657292801.404162,167,427,"99.178.354.341.427","99.178.354.341.427",3,54,0,1,54,0,1,0,0,0,1657292801.025336,"10.0.2.15","216.58.206.238","08:00:27:3A:52:ED","52:54:00:12:35:02",3,443,35116,0,0,0,9,9,0,9,0,9,0,0,0,0,4,0
100,3,"/home/pqv/data/video_website/youtube16.pcap",1657292801.404240,168,427,"99.178.354.341.427","99.178.354.341.427",3,2674,2620,1,0,0,0,2674,2620,1,1657292801.025336,"10.0.2.15","216.58.206.238","08:00:27:3A:52:ED","52:54:00:12:35:02",3,443,35116,0,0,0,78,0,78,0,78,0,78,0,0,0,4,0
100,3,"/home/pqv/data/video_website/youtube16.pcap",1657292801.404240,169,427,"99.178.354.341.427","99.178.354.341.427",3,8634,8580,1,0,0,0,8634,8580,1,1657292801.025336,"10.0.2.15","216.58.206.238","08:00:27:3A:52:ED","52:54:00:12:35:02",3,443,35116,0,0,0,0,0,0,0,0,0,0,0,0,0,4,0
100,3,"/home/pqv/data/video_website/youtube16.pcap",1657292801.404249,170,427,"99.178.354.341.427","99.178.354.341.427",3,54,0,1,54,0,1,0,0,0,1657292801.025336,"10.0.2.15","216.58.206.238","08:00:27:3A:52:ED","52:54:00:12:35:02",3,443,35116,0,0,0,9,9,0,9,0,9,0,0,0,0,4,0
100,3,"/home/pqv/data/video_website/youtube16.pcap",1657292801.404270,171,427,"99.178.354.341.427","99.178.354.341.427",3,54,0,1,54,0,1,0,0,0,1657292801.025336,"10.0.2.15","216.58.206.238","08:00:27:3A:52:ED","52:54:00:12:35:02",3,443,35116,0,0,0,21,30,0,30,0,30,0,0,0,0,4,0
100,3,"/home/pqv/data/video_website/youtube16.pcap",1657292801.404283,172,427,"99.178.354.341.427","99.178.354.341.427",3,7204,7150,1,0,0,0,7204,7150,1,1657292801.025336,"10.0.2.15","216.58.206.238","08:00:27:3A:52:ED","52:54:00:12:35:02",3,443,35116,0,0,0,13,0,13,0,13,0,13,0,0,0,4,0
100,3,"/home/pqv/data/video_website/youtube16.pcap",1657292801.404283,173,427,"99.178.354.341.427","99.178.354.341.427",3,2974,2920,1,0,0,0,2974,2920,1,1657292801.025336,"10.0.2.15","216.58.206.238","08:00:27:3A:52:ED","52:54:00:12:35:02",3,443,35116,0,0,0,0,0,0,0,0,0,0,0,0,0,4,0
100,3,"/home/pqv/data/video_website/youtube16.pcap",1657292801.404286,174,427,"99.178.354.341.427","99.178.354.341.427",3,54,0,1,54,0,1,0,0,0,1657292801.025336,"10.0.2.15","216.58.206.238","08:00:27:3A:52:ED","52:54:00:12:35:02",3,443,35116,0,0,0,3,3,0,3,0,3,0,0,0,0,4,0
100,3,"/home/pqv/data/video_website/youtube16.pcap",1657292801.404584,175,427,"99.178.354.341.427","99.178.354.341.427",3,1424,1370,1,0,0,0,1424,1370,1,1657292801.025336,"10.0.2.15","216.58.206.238","08:00:27:3A:52:ED","52:54:00:12:35:02",3,443,35116,0,0,0,298,0,298,0,298,0,298,0,0,0,4,0
100,3,"/home/pqv/data/video_website/youtube16.pcap",1657292801.404585,176,427,"99.178.354.341.427","99.178.354.341.427",3,2914,2860,1,0,0,0,2914,2860,1,1657292801.025336,"10.0.2.15","216.58.206.238","08:00:27:3A:52:ED","52:54:00:12:35:02",3,443,35116,0,0,0,1,0,0,0,0,0,0,0,0,0,4,0
100,3,"/home/pqv/data/video_website/youtube16.pcap",1657292801.404592,177,427,"99.178.354.341.427","99.178.354.341.427",3,54,0,1,54,0,1,0,0,0,1657292801.025336,"10.0.2.15","216.58.206.238","08:00:27:3A:52:ED","52:54:00:12:35:02",3,443,35116,0,0,0,7,309,0,309,0,309,0,0,0,0,4,0
100,3,"/home/pqv/data/video_website/youtube16.pcap",1657292801.404597,178,427,"99.178.354.341.427","99.178.354.341.427",3,54,0,1,54,0,1,0,0,0,1657292801.025336,"10.0.2.15","216.58.206.238","08:00:27:3A:52:ED","52:54:00:12:35:02",3,443,35116,0,0,0,5,13,0,13,0,13,0,0,0,0,4,0
100,3,"/home/pqv/data/video_website/youtube16.pcap",1657292801.404983,179,427,"99.178.354.341.427","99.178.354.341.427",3,1514,1460,1,0,0,0,1514,1460,1,1657292801.025336,"10.0.2.15","216.58.206.238","08:00:27:3A:52:ED","52:54:00:12:35:02",3,443,35116,0,0,0,386,0,386,0,386,0,386,0,0,0,4,0
100,3,"/home/pqv/data/video_website/youtube16.pcap",1657292801.404988,180,427,"99.178.354.341.427","99.178.354.341.427",3,54,0,1,54,0,1,0,0,0,1657292801.025336,"10.0.2.15","216.58.206.238","08:00:27:3A:52:ED","52:54:00:12:35:02",3,443,35116,0,0,0,5,403,0,403,0,403,0,0,0,0,4,0
100,3,"/home/pqv/data/video_website/youtube16.pcap",1657292801.404994,181,427,"99.178.354.341.427","99.178.354.341.427",3,54,0,1,54,0,1,0,0,0,1657292801.025336,"10.0.2.15","216.58.206.238","08:00:27:3A:52:ED","52:54:00:12:35:02",3,443,35116,0,0,0,6,11,0,11,0,11,0,0,0,0,4,0
100,3,"/home/pqv/data/video_website/youtube16.pcap",1657292801.405280,182,427,"99.178.354.341.427","99.178.354.341.427",3,1222,1168,1,0,0,0,1222,1168,1,1657292801.025336,"10.0.2.15","216.58.206.238","08:00:27:3A:52:ED","52:54:00:12:35:02",3,443,35116,0,0,0,286,0,286,0,286,0,286,0,0,0,4,0
100,3,"/home/pqv/data/video_website/youtube16.pcap",1657292801.405285,183,427,"99.178.354.341.427","99.178.354.341.427",3,54,0,1,54,0,1,0,0,0,1657292801.025336,"10.0.2.15","216.58.206.238","08:00:27:3A:52:ED","52:54:00:12:35:02",3,443,35116,0,0,0,5,5,0,5,0,5,0,0,0,0,4,0
100,3,"/home/pqv/data/video_website/youtube16.pcap",1657292801.409969,184,427,"99.178.354.341.427","99.178.354.341.427",3,14354,14300,1,0,0,0,14354,14300,1,1657292801.025336,"10.0.2.15","216.58.206.238","08:00:27:3A:52:ED","52:54:00:12:35:02",3,443,35116,0,0,0,4684,0,4684,0,4684,0,4684,0,0,0,4,0
100,3,"/home/pqv/data/video_website/youtube16.pcap",1657292801.409985,185,427,"99.178.354.341.427","99.178.354.341.427",3,54,0,1,54,0,1,0,0,0,1657292801.025336,"10.0.2.15","216.58.206.238","08:00:27:3A:52:ED","52:54:00:12:35:02",3,443,35116,0,0,0,16,16,0,16,0,16,0,0,0,0,4,0
100,3,"/home/pqv/data/video_website/youtube16.pcap",1657292801.410036,186,427,"99.178.354.341.427","99.178.354.341.427",3,8634,8580,1,0,0,0,8634,8580,1,1657292801.025336,"10.0.2.15","216.58.206.238","08:00:27:3A:52:ED","52:54:00:12:35:02",3,443,35116,0,0,0,51,0,51,0,51,0,51,0,0,0,4,0
100,3,"/home/pqv/data/video_website/youtube16.pcap",1657292801.410036,187,427,"99.178.354.341.427","99.178.354.341.427",3,7204,7150,1,0,0,0,7204,7150,1,1657292801.025336,"10.0.2.15","216.58.206.238","08:00:27:3A:52:ED","52:54:00:12:35:02",3,443,35116,0,0,0,0,0,0,0,0,0,0,0,0,0,4,0
100,3,"/home/pqv/data/video_website/youtube16.pcap",1657292801.410048,188,427,"99.178.354.341.427","99.178.354.341.427",3,54,0,1,54,0,1,0,0,0,1657292801.025336,"10.0.2.15","216.58.206.238","08:00:27:3A:52:ED","52:54:00:12:35:02",3,443,35116,0,0,0,12,12,0,12,0,12,0,0,0,0,4,0
100,3,"/home/pqv/data/video_website/youtube16.pcap",1657292801.410059,189,427,"99.178.354.341.427","99.178.354.341.427",3,54,0,1,54,0,1,0,0,0,1657292801.025336,"10.0.2.15","216.58.206.238","08:00:27:3A:52:ED","52:54:00:12:35:02",3,443,35116,0,0,0,11,23,0,23,0,23,0,0,0,0,4,0
100,3,"/home/pqv/data/video_website/youtube16.pcap",1657292801.410071,190,427,"99.178.354.341.427","99.178.354.341.427",3,2914,2860,1,0,0,0,2914,2860,1,1657292801.025336,"10.0.2.15","216.58.206.238","08:00:27:3A:52:ED","52:54:00:12:35:02",3,443,35116,0,0,0,12,0,12,0,12,0,12,0,0,0,4,0
100,3,"/home/pqv/data/video_website/youtube16.pcap",1657292801.410075,191,427,"99.178.354.341.427","99.178.354.341.427",3,54,0,1,54,0,1,0,0,0,1657292801.025336,"10.0.2.15","216.58.206.238","08:00:27:3A:52:ED","52:54:00:12:35:02",3,443,35116,0,0,0,4,4,0,4,0,4,0,0,0,0,4,0
100,3,"/home/pqv/data/video_website/youtube16.pcap",1657292801.410248,192,427,"99.178.354.341.427","99.178.354.341.427",3,1484,1430,1,0,0,0,1484,1430,1,1657292801.025336,"10.0.2.15","216.58.206.238","08:00:27:3A:52:ED","52:54:00:12:35:02",3,443,35116,0,0,0,173,0,173,0,173,0,173,0,0,0,4,0
100,3,"/home/pqv/data/video_website/youtube16.pcap",1657292801.410248,193,427,"99.178.354.341.427","99.178.354.341.427",3,2914,2860,1,0,0,0,2914,2860,1,1657292801.025336,"10.0.2.15","216.58.206.238","08:00:27:3A:52:ED","52:54:00:12:35:02",3,443,35116,0,0,0,0,0,0,0,0,0,0,0,0,0,4,0
100,3,"/home/pqv/data/video_website/youtube16.pcap",1657292801.410248,194,427,"99.178.354.341.427","99.178.354.341.427",3,2914,2860,1,0,0,0,2914,2860,1,1657292801.025336,"10.0.2.15","216.58.206.238","08:00:27:3A:52:ED","52:54:00:12:35:02",3,443,35116,0,0,0,0,0,0,0,0,0,0,0,0,0,4,0
100,3,"/home/pqv/data/video_website/youtube16.pcap",1657292801.410248,195,427,"99.178.354.341.427","99.178.354.341.427",3,1484,1430,1,0,0,0,1484,1430,1,1657292801.025336,"10.0.2.15","216.58.206.238","08:00:27:3A:52:ED","52:54:00:12:35:02",3,443,35116,0,0,0,0,0,0,0,0,0,0,0,0,0,4,0
100,3,"/home/pqv/data/video_website/youtube16.pcap",1657292801.410268,196,427,"99.178.354.341.427","99.178.354.341.427",3,54,0,1,54,0,1,0,0,0,1657292801.025336,"10.0.2.15","216.58.206.238","08:00:27:3A:52:ED","52:54:00:12:35:02",3,443,35116,0,0,0,20,20,0,20,0,20,0,0,0,0,4,0
100,3,"/home/pqv/data/video_website/youtube16.pcap",1657292801.410283,197,427,"99.178.354.341.427","99.178.354.341.427",3,54,0,1,54,0,1,0,0,0,1657292801.025336,"10.0.2.15","216.58.206.238","08:00:27:3A:52:ED","52:54:00:12:35:02",3,443,35116,0,0,0,15,35,0,35,0,35,0,0,0,0,4,0
100,3,"/home/pqv/data/video_website/youtube16.pcap",1657292801.410290,198,427,"99.178.354.341.427","99.178.354.341.427",3,54,0,1,54,0,1,0,0,0,1657292801.025336,"10.0.2.15","216.58.206.238","08:00:27:3A:52:ED","52:54:00:12:35:02",3,443,35116,0,0,0,7,42,0,42,0,42,0,0,0,0,4,0
100,3,"/home/pqv/data/video_website/youtube16.pcap",1657292801.410298,199,427,"99.178.354.341.427","99.178.354.341.427",3,54,0,1,54,0,1,0,0,0,1657292801.025336,"10.0.2.15","216.58.206.238","08:00:27:3A:52:ED","52:54:00:12:35:02",3,443,35116,0,0,0,8,50,0,50,0,50,0,0,0,0,4,0
100,3,"/home/pqv/data/video_website/youtube16.pcap",1657292801.410358,200,427,"99.178.354.341.427","99.178.354.341.427",3,4344,4290,1,0,0,0,4344,4290,1,1657292801.025336,"10.0.2.15","216.58.206.238","08:00:27:3A:52:ED","52:54:00:12:35:02",3,443,35116,0,0,0,60,0,60,0,60,0,60,0,0,0,4,0
100,3,"/home/pqv/data/video_website/youtube16.pcap",1657292801.410365,201,427,"99.178.354.341.427","99.178.354.341.427",3,54,0,1,54,0,1,0,0,0,1657292801.025336,"10.0.2.15","216.58.206.238","08:00:27:3A:52:ED","52:54:00:12:35:02",3,443,35116,0,0,0,7,7,0,7,0,7,0,0,0,0,4,0
100,3,"/home/pqv/data/video_website/youtube16.pcap",1657292801.411566,202,427,"99.178.354.341.427","99.178.354.341.427",3,14354,14300,1,0,0,0,14354,14300,1,1657292801.025336,"10.0.2.15","216.58.206.238","08:00:27:3A:52:ED","52:54:00:12:35:02",3,443,35116,0,0,0,1201,0,1201,0,1201,0,1201,0,0,0,4,0
100,3,"/home/pqv/data/video_website/youtube16.pcap",1657292801.411578,203,427,"99.178.354.341.427","99.178.354.341.427",3,54,0,1,54,0,1,0,0,0,1657292801.025336,"10.0.2.15","216.58.206.238","08:00:27:3A:52:ED","52:54:00:12:35:02",3,443,35116,0,0,0,12,12,0,12,0,12,0,0,0,0,4,0
100,3,"/home/pqv/data/video_website/youtube16.pcap",1657292801.411647,204,427,"99.178.354.341.427","99.178.354.341.427",3,7436,7382,1,0,0,0,7436,7382,1,1657292801.025336,"10.0.2.15","216.58.206.238","08:00:27:3A:52:ED","52:54:00:12:35:02",3,443,35116,0,0,0,69,0,69,0,69,0,69,0,0,0,4,0
100,3,"/home/pqv/data/video_website/youtube16.pcap",1657292801.411647,205,427,"99.178.354.341.427","99.178.354.341.427",3,1514,1460,1,0,0,0,1514,1460,1,1657292801.025336,"10.0.2.15","216.58.206.238","08:00:27:3A:52:ED","52:54:00:12:35:02",3,443,35116,0,0,0,0,0,0,0,0,0,0,0,0,0,4,0
100,3,"/home/pqv/data/video_website/youtube16.pcap",1657292801.411655,206,427,"99.178.354.341.427","99.178.354.341.427",3,54,0,1,54,0,1,0,0,0,1657292801.025336,"10.0.2.15","216.58.206.238","08:00:27:3A:52:ED","52:54:00:12:35:02",3,443,35116,0,0,0,8,8,0,8,0,8,0,0,0,0,4,0
100,3,"/home/pqv/data/video_website/youtube16.pcap",1657292801.411665,207,427,"99.178.354.341.427","99.178.354.341.427",3,54,0,1,54,0,1,0,0,0,1657292801.025336,"10.0.2.15","216.58.206.238","08:00:27:3A:52:ED","52:54:00:12:35:02",3,443,35116,0,0,0,10,18,0,18,0,18,0,0,0,0,4,0
100,3,"/home/pqv/data/video_website/youtube16.pcap",1657292801.411757,208,427,"99.178.354.341.427","99.178.354.341.427",3,5744,5690,1,0,0,0,5744,5690,1,1657292801.025336,"10.0.2.15","216.58.206.238","08:00:27:3A:52:ED","52:54:00:12:35:02",3,443,35116,0,0,0,92,0,92,0,92,0,92,0,0,0,4,0
100,3,"/home/pqv/data/video_website/youtube16.pcap",1657292801.411758,209,427,"99.178.354.341.427","99.178.354.341.427",3,2914,2860,1,0,0,0,2914,2860,1,1657292801.025336,"10.0.2.15","216.58.206.238","08:00:27:3A:52:ED","52:54:00:12:35:02",3,443,35116,0,0,0,1,0,0,0,0,0,0,0,0,0,4,0
100,3,"/home/pqv/data/video_website/youtube16.pcap",1657292801.411758,210,427,"99.178.354.341.427","99.178.354.341.427",3,4344,4290,1,0,0,0,4344,4290,1,1657292801.025336,"10.0.2.15","216.58.206.238","08:00:27:3A:52:ED","52:54:00:12:35:02",3,443,35116,0,0,0,0,0,0,0,0,0,0,0,0,0,4,0
100,3,"/home/pqv/data/video_website/youtube16.pcap",1657292801.411763,211,427,"99.178.354.341.427","99.178.354.341.427",3,54,0,1,54,0,1,0,0,0,1657292801.025336,"10.0.2.15","216.58.206.238","08:00:27:3A:52:ED","52:54:00:12:35:02",3,443,35116,0,0,0,5,6,0,6,0,6,0,0,0,0,4,0
100,3,"/home/pqv/data/video_website/youtube16.pcap",1657292801.411772,212,427,"99.178.354.341.427","99.178.354.341.427",3,54,0,1,54,0,1,0,0,0,1657292801.025336,"10.0.2.15","216.58.206.238","08:00:27:3A:52:ED","52:54:00:12:35:02",3,443,35116,0,0,0,9,14,0,14,0,14,0,0,0,0,4,0
100,3,"/home/pqv/data/video_website/youtube16.pcap",1657292801.411792,213,427,"99.178.354.341.427","99.178.354.341.427",3,54,0,1,54,0,1,0,0,0,1657292801.025336,"10.0.2.15","216.58.206.238","08:00:27:3A:52:ED","52:54:00:12:35:02",3,443,35116,0,0,0,20,34,0,34,0,34,0,0,0,0,4,0
100,3,"/home/pqv/data/video_website/youtube16.pcap",1657292801.411802,214,427,"99.178.354.341.427","99.178.354.341.427",3,2914,2860,1,0,0,0,2914,2860,1,1657292801.025336,"10.0.2.15","216.58.206.238","08:00:27:3A:52:ED","52:54:00:12:35:02",3,443,35116,0,0,0,10,0,10,0,10,0,10,0,0,0,4,0
100,3,"/home/pqv/data/video_website/youtube16.pcap",1657292801.411804,215,427,"99.178.354.341.427","99.178.354.341.427",3,54,0,1,54,0,1,0,0,0,1657292801.025336,"10.0.2.15","216.58.206.238","08:00:27:3A:52:ED","52:54:00:12:35:02",3,443,35116,0,0,0,2,2,0,2,0,2,0,0,0,0,4,0
100,3,"/home/pqv/data/video_website/youtube16.pcap",1657292801.411924,216,427,"99.178.354.341.427","99.178.354.341.427",3,1484,1430,1,0,0,0,1484,1430,1,1657292801.025336,"10.0.2.15","216.58.206.238","08:00:27:3A:52:ED","52:54:00:12:35:02",3,443,35116,0,0,0,120,0,120,0,120,0,120,0,0,0,4,0
100,3,"/home/pqv/data/video_website/youtube16.pcap",1657292801.411929,217,427,"99.178.354.341.427","99.178.354.341.427",3,54,0,1,54,0,1,0,0,0,1657292801.025336,"10.0.2.15","216.58.206.238","08:00:27:3A:52:ED","52:54:00:12:35:02",3,443,35116,0,0,0,5,5,0,5,0,5,0,0,0,0,4,0
100,3,"/home/pqv/data/video_website/youtube16.pcap",1657292801.412089,218,427,"99.178.354.341.427","99.178.354.341.427",3,4344,4290,1,0,0,0,4344,4290,1,1657292801.025336,"10.0.2.15","216.58.206.238","08:00:27:3A:52:ED","52:54:00:12:35:02",3,443,35116,0,0,0,160,0,160,0,160,0,160,0,0,0,4,0
100,3,"/home/pqv/data/video_website/youtube16.pcap",1657292801.412094,219,427,"99.178.354.341.427","99.178.354.341.427",3,54,0,1,54,0,1,0,0,0,1657292801.025336,"10.0.2.15","216.58.206.238","08:00:27:3A:52:ED","52:54:00:12:35:02",3,443,35116,0,0,0,5,5,0,5,0,5,0,0,0,0,4,0
100,3,"/home/pqv/data/video_website/youtube16.pcap",1657292801.413835,220,427,"99.178.354.341.427","99.178.354.341.427",3,14354,14300,1,0,0,0,14354,14300,1,1657292801.025336,"10.0.2.15","216.58.206.238","08:00:27:3A:52:ED","52:54:00:12:35:02",3,443,35116,0,0,0,1741,0,1741,0,1741,0,1741,0,0,0,4,0
100,3,"/home/pqv/data/video_website/youtube16.pcap",1657292801.413873,221,427,"99.178.354.341.427","99.178.354.341.427",3,54,0,1,54,0,1,0,0,0,1657292801.025336,"10.0.2.15","216.58.206.238","08:00:27:3A:52:ED","52:54:00:12:35:02",3,443,35116,0,0,0,38,38,0,38,0,38,0,0,0,0,4,0
100,3,"/home/pqv/data/video_website/youtube16.pcap",1657292801.413951,222,427,"99.178.354.341.427","99.178.354.341.427",3,8634,8580,1,0,0,0,8634,8580,1,1657292801.025336,"10.0.2.15","216.58.206.238","08:00:27:3A:52:ED","52:54:00:12:35:02",3,443,35116,0,0,0,78,0,78,0,78,0,78,0,0,0,4,0
100,3,"/home/pqv/data/video_website/youtube16.pcap",1657292801.413951,223,427,"99.178.354.341.427","99.178.354.341.427",3,7204,7150,1,0,0,0,7204,7150,1,1657292801.025336,"10.0.2.15","216.58.206.238","08:00:27:3A:52:ED","52:54:00:12:35:02",3,443,35116,0,0,0,0,0,0,0,0,0,0,0,0,0,4,0
100,3,"/home/pqv/data/video_website/youtube16.pcap",1657292801.413960,224,427,"99.178.354.341.427","99.178.354.341.427",3,54,0,1,54,0,1,0,0,0,1657292801.025336,"10.0.2.15","216.58.206.238","08:00:27:3A:52:ED","52:54:00:12:35:02",3,443,35116,0,0,0,9,9,0,9,0,9,0,0,0,0,4,0
100,3,"/home/pqv/data/video_website/youtube16.pcap",1657292801.413990,225,427,"99.178.354.341.427","99.178.354.341.427",3,54,0,1,54,0,1,0,0,0,1657292801.025336,"10.0.2.15","216.58.206.238","08:00:27:3A:52:ED","52:54:00:12:35:02",3,443,35116,0,0,0,30,39,0,39,0,39,0,0,0,0,4,0
100,3,"/home/pqv/data/video_website/youtube16.pcap",1657292801.414007,226,427,"99.178.354.341.427","99.178.354.341.427",3,2914,2860,1,0,0,0,2914,2860,1,1657292801.025336,"10.0.2.15","216.58.206.238","08:00:27:3A:52:ED","52:54:00:12:35:02",3,443,35116,0,0,0,17,0,17,0,17,0,17,0,0,0,4,0
100,3,"/home/pqv/data/video_website/youtube16.pcap",1657292801.414008,227,427,"99.178.354.341.427","99.178.354.341.427",3,1484,1430,1,0,0,0,1484,1430,1,1657292801.025336,"10.0.2.15","216.58.206.238","08:00:27:3A:52:ED","52:54:00:12:35:02",3,443,35116,0,0,0,1,0,0,0,0,0,0,0,0,0,4,0
100,3,"/home/pqv/data/video_website/youtube16.pcap",1657292801.414008,228,427,"99.178.354.341.427","99.178.354.341.427",3,2914,2860,1,0,0,0,2914,2860,1,1657292801.025336,"10.0.2.15","216.58.206.238","08:00:27:3A:52:ED","52:54:00:12:35:02",3,443,35116,0,0,0,0,0,0,0,0,0,0,0,0,0,4,0
100,3,"/home/pqv/data/video_website/youtube16.pcap",1657292801.414008,229,427,"99.178.354.341.427","99.178.354.341.427",3,2914,2860,1,0,0,0,2914,2860,1,1657292801.025336,"10.0.2.15","216.58.206.238","08:00:27:3A:52:ED","52:54:00:12:35:02",3,443,35116,0,0,0,0,0,0,0,0,0,0,0,0,0,4,0
100,3,"/home/pqv/data/video_website/youtube16.pcap",1657292801.414012,230,427,"99.178.354.341.427","99.178.354.341.427",3,54,0,1,54,0,1,0,0,0,1657292801.025336,"10.0.2.15","216.58.206.238","08:00:27:3A:52:ED","52:54:00:12:35:02",3,443,35116,0,0,0,4,5,0,5,0,5,0,0,0,0,4,0
100,3,"/home/pqv/data/video_website/youtube16.pcap",1657292801.414021,231,427,"99.178.354.341.427","99.178.354.341.427",3,54,0,1,54,0,1,0,0,0,1657292801.025336,"10.0.2.15","216.58.206.238","08:00:27:3A:52:ED","52:54:00:12:35:02",3,443,35116,0,0,0,9,13,0,13,0,13,0,0,0,0,4,0
100,3,"/home/pqv/data/video_website/youtube16.pcap",1657292801.414170,232,427,"99.178.354.341.427","99.178.354.341.427",3,1484,1430,1,0,0,0,1484,1430,1,1657292801.025336,"10.0.2.15","216.58.206.238","08:00:27:3A:52:ED","52:54:00:12:35:02",3,443,35116,0,0,0,149,0,149,0,149,0,149,0,0,0,4,0
100,3,"/home/pqv/data/video_website/youtube16.pcap",1657292801.414182,233,427,"99.178.354.341.427","99.178.354.341.427",3,54,0,1,54,0,1,0,0,0,1657292801.025336,"10.0.2.15","216.58.206.238","08:00:27:3A:52:ED","52:54:00:12:35:02",3,443,35116,0,0,0,12,174,0,174,0,174,0,0,0,0,4,0
100,3,"/home/pqv/data/video_website/youtube16.pcap",1657292801.414195,234,427,"99.178.354.341.427","99.178.354.341.427",3,54,0,1,54,0,1,0,0,0,1657292801.025336,"10.0.2.15","216.58.206.238","08:00:27:3A:52:ED","52:54:00:12:35:02",3,443,35116,0,0,0,13,187,0,187,0,187,0,0,0,0,4,0
100,3,"/home/pqv/data/video_website/youtube16.pcap",1657292801.414195,235,427,"99.178.354.341.427","99.178.354.341.427",3,54,0,1,54,0,1,0,0,0,1657292801.025336,"10.0.2.15","216.58.206.238","08:00:27:3A:52:ED","52:54:00:12:35:02",3,443,35116,0,0,0,0,25,0,25,0,25,0,0,0,0,4,0
100,3,"/home/pqv/data/video_website/youtube16.pcap",1657292801.414315,236,427,"99.178.354.341.427","99.178.354.341.427",3,4344,4290,1,0,0,0,4344,4290,1,1657292801.025336,"10.0.2.15","216.58.206.238","08:00:27:3A:52:ED","52:54:00:12:35:02",3,443,35116,0,0,0,120,0,120,0,120,0,120,0,0,0,4,0
100,3,"/home/pqv/data/video_website/youtube16.pcap",1657292801.414332,237,427,"99.178.354.341.427","99.178.354.341.427",3,54,0,1,54,0,1,0,0,0,1657292801.025336,"10.0.2.15","216.58.206.238","08:00:27:3A:52:ED","52:54:00:12:35:02",3,443,35116,0,0,0,17,17,0,17,0,17,0,0,0,0,4,0
100,3,"/home/pqv/data/video_website/youtube16.pcap",1657292801.415715,238,427,"99.178.354.341.427","99.178.354.341.427",3,14354,14300,1,0,0,0,14354,14300,1,1657292801.025336,"10.0.2.15","216.58.206.238","08:00:27:3A:52:ED","52:54:00:12:35:02",3,443,35116,0,0,0,1383,0,1383,0,1383,0,1383,0,0,0,4,0
100,3,"/home/pqv/data/video_website/youtube16.pcap",1657292801.415740,239,427,"99.178.354.341.427","99.178.354.341.427",3,54,0,1,54,0,1,0,0,0,1657292801.025336,"10.0.2.15","216.58.206.238","08:00:27:3A:52:ED","52:54:00:12:35:02",3,443,35116,0,0,0,25,25,0,25,0,25,0,0,0,0,4,0
100,3,"/home/pqv/data/video_website/youtube16.pcap",1657292801.415808,240,427,"99.178.354.341.427","99.178.354.341.427",3,8634,8580,1,0,0,0,8634,8580,1,1657292801.025336,"10.0.2.15","216.58.206.238","08:00:27:3A:52:ED","52:54:00:12:35:02",3,443,35116,0,0,0,68,0,68,0,68,0,68,0,0,0,4,0
100,3,"/home/pqv/data/video_website/youtube16.pcap",1657292801.415808,241,427,"99.178.354.341.427","99.178.354.341.427",3,7204,7150,1,0,0,0,7204,7150,1,1657292801.025336,"10.0.2.15","216.58.206.238","08:00:27:3A:52:ED","52:54:00:12:35:02",3,443,35116,0,0,0,0,0,0,0,0,0,0,0,0,0,4,0
100,3,"/home/pqv/data/video_website/youtube16.pcap",1657292801.415818,242,427,"99.178.354.341.427","99.178.354.341.427",3,54,0,1,54,0,1,0,0,0,1657292801.025336,"10.0.2.15","216.58.206.238","08:00:27:3A:52:ED","52:54:00:12:35:02",3,443,35116,0,0,0,10,10,0,10,0,10,0,0,0,0,4,0
100,3,"/home/pqv/data/video_website/youtube16.pcap",1657292801.415829,243,427,"99.178.354.341.427","99.178.354.341.427",3,54,0,1,54,0,1,0,0,0,1657292801.025336,"10.0.2.15","216.58.206.238","08:00:27:3A:52:ED","52:54:00:12:35:02",3,443,35116,0,0,0,11,21,0,21,0,21,0,0,0,0,4,0
100,3,"/home/pqv/data/video_website/youtube16.pcap",1657292801.415848,244,427,"99.178.354.341.427","99.178.354.341.427",3,2914,2860,1,0,0,0,2914,2860,1,1657292801.025336,"10.0.2.15","216.58.206.238","08:00:27:3A:52:ED","52:54:00:12:35:02",3,443,35116,0,0,0,19,0,19,0,19,0,19,0,0,0,4,0
100,3,"/home/pqv/data/video_website/youtube16.pcap",1657292801.415848,245,427,"99.178.354.341.427","99.178.354.341.427",3,4344,4290,1,0,0,0,4344,4290,1,1657292801.025336,"10.0.2.15","216.58.206.238","08:00:27:3A:52:ED","52:54:00:12:35:02",3,443,35116,0,0,0,0,0,0,0,0,0,0,0,0,0,4,0
100,3,"/home/pqv/data/video_website/youtube16.pcap",1657292801.415855,246,427,"99.178.354.341.427","99.178.354.341.427",3,54,0,1,54,0,1,0,0,0,1657292801.025336,"10.0.2.15","216.58.206.238","08:00:27:3A:52:ED","52:54:00:12:35:02",3,443,35116,0,0,0,7,7,0,7,0,7,0,0,0,0,4,0
100,3,"/home/pqv/data/video_website/youtube16.pcap",1657292801.415999,247,427,"99.178.354.341.427","99.178.354.341.427",3,2914,2860,1,0,0,0,2914,2860,1,1657292801.025336,"10.0.2.15","216.58.206.238","08:00:27:3A:52:ED","52:54:00:12:35:02",3,443,35116,0,0,0,144,0,144,0,144,0,144,0,0,0,4,0
100,3,"/home/pqv/data/video_website/youtube16.pcap",1657292801.415999,248,427,"99.178.354.341.427","99.178.354.341.427",3,1484,1430,1,0,0,0,1484,1430,1,1657292801.025336,"10.0.2.15","216.58.206.238","08:00:27:3A:52:ED","52:54:00:12:35:02",3,443,35116,0,0,0,0,0,0,0,0,0,0,0,0,0,4,0
100,3,"/home/pqv/data/video_website/youtube16.pcap",1657292801.416066,249,427,"99.178.354.341.427","99.178.354.341.427",3,54,0,1,54,0,1,0,0,0,1657292801.025336,"10.0.2.15","216.58.206.238","08:00:27:3A:52:ED","52:54:00:12:35:02",3,443,35116,0,0,0,67,67,0,67,0,67,0,0,0,0,4,0
100,3,"/home/pqv/data/video_website/youtube16.pcap",1657292801.416187,250,427,"99.178.354.341.427","99.178.354.341.427",3,4344,4290,1,0,0,0,4344,4290,1,1657292801.025336,"10.0.2.15","216.58.206.238","08:00:27:3A:52:ED","52:54:00:12:35:02",3,443,35116,0,0,0,121,0,121,0,121,0,121,0,0,0,4,0
100,3,"/home/pqv/data/video_website/youtube16.pcap",1657292801.416211,251,427,"99.178.354.341.427","99.178.354.341.427",3,54,0,1,54,0,1,0,0,0,1657292801.025336,"10.0.2.15","216.58.206.238","08:00:27:3A:52:ED","52:54:00:12:35:02",3,443,35116,0,0,0,24,24,0,24,0,24,0,0,0,0,4,0
100,3,"/home/pqv/data/video_website/youtube16.pcap",1657292801.417777,252,427,"99.178.354.341.427","99.178.354.341.427",3,14354,14300,1,0,0,0,14354,14300,1,1657292801.025336,"10.0.2.15","216.58.206.238","08:00:27:3A:52:ED","52:54:00:12:35:02",3,443,35116,0,0,0,1566,0,1566,0,1566,0,1566,0,0,0,4,0
100,3,"/home/pqv/data/video_website/youtube16.pcap",1657292801.417797,253,427,"99.178.354.341.427","99.178.354.341.427",3,54,0,1,54,0,1,0,0,0,1657292801.025336,"10.0.2.15","216.58.206.238","08:00:27:3A:52:ED","52:54:00:12:35:02",3,443,35116,0,0,0,20,20,0,20,0,20,0,0,0,0,4,0
100,3,"/home/pqv/data/video_website/youtube16.pcap",1657292801.417873,254,427,"99.178.354.341.427","99.178.354.341.427",3,8634,8580,1,0,0,0,8634,8580,1,1657292801.025336,"10.0.2.15","216.58.206.238","08:00:27:3A:52:ED","52:54:00:12:35:02",3,443,35116,0,0,0,76,0,76,0,76,0,76,0,0,0,4,0
100,3,"/home/pqv/data/video_website/youtube16.pcap",1657292801.417873,255,427,"99.178.354.341.427","99.178.354.341.427",3,4344,4290,1,0,0,0,4344,4290,1,1657292801.025336,"10.0.2.15","216.58.206.238","08:00:27:3A:52:ED","52:54:00:12:35:02",3,443,35116,0,0,0,0,0,0,0,0,0,0,0,0,0,4,0
100,3,"/home/pqv/data/video_website/youtube16.pcap",1657292801.417892,256,427,"99.178.354.341.427","99.178.354.341.427",3,2914,2860,1,0,0,0,2914,2860,1,1657292801.025336,"10.0.2.15","216.58.206.238","08:00:27:3A:52:ED","52:54:00:12:35:02",3,443,35116,0,0,0,19,0,0,0,0,0,0,0,0,0,4,0
100,3,"/home/pqv/data/video_website/youtube16.pcap",1657292801.417892,257,427,"99.178.354.341.427","99.178.354.341.427",3,2914,2860,1,0,0,0,2914,2860,1,1657292801.025336,"10.0.2.15","216.58.206.238","08:00:27:3A:52:ED","52:54:00:12:35:02",3,443,35116,0,0,0,0,0,0,0,0,0,0,0,0,0,4,0
100,3,"/home/pqv/data/video_website/youtube16.pcap",1657292801.417892,258,427,"99.178.354.341.427","99.178.354.341.427",3,1484,1430,1,0,0,0,1484,1430,1,1657292801.025336,"10.0.2.15","216.58.206.238","08:00:27:3A:52:ED","52:54:00:12:35:02",3,443,35116,0,0,0,0,0,0,0,0,0,0,0,0,0,4,0
100,3,"/home/pqv/data/video_website/youtube16.pcap",1657292801.418050,259,427,"99.178.354.341.427","99.178.354.341.427",3,2914,2860,1,0,0,0,2914,2860,1,1657292801.025336,"10.0.2.15","216.58.206.238","08:00:27:3A:52:ED","52:54:00:12:35:02",3,443,35116,0,0,0,158,0,0,0,0,0,0,0,0,0,4,0
100,3,"/home/pqv/data/video_website/youtube16.pcap",1657292801.418097,260,427,"99.178.354.341.427","99.178.354.341.427",3,54,0,1,54,0,1,0,0,0,1657292801.025336,"10.0.2.15","216.58.206.238","08:00:27:3A:52:ED","52:54:00:12:35:02",3,443,35116,0,0,0,47,47,0,47,0,47,0,0,0,0,4,0
100,3,"/home/pqv/data/video_website/youtube16.pcap",1657292801.418147,261,427,"99.178.354.341.427","99.178.354.341.427",3,1484,1430,1,0,0,0,1484,1430,1,1657292801.025336,"10.0.2.15","216.58.206.238","08:00:27:3A:52:ED","52:54:00:12:35:02",3,443,35116,0,0,0,50,0,50,0,50,0,50,0,0,0,4,0
100,3,"/home/pqv/data/video_website/youtube16.pcap",1657292801.418431,262,427,"99.178.354.341.427","99.178.354.341.427",3,54,0,1,54,0,1,0,0,0,1657292801.025336,"10.0.2.15","216.58.206.238","08:00:27:3A:52:ED","52:54:00:12:35:02",3,443,35116,0,0,0,284,284,0,284,0,284,0,0,0,0,4,0
100,3,"/home/pqv/data/video_website/youtube16.pcap",1657292801.420323,263,427,"99.178.354.341.427","99.178.354.341.427",3,1484,1430,1,0,0,0,1484,1430,1,1657292801.025336,"10.0.2.15","216.58.206.238","08:00:27:3A:52:ED","52:54:00:12:35:02",3,443,35116,0,0,0,1892,0,1892,0,1892,0,1892,0,0,0,4,0
100,3,"/home/pqv/data/video_website/youtube16.pcap",1657292801.420323,264,427,"99.178.354.341.427","99.178.354.341.427",3,2914,2860,1,0,0,0,2914,2860,1,1657292801.025336,"10.0.2.15","216.58.206.238","08:00:27:3A:52:ED","52:54:00:12:35:02",3,443,35116,0,0,0,0,0,0,0,0,0,0,0,0,0,4,0
100,3,"/home/pqv/data/video_website/youtube16.pcap",1657292801.420323,265,427,"99.178.354.341.427","99.178.354.341.427",3,1484,1430,1,0,0,0,1484,1430,1,1657292801.025336,"10.0.2.15","216.58.206.238","08:00:27:3A:52:ED","52:54:00:12:35:02",3,443,35116,0,0,0,0,0,0,0,0,0,0,0,0,0,4,0
100,3,"/home/pqv/data/video_website/youtube16.pcap",1657292801.420323,266,427,"99.178.354.341.427","99.178.354.341.427",3,1484,1430,1,0,0,0,1484,1430,1,1657292801.025336,"10.0.2.15","216.58.206.238","08:00:27:3A:52:ED","52:54:00:12:35:02",3,443,35116,0,0,0,0,0,0,0,0,0,0,0,0,0,4,0
100,3,"/home/pqv/data/video_website/youtube16.pcap",1657292801.420352,267,427,"99.178.354.341.427","99.178.354.341.427",3,54,0,1,54,0,1,0,0,0,1657292801.025336,"10.0.2.15","216.58.206.238","08:00:27:3A:52:ED","52:54:00:12:35:02",3,443,35116,0,0,0,29,29,0,29,0,29,0,0,0,0,4,0
100,3,"/home/pqv/data/video_website/youtube16.pcap",1657292801.420369,268,427,"99.178.354.341.427","99.178.354.341.427",3,54,0,1,54,0,1,0,0,0,1657292801.025336,"10.0.2.15","216.58.206.238","08:00:27:3A:52:ED","52:54:00:12:35:02",3,443,35116,0,0,0,17,46,0,46,0,46,0,0,0,0,4,0
100,3,"/home/pqv/data/video_website/youtube16.pcap",1657292801.420729,269,427,"99.178.354.341.427","99.178.354.341.427",3,54,0,1,54,0,1,0,0,0,1657292801.025336,"10.0.2.15","216.58.206.238","08:00:27:3A:52:ED","52:54:00:12:35:02",3,443,35116,0,0,0,360,406,0,406,0,406,0,0,0,0,4,0
100,3,"/home/pqv/data/video_website/youtube16.pcap",1657292801.421908,270,427,"99.178.354.341.427","99.178.354.341.427",3,14354,14300,1,0,0,0,14354,14300,1,1657292801.025336,"10.0.2.15","216.58.206.238","08:00:27:3A:52:ED","52:54:00:12:35:02",3,443,35116,0,0,0,1179,0,1179,0,1179,0,1179,0,0,0,4,0
100,3,"/home/pqv/data/video_website/youtube16.pcap",1657292801.422039,271,427,"99.178.354.341.427","99.178.354.341.427",3,8634,8580,1,0,0,0,8634,8580,1,1657292801.025336,"10.0.2.15","216.58.206.238","08:00:27:3A:52:ED","52:54:00:12:35:02",3,443,35116,0,0,0,131,0,0,0,0,0,0,0,0,0,4,0
100,3,"/home/pqv/data/video_website/youtube16.pcap",1657292801.422135,272,427,"99.178.354.341.427","99.178.354.341.427",3,4344,4290,1,0,0,0,4344,4290,1,1657292801.025336,"10.0.2.15","216.58.206.238","08:00:27:3A:52:ED","52:54:00:12:35:02",3,443,35116,0,0,0,96,0,0,0,0,0,0,0,0,0,4,0
100,3,"/home/pqv/data/video_website/youtube16.pcap",1657292801.422159,273,427,"99.178.354.341.427","99.178.354.341.427",3,54,0,1,54,0,1,0,0,0,1657292801.025336,"10.0.2.15","216.58.206.238","08:00:27:3A:52:ED","52:54:00:12:35:02",3,443,35116,0,0,0,24,24,0,24,0,24,0,0,0,0,4,0
100,3,"/home/pqv/data/video_website/youtube16.pcap",1657292801.422215,274,427,"99.178.354.341.427","99.178.354.341.427",3,5142,5088,1,0,0,0,5142,5088,1,1657292801.025336,"10.0.2.15","216.58.206.238","08:00:27:3A:52:ED","52:54:00:12:35:02",3,443,35116,0,0,0,56,0,56,0,56,0,56,0,0,0,4,0
100,3,"/home/pqv/data/video_website/youtube16.pcap",1657292801.422292,275,427,"99.178.354.341.427","99.178.354.341.427",3,54,0,1,54,0,1,0,0,0,1657292801.025336,"10.0.2.15","216.58.206.238","08:00:27:3A:52:ED","52:54:00:12:35:02",3,443,35116,0,0,0,77,77,0,77,0,77,0,0,0,0,4,0
100,3,"/home/pqv/data/video_website/youtube16.pcap",1657292801.567937,276,427,"99.178.354.341.427","99.178.354.341.427",3,445,391,1,0,0,0,445,391,1,1657292801.025336,"10.0.2.15","216.58.206.238","08:00:27:3A:52:ED","52:54:00:12:35:02",3,443,35116,0,0,0,145645,0,145645,0,145645,0,145645,0,0,0,4,0
100,3,"/home/pqv/data/video_website/youtube16.pcap",1657292801.568273,277,427,"99.178.354.341.427","99.178.354.341.427",3,54,0,1,54,0,1,0,0,0,1657292801.025336,"10.0.2.15","216.58.206.238","08:00:27:3A:52:ED","52:54:00:12:35:02",3,443,35116,0,0,0,336,336,0,336,0,336,0,0,0,0,4,0
100,3,"/home/pqv/data/video_website/youtube16.pcap",1657292801.582166,278,427,"99.178.354.341.427","99.178.354.341.427",3,14354,14300,1,0,0,0,14354,14300,1,1657292801.025336,"10.0.2.15","216.58.206.238","08:00:27:3A:52:ED","52:54:00:12:35:02",3,443,35116,0,0,0,13893,0,13893,0,13893,0,13893,0,0,0,4,0
100,3,"/home/pqv/data/video_website/youtube16.pcap",1657292801.582393,279,427,"99.178.354.341.427","99.178.354.341.427",3,4434,4380,1,0,0,0,4434,4380,1,1657292801.025336,"10.0.2.15","216.58.206.238","08:00:27:3A:52:ED","52:54:00:12:35:02",3,443,35116,0,0,0,227,0,0,0,0,0,0,0,0,0,4,0
100,3,"/home/pqv/data/video_website/youtube16.pcap",1657292801.582607,280,427,"99.178.354.341.427","99.178.354.341.427",3,54,0,1,54,0,1,0,0,0,1657292801.025336,"10.0.2.15","216.58.206.238","08:00:27:3A:52:ED","52:54:00:12:35:02",3,443,35116,0,0,0,214,214,0,214,0,214,0,0,0,0,4,0
100,3,"/home/pqv/data/video_website/youtube16.pcap",1657292801.582855,281,427,"99.178.354.341.427","99.178.354.341.427",3,4254,4200,1,0,0,0,4254,4200,1,1657292801.025336,"10.0.2.15","216.58.206.238","08:00:27:3A:52:ED","52:54:00:12:35:02",3,443,35116,0,0,0,248,0,248,0,248,0,248,0,0,0,4,0
100,3,"/home/pqv/data/video_website/youtube16.pcap",1657292801.582855,282,427,"99.178.354.341.427","99.178.354.341.427",3,7204,7150,1,0,0,0,7204,7150,1,1657292801.025336,"10.0.2.15","216.58.206.238","08:00:27:3A:52:ED","52:54:00:12:35:02",3,443,35116,0,0,0,0,0,0,0,0,0,0,0,0,0,4,0
100,3,"/home/pqv/data/video_website/youtube16.pcap",1657292801.582929,283,427,"99.178.354.341.427","99.178.354.341.427",3,3328,3274,1,0,0,0,3328,3274,1,1657292801.025336,"10.0.2.15","216.58.206.238","08:00:27:3A:52:ED","52:54:00:12:35:02",3,443,35116,0,0,0,74,0,0,0,0,0,0,0,0,0,4,0
100,3,"/home/pqv/data/video_website/youtube16.pcap",1657292801.583023,284,427,"99.178.354.341.427","99.178.354.341.427",3,54,0,1,54,0,1,0,0,0,1657292801.025336,"10.0.2.15","216.58.206.238","08:00:27:3A:52:ED","52:54:00:12:35:02",3,443,35116,0,0,0,94,94,0,94,0,94,0,0,0,0,4,0
100,3,"/home/pqv/data/video_website/youtube16.pcap",1657292801.583334,285,427,"99.178.354.341.427","99.178.354.341.427",3,1484,1430,1,0,0,0,1484,1430,1,1657292801.025336,"10.0.2.15","216.58.206.238","08:00:27:3A:52:ED","52:54:00:12:35:02",3,443,35116,0,0,0,311,0,311,0,311,0,311,0,0,0,4,0
100,3,"/home/pqv/data/video_website/youtube16.pcap",1657292801.583335,286,427,"99.178.354.341.427","99.178.354.341.427",3,1484,1430,1,0,0,0,1484,1430,1,1657292801.025336,"10.0.2.15","216.58.206.238","08:00:27:3A:52:ED","52:54:00:12:35:02",3,443,35116,0,0,0,1,0,0,0,0,0,0,0,0,0,4,0
100,3,"/home/pqv/data/video_website/youtube16.pcap",1657292801.583832,287,427,"99.178.354.341.427","99.178.354.341.427",3,2914,2860,1,0,0,0,2914,2860,1,1657292801.025336,"10.0.2.15","216.58.206.238","08:00:27:3A:52:ED","52:54:00:12:35:02",3,443,35116,0,0,0,497,0,0,0,0,0,0,0,0,0,4,0
100,3,"/home/pqv/data/video_website/youtube16.pcap",1657292801.583832,288,427,"99.178.354.341.427","99.178.354.341.427",3,1484,1430,1,0,0,0,1484,1430,1,1657292801.025336,"10.0.2.15","216.58.206.238","08:00:27:3A:52:ED","52:54:00:12:35:02",3,443,35116,0,0,0,0,0,0,0,0,0,0,0,0,0,4,0
100,3,"/home/pqv/data/video_website/youtube16.pcap",1657292801.585003,289,427,"99.178.354.341.427","99.178.354.341.427",3,4344,4290,1,0,0,0,4344,4290,1,1657292801.025336,"10.0.2.15","216.58.206.238","08:00:27:3A:52:ED","52:54:00:12:35:02",3,443,35116,0,0,0,1171,0,0,0,0,0,0,0,0,0,4,0
100,3,"/home/pqv/data/video_website/youtube16.pcap",1657292801.585468,290,427,"99.178.354.341.427","99.178.354.341.427",3,14354,14300,1,0,0,0,14354,14300,1,1657292801.025336,"10.0.2.15","216.58.206.238","08:00:27:3A:52:ED","52:54:00:12:35:02",3,443,35116,0,0,0,465,0,0,0,0,0,0,0,0,0,4,0
100,3,"/home/pqv/data/video_website/youtube16.pcap",1657292801.585563,291,427,"99.178.354.341.427","99.178.354.341.427",3,7235,7181,1,0,0,0,7235,7181,1,1657292801.025336,"10.0.2.15","216.58.206.238","08:00:27:3A:52:ED","52:54:00:12:35:02",3,443,35116,0,0,0,95,0,0,0,0,0,0,0,0,0,4,0
100,3,"/home/pqv/data/video_website/youtube16.pcap",1657292801.585673,292,427,"99.178.354.341.427","99.178.354.341.427",3,54,0,1,54,0,1,0,0,0,1657292801.025336,"10.0.2.15","216.58.206.238","08:00:27:3A:52:ED","52:54:00:12:35:02",3,443,35116,0,0,0,110,110,0,110,0,110,0,0,0,0,4,0
100,3,"/home/pqv/data/video_website/youtube16.pcap",1657292801.586045,293,427,"99.178.354.341.427","99.178.354.341.427",3,5774,5720,1,0,0,0,5774,5720,1,1657292801.025336,"10.0.2.15","216.58.206.238","08:00:27:3A:52:ED","52:54:00:12:35:02",3,443,35116,0,0,0,372,0,372,0,372,0,372,0,0,0,4,0
100,3,"/home/pqv/data/video_website/youtube16.pcap",1657292801.586046,294,427,"99.178.354.341.427","99.178.354.341.427",3,1484,1430,1,0,0,0,1484,1430,1,1657292801.025336,"10.0.2.15","216.58.206.238","08:00:27:3A:52:ED","52:54:00:12:35:02",3,443,35116,0,0,0,1,0,0,0,0,0,0,0,0,0,4,0
100,3,"/home/pqv/data/video_website/youtube16.pcap",1657292801.586285,295,427,"99.178.354.341.427","99.178.354.341.427",3,54,0,1,54,0,1,0,0,0,1657292801.025336,"10.0.2.15","216.58.206.238","08:00:27:3A:52:ED","52:54:00:12:35:02",3,443,35116,0,0,0,239,239,0,239,0,239,0,0,0,0,4,0
100,3,"/home/pqv/data/video_website/youtube16.pcap",1657292801.586376,296,427,"99.178.354.341.427","99.178.354.341.427",3,1484,1430,1,0,0,0,1484,1430,1,1657292801.025336,"10.0.2.15","216.58.206.238","08:00:27:3A:52:ED","52:54:00:12:35:02",3,443,35116,0,0,0,91,0,91,0,91,0,91,0,0,0,4,0
100,3,"/home/pqv/data/video_website/youtube16.pcap",1657292801.586376,297,427,"99.178.354.341.427","99.178.354.341.427",3,1484,1430,1,0,0,0,1484,1430,1,1657292801.025336,"10.0.2.15","216.58.206.238","08:00:27:3A:52:ED","52:54:00:12:35:02",3,443,35116,0,0,0,0,0,0,0,0,0,0,0,0,0,4,0
100,3,"/home/pqv/data/video_website/youtube16.pcap",1657292801.586376,298,427,"99.178.354.341.427","99.178.354.341.427",3,1484,1430,1,0,0,0,1484,1430,1,1657292801.025336,"10.0.2.15","216.58.206.238","08:00:27:3A:52:ED","52:54:00:12:35:02",3,443,35116,0,0,0,0,0,0,0,0,0,0,0,0,0,4,0
100,3,"/home/pqv/data/video_website/youtube16.pcap",1657292801.586611,299,427,"99.178.354.341.427","99.178.354.341.427",3,54,0,1,54,0,1,0,0,0,1657292801.025336,"10.0.2.15","216.58.206.238","08:00:27:3A:52:ED","52:54:00:12:35:02",3,443,35116,0,0,0,235,235,0,235,0,235,0,0,0,0,4,0
100,3,"/home/pqv/data/video_website/youtube16.pcap",1657292801.586827,300,427,"99.178.354.341.427","99.178.354.341.427",3,1484,1430,1,0,0,0,1484,1430,1,1657292801.025336,"10.0.2.15","216.58.206.238","08:00:27:3A:52:ED","52:54:00:12:35:02",3,443,35116,0,0,0,216,0,216,0,216,0,216,0,0,0,4,0
100,3,"/home/pqv/data/video_website/youtube16.pcap",1657292801.586828,301,427,"99.178.354.341.427","99.178.354.341.427",3,5774,5720,1,0,0,0,5774,5720,1,1657292801.025336,"10.0.2.15","216.58.206.238","08:00:27:3A:52:ED","52:54:00:12:35:02",3,443,35116,0,0,0,1,0,0,0,0,0,0,0,0,0,4,0
100,3,"/home/pqv/data/video_website/youtube16.pcap",1657292801.586828,302,427,"99.178.354.341.427","99.178.354.341.427",3,2914,2860,1,0,0,0,2914,2860,1,1657292801.025336,"10.0.2.15","216.58.206.238","08:00:27:3A:52:ED","52:54:00:12:35:02",3,443,35116,0,0,0,0,0,0,0,0,0,0,0,0,0,4,0
100,3,"/home/pqv/data/video_website/youtube16.pcap",1657292801.586848,303,427,"99.178.354.341.427","99.178.354.341.427",3,54,0,1,54,0,1,0,0,0,1657292801.025336,"10.0.2.15","216.58.206.238","08:00:27:3A:52:ED","52:54:00:12:35:02",3,443,35116,0,0,0,20,20,0,20,0,20,0,0,0,0,4,0
100,3,"/home/pqv/data/video_website/youtube16.pcap",1657292801.586880,304,427,"99.178.354.341.427","99.178.354.341.427",3,1484,1430,1,0,0,0,1484,1430,1,1657292801.025336,"10.0.2.15","216.58.206.238","08:00:27:3A:52:ED","52:54:00:12:35:02",3,443,35116,0,0,0,32,0,32,0,32,0,32,0,0,0,4,0
100,3,"/home/pqv/data/video_website/youtube16.pcap",1657292801.586986,305,427,"99.178.354.341.427","99.178.354.341.427",3,13194,13140,1,0,0,0,13194,13140,1,1657292801.025336,"10.0.2.15","216.58.206.238","08:00:27:3A:52:ED","52:54:00:12:35:02",3,443,35116,0,0,0,106,0,0,0,0,0,0,0,0,0,4,0
100,3,"/home/pqv/data/video_website/youtube16.pcap",1657292801.587027,306,427,"99.178.354.341.427","99.178.354.341.427",3,4474,4420,1,0,0,0,4474,4420,1,1657292801.025336,"10.0.2.15","216.58.206.238","08:00:27:3A:52:ED","52:54:00:12:35:02",3,443,35116,0,0,0,41,0,0,0,0,0,0,0,0,0,4,0
100,3,"/home/pqv/data/video_website/youtube16.pcap",1657292801.587027,307,427,"99.178.354.341.427","99.178.354.341.427",3,11494,11440,1,0,0,0,11494,11440,1,1657292801.025336,"10.0.2.15","216.58.206.238","08:00:27:3A:52:ED","52:54:00:12:35:02",3,443,35116,0,0,0,0,0,0,0,0,0,0,0,0,0,4,0
100,3,"/home/pqv/data/video_website/youtube16.pcap",1657292801.587046,308,427,"99.178.354.341.427","99.178.354.341.427",3,2914,2860,1,0,0,0,2914,2860,1,1657292801.025336,"10.0.2.15","216.58.206.238","08:00:27:3A:52:ED","52:54:00:12:35:02",3,443,35116,0,0,0,19,0,0,0,0,0,0,0,0,0,4,0
100,3,"/home/pqv/data/video_website/youtube16.pcap",1657292801.587046,309,427,"99.178.354.341.427","99.178.354.341.427",3,4344,4290,1,0,0,0,4344,4290,1,1657292801.025336,"10.0.2.15","216.58.206.238","08:00:27:3A:52:ED","52:54:00:12:35:02",3,443,35116,0,0,0,0,0,0,0,0,0,0,0,0,0,4,0
100,3,"/home/pqv/data/video_website/youtube16.pcap",1657292801.587046,310,427,"99.178.354.341.427","99.178.354.341.427",3,1484,1430,1,0,0,0,1484,1430,1,1657292801.025336,"10.0.2.15","216.58.206.238","08:00:27:3A:52:ED","52:54:00:12:35:02",3,443,35116,0,0,0,0,0,0,0,0,0,0,0,0,0,4,0
100,3,"/home/pqv/data/video_website/youtube16.pcap",1657292801.587065,311,427,"99.178.354.341.427","99.178.354.341.427",3,54,0,1,54,0,1,0,0,0,1657292801.025336,"10.0.2.15","216.58.206.238","08:00:27:3A:52:ED","52:54:00:12:35:02",3,443,35116,0,0,0,19,19,0,19,0,19,0,0,0,0,4,0
100,3,"/home/pqv/data/video_website/youtube16.pcap",1657292801.587098,312,427,"99.178.354.341.427","99.178.354.341.427",3,2914,2860,1,0,0,0,2914,2860,1,1657292801.025336,"10.0.2.15","216.58.206.238","08:00:27:3A:52:ED","52:54:00:12:35:02",3,443,35116,0,0,0,33,0,33,0,33,0,33,0,0,0,4,0
100,3,"/home/pqv/data/video_website/youtube16.pcap",1657292801.587115,313,427,"99.178.354.341.427","99.178.354.341.427",3,54,0,1,54,0,1,0,0,0,1657292801.025336,"10.0.2.15","216.58.206.238","08:00:27:3A:52:ED","52:54:00:12:35:02",3,443,35116,0,0,0,17,17,0,17,0,17,0,0,0,0,4,0
100,3,"/home/pqv/data/video_website/youtube16.pcap",1657292801.590340,314,427,"99.178.354.341.427","99.178.354.341.427",3,40934,40880,1,0,0,0,40934,40880,1,1657292801.025336,"10.0.2.15","216.58.206.238","08:00:27:3A:52:ED","52:54:00:12:35:02",3,443,35116,0,0,0,3225,0,3225,0,3225,0,3225,0,0,0,4,0
100,3,"/home/pqv/data/video_website/youtube16.pcap",1657292801.590355,315,427,"99.178.354.341.427","99.178.354.341.427",3,54,0,1,54,0,1,0,0,0,1657292801.025336,"10.0.2.15","216.58.206.238","08:00:27:3A:52:ED","52:54:00:12:35:02",3,443,35116,0,0,0,15,15,0,15,0,15,0,0,0,0,4,0
100,3,"/home/pqv/data/video_website/youtube16.pcap",1657292801.590415,316,427,"99.178.354.341.427","99.178.354.341.427",3,21954,21900,1,0,0,0,21954,21900,1,1657292801.025336,"10.0.2.15","216.58.206.238","08:00:27:3A:52:ED","52:54:00:12:35:02",3,443,35116,0,0,0,60,0,60,0,60,0,60,0,0,0,4,0
100,3,"/home/pqv/data/video_website/youtube16.pcap",1657292801.590427,317,427,"99.178.354.341.427","99.178.354.341.427",3,1514,1460,1,0,0,0,1514,1460,1,1657292801.025336,"10.0.2.15","216.58.206.238","08:00:27:3A:52:ED","52:54:00:12:35:02",3,443,35116,0,0,0,12,0,0,0,0,0,0,0,0,0,4,0
100,3,"/home/pqv/data/video_website/youtube16.pcap",1657292801.590457,318,427,"99.178.354.341.427","99.178.354.341.427",3,54,0,1,54,0,1,0,0,0,1657292801.025336,"10.0.2.15","216.58.206.238","08:00:27:3A:52:ED","52:54:00:12:35:02",3,443,35116,0,0,0,30,30,0,30,0,30,0,0,0,0,4,0
100,3,"/home/pqv/data/video_website/youtube16.pcap",1657292801.590527,319,427,"99.178.354.341.427","99.178.354.341.427",3,1514,1460,1,0,0,0,1514,1460,1,1657292801.025336,"10.0.2.15","216.58.206.238","08:00:27:3A:52:ED","52:54:00:12:35:02",3,443,35116,0,0,0,70,0,70,0,70,0,70,0,0,0,4,0
100,3,"/home/pqv/data/video_website/youtube16.pcap",1657292801.590527,320,427,"99.178.354.341.427","99.178.354.341.427",3,8814,8760,1,0,0,0,8814,8760,1,1657292801.025336,"10.0.2.15","216.58.206.238","08:00:27:3A:52:ED","52:54:00:12:35:02",3,443,35116,0,0,0,0,0,0,0,0,0,0,0,0,0,4,0
100,3,"/home/pqv/data/video_website/youtube16.pcap",1657292801.590559,321,427,"99.178.354.341.427","99.178.354.341.427",3,54,0,1,54,0,1,0,0,0,1657292801.025336,"10.0.2.15","216.58.206.238","08:00:27:3A:52:ED","52:54:00:12:35:02",3,443,35116,0,0,0,32,32,0,32,0,32,0,0,0,0,4,0
100,3,"/home/pqv/data/video_website/youtube16.pcap",1657292801.590675,322,427,"99.178.354.341.427","99.178.354.341.427",3,5454,5400,1,0,0,0,5454,5400,1,1657292801.025336,"10.0.2.15","216.58.206.238","08:00:27:3A:52:ED","52:54:00:12:35:02",3,443,35116,0,0,0,116,0,116,0,116,0,116,0,0,0,4,0
100,3,"/home/pqv/data/video_website/youtube16.pcap",1657292801.590701,323,427,"99.178.354.341.427","99.178.354.341.427",3,54,0,1,54,0,1,0,0,0,1657292801.025336,"10.0.2.15","216.58.206.238","08:00:27:3A:52:ED","52:54:00:12:35:02",3,443,35116,0,0,0,26,26,0,26,0,26,0,0,0,0,4,0
